Order_ID,Order_Date,Carrier,Route,Region,Shipment_Type,Promised_TAT_Days,Actual_TAT_Days,On_Time,In_Full,OTIF,Freight_Cost_INR,Service_Failure_Reason,TAT_Delay
ORD100000,2024-12-12,BlueDart,Mumbai-Chennai,West,Economy,7,7,TRUE,TRUE,TRUE,230.4,None,0
ORD100001,2024-10-14,BlueDart,Bhopal-Indore,Central,Economy,7,7,TRUE,FALSE,FALSE,207.62,Weather Delay,0
ORD100002,2024-04-20,DTDC,Kolkata-Delhi,North,Standard,3,7,FALSE,TRUE,FALSE,768.17,Vehicle Breakdown,4
ORD100003,2024-05-15,BlueDart,Jaipur-Ahmedabad,North,Express,2,2,TRUE,TRUE,TRUE,823.47,None,0
ORD100004,2024-12-04,XpressBees,Delhi-Mumbai,North,Economy,6,8,FALSE,TRUE,FALSE,422.26,Weather Delay,2
ORD100005,2024-12-09,Ekart,Kolkata-Delhi,North,Express,1,3,FALSE,TRUE,FALSE,1232.85,Vehicle Breakdown,2
ORD100006,2024-08-24,BlueDart,Chennai-Pune,South,Economy,8,8,TRUE,TRUE,TRUE,208.77,None,0
ORD100007,2024-01-17,Ekart,Lucknow-Patna,East,Economy,8,11,FALSE,TRUE,FALSE,360.49,None,3
ORD100008,2024-11-25,XpressBees,Jaipur-Ahmedabad,North,Standard,3,3,TRUE,TRUE,TRUE,581.47,None,0
ORD100009,2024-10-26,Delhivery,Surat-Nagpur,West,Standard,3,3,TRUE,TRUE,TRUE,453.51,None,0
ORD100010,2024-11-01,DTDC,Lucknow-Patna,East,Standard,4,6,FALSE,FALSE,FALSE,680.38,Customs Hold,2
ORD100011,2024-10-01,XpressBees,Mumbai-Chennai,West,Standard,5,6,FALSE,TRUE,FALSE,516.54,Driver Shortage,1
ORD100012,2024-05-14,Ekart,Chennai-Pune,South,Express,2,3,FALSE,TRUE,FALSE,765.55,Driver Shortage,1
ORD100013,2024-04-11,Delhivery,Bhopal-Indore,Central,Economy,6,6,TRUE,TRUE,TRUE,220.34,None,0
ORD100014,2024-07-04,Ekart,Bangalore-Hyderabad,South,Express,1,1,TRUE,TRUE,TRUE,784.02,None,0
ORD100015,2024-02-05,Delhivery,Chennai-Pune,South,Express,1,1,TRUE,TRUE,TRUE,847.62,None,0
ORD100016,2024-08-04,Delhivery,Bhopal-Indore,Central,Express,2,2,TRUE,TRUE,TRUE,913.31,None,0
ORD100017,2024-04-25,DTDC,Kolkata-Delhi,North,Economy,8,11,FALSE,TRUE,FALSE,419.05,Vehicle Breakdown,3
ORD100018,2024-02-04,Ekart,Mumbai-Chennai,West,Express,1,1,TRUE,FALSE,FALSE,885.33,None,0
ORD100019,2024-05-04,Ekart,Delhi-Mumbai,North,Express,1,4,FALSE,TRUE,FALSE,1237.93,Customs Hold,3
ORD100020,2024-11-30,XpressBees,Surat-Nagpur,West,Express,1,2,FALSE,TRUE,FALSE,1078.01,None,1
ORD100021,2024-04-08,BlueDart,Mumbai-Chennai,West,Standard,5,5,TRUE,TRUE,TRUE,414.83,None,0
ORD100022,2024-01-26,DTDC,Kolkata-Delhi,North,Standard,3,5,FALSE,TRUE,FALSE,832.26,Weather Delay,2
ORD100023,2024-07-24,BlueDart,Bhopal-Indore,Central,Express,1,1,TRUE,TRUE,TRUE,846.83,None,0
ORD100024,2024-10-11,Delhivery,Delhi-Mumbai,North,Standard,3,5,FALSE,TRUE,FALSE,661.31,Driver Shortage,2
ORD100025,2024-10-04,Delhivery,Surat-Nagpur,West,Express,2,2,TRUE,TRUE,TRUE,863.46,None,0
ORD100026,2024-04-05,Ekart,Delhi-Mumbai,North,Express,1,5,FALSE,TRUE,FALSE,1231.84,Weather Delay,4
ORD100027,2024-02-11,DTDC,Mumbai-Chennai,West,Express,1,2,FALSE,TRUE,FALSE,1048.13,None,1
ORD100028,2024-06-10,DTDC,Lucknow-Patna,East,Economy,8,11,FALSE,TRUE,FALSE,327.59,Customs Hold,3
ORD100029,2024-05-15,BlueDart,Mumbai-Chennai,West,Standard,5,5,TRUE,TRUE,TRUE,424.18,None,0
ORD100030,2024-10-05,Ekart,Bangalore-Hyderabad,South,Express,1,1,TRUE,TRUE,TRUE,839.49,None,0
ORD100031,2024-05-15,DTDC,Chennai-Pune,South,Economy,8,8,TRUE,TRUE,TRUE,265.2,None,0
ORD100032,2024-06-24,BlueDart,Mumbai-Chennai,West,Economy,8,8,TRUE,TRUE,TRUE,224.61,None,0
ORD100033,2024-03-07,Ekart,Kolkata-Delhi,North,Economy,7,9,FALSE,TRUE,FALSE,299.93,None,2
ORD100034,2024-03-17,Delhivery,Chennai-Pune,South,Economy,7,8,FALSE,TRUE,FALSE,202.92,Driver Shortage,1
ORD100035,2024-07-05,BlueDart,Bhopal-Indore,Central,Standard,5,5,TRUE,TRUE,TRUE,408.76,None,0
ORD100036,2024-03-20,Ekart,Delhi-Mumbai,North,Express,1,4,FALSE,TRUE,FALSE,1341.28,Driver Shortage,3
ORD100037,2024-05-07,Delhivery,Kolkata-Delhi,North,Express,2,3,FALSE,TRUE,FALSE,1292.22,Driver Shortage,1
ORD100038,2024-08-23,Delhivery,Chennai-Pune,South,Economy,6,7,FALSE,TRUE,FALSE,235.78,None,1
ORD100039,2024-05-22,Ekart,Jaipur-Ahmedabad,North,Express,1,1,TRUE,TRUE,TRUE,832.74,None,0
ORD100040,2024-02-29,Ekart,Mumbai-Chennai,West,Standard,5,6,FALSE,TRUE,FALSE,480.93,Weather Delay,1
ORD100041,2024-06-09,Delhivery,Chennai-Pune,South,Economy,7,7,TRUE,TRUE,TRUE,217.12,None,0
ORD100042,2024-12-09,DTDC,Lucknow-Patna,East,Economy,6,10,FALSE,TRUE,FALSE,397.34,Driver Shortage,4
ORD100043,2024-06-07,Ekart,Kolkata-Delhi,North,Standard,3,6,FALSE,TRUE,FALSE,623.91,High Volume Surge,3
ORD100044,2024-11-11,Ekart,Lucknow-Patna,East,Standard,5,7,FALSE,TRUE,FALSE,658.46,Vehicle Breakdown,2
ORD100045,2024-10-23,Ekart,Kochi-Coimbatore,South,Standard,5,5,TRUE,TRUE,TRUE,423.92,None,0
ORD100046,2024-03-27,Ekart,Kochi-Coimbatore,South,Standard,4,5,FALSE,TRUE,FALSE,451.01,Driver Shortage,1
ORD100047,2024-04-30,Ekart,Mumbai-Chennai,West,Economy,8,8,TRUE,TRUE,TRUE,239.89,None,0
ORD100048,2024-08-21,Delhivery,Chennai-Pune,South,Express,1,1,TRUE,FALSE,FALSE,932.27,Weather Delay,0
ORD100049,2024-04-22,DTDC,Lucknow-Patna,East,Express,2,5,FALSE,FALSE,FALSE,1754.97,Customs Hold,3
ORD100050,2024-10-13,DTDC,Bangalore-Hyderabad,South,Standard,3,5,FALSE,TRUE,FALSE,468.82,High Volume Surge,2
ORD100051,2024-08-31,Ekart,Kochi-Coimbatore,South,Standard,5,6,FALSE,TRUE,FALSE,454.31,Driver Shortage,1
ORD100052,2024-05-26,Ekart,Surat-Nagpur,West,Express,2,3,FALSE,TRUE,FALSE,811.68,None,1
ORD100053,2024-07-31,Ekart,Kolkata-Delhi,North,Standard,4,7,FALSE,TRUE,FALSE,640.12,Weather Delay,3
ORD100054,2024-01-11,Ekart,Lucknow-Patna,East,Economy,7,9,FALSE,TRUE,FALSE,339.13,Driver Shortage,2
ORD100055,2024-10-06,XpressBees,Kochi-Coimbatore,South,Standard,3,4,FALSE,TRUE,FALSE,623.67,Driver Shortage,1
ORD100056,2024-06-21,Delhivery,Kochi-Coimbatore,South,Standard,3,3,TRUE,TRUE,TRUE,407.61,None,0
ORD100057,2024-08-07,Delhivery,Lucknow-Patna,East,Standard,3,6,FALSE,TRUE,FALSE,686.58,None,3
ORD100058,2024-08-03,XpressBees,Bangalore-Hyderabad,South,Express,1,3,FALSE,TRUE,FALSE,979.4,Address Issue,2
ORD100059,2024-11-28,BlueDart,Chennai-Pune,South,Standard,3,3,TRUE,TRUE,TRUE,436.5,None,0
ORD100060,2024-05-02,BlueDart,Mumbai-Chennai,West,Express,1,1,TRUE,TRUE,TRUE,870.63,None,0
ORD100061,2024-02-28,XpressBees,Bangalore-Hyderabad,South,Economy,6,8,FALSE,TRUE,FALSE,246.63,Driver Shortage,2
ORD100062,2024-07-11,Ekart,Bangalore-Hyderabad,South,Express,1,1,TRUE,TRUE,TRUE,919.36,None,0
ORD100063,2024-06-26,Delhivery,Lucknow-Patna,East,Express,1,2,FALSE,TRUE,FALSE,1162.75,Weather Delay,1
ORD100064,2024-11-21,XpressBees,Bhopal-Indore,Central,Economy,7,7,TRUE,FALSE,FALSE,259.97,Address Issue,0
ORD100065,2024-09-04,Delhivery,Surat-Nagpur,West,Standard,3,3,TRUE,TRUE,TRUE,487.77,None,0
ORD100066,2024-08-25,XpressBees,Surat-Nagpur,West,Economy,8,9,FALSE,TRUE,FALSE,255.52,Vehicle Breakdown,1
ORD100067,2024-06-23,DTDC,Kochi-Coimbatore,South,Economy,7,8,FALSE,TRUE,FALSE,255.66,Address Issue,1
ORD100068,2024-05-03,DTDC,Chennai-Pune,South,Economy,7,9,FALSE,TRUE,FALSE,237.45,High Volume Surge,2
ORD100069,2024-10-24,XpressBees,Surat-Nagpur,West,Standard,3,3,TRUE,TRUE,TRUE,535.66,None,0
ORD100070,2024-05-08,XpressBees,Jaipur-Ahmedabad,North,Economy,8,10,FALSE,TRUE,FALSE,258.33,Address Issue,2
ORD100071,2024-09-04,BlueDart,Kolkata-Delhi,North,Economy,6,8,FALSE,TRUE,FALSE,362.02,None,2
ORD100072,2024-09-30,DTDC,Chennai-Pune,South,Economy,8,9,FALSE,TRUE,FALSE,247.94,Driver Shortage,1
ORD100073,2024-09-08,Ekart,Bangalore-Hyderabad,South,Express,1,1,TRUE,TRUE,TRUE,786.47,None,0
ORD100074,2024-09-01,BlueDart,Mumbai-Chennai,West,Economy,7,8,FALSE,TRUE,FALSE,212.99,Address Issue,1
ORD100075,2024-03-18,BlueDart,Mumbai-Chennai,West,Standard,4,4,TRUE,TRUE,TRUE,466.78,None,0
ORD100076,2024-11-12,DTDC,Bangalore-Hyderabad,South,Standard,3,3,TRUE,TRUE,TRUE,542.69,None,0
ORD100077,2024-11-16,DTDC,Kolkata-Delhi,North,Standard,4,8,FALSE,TRUE,FALSE,856.52,Vehicle Breakdown,4
ORD100078,2024-08-28,Ekart,Kolkata-Delhi,North,Economy,6,7,FALSE,TRUE,FALSE,262.01,High Volume Surge,1
ORD100079,2024-12-17,BlueDart,Chennai-Pune,South,Express,2,2,TRUE,TRUE,TRUE,842.19,None,0
ORD100080,2024-02-06,Ekart,Kolkata-Delhi,North,Economy,8,11,FALSE,TRUE,FALSE,331.45,Vehicle Breakdown,3
ORD100081,2024-09-13,Delhivery,Delhi-Mumbai,North,Standard,5,8,FALSE,TRUE,FALSE,622.87,Address Issue,3
ORD100082,2024-04-27,XpressBees,Bhopal-Indore,Central,Standard,3,5,FALSE,TRUE,FALSE,572.75,None,2
ORD100083,2024-04-02,DTDC,Kochi-Coimbatore,South,Express,2,4,FALSE,TRUE,FALSE,968.44,Address Issue,2
ORD100084,2024-07-29,XpressBees,Kochi-Coimbatore,South,Economy,7,8,FALSE,TRUE,FALSE,265.4,Address Issue,1
ORD100085,2024-06-14,Ekart,Surat-Nagpur,West,Economy,7,7,TRUE,TRUE,TRUE,211.84,None,0
ORD100086,2024-08-14,XpressBees,Mumbai-Chennai,West,Economy,6,9,FALSE,TRUE,FALSE,243.34,Driver Shortage,3
ORD100087,2024-05-02,Delhivery,Delhi-Mumbai,North,Standard,5,6,FALSE,TRUE,FALSE,627.83,High Volume Surge,1
ORD100088,2024-03-01,Ekart,Bangalore-Hyderabad,South,Economy,6,7,FALSE,TRUE,FALSE,241.66,Customs Hold,1
ORD100089,2024-07-15,XpressBees,Bangalore-Hyderabad,South,Economy,7,9,FALSE,TRUE,FALSE,261.77,Vehicle Breakdown,2
ORD100090,2024-01-02,DTDC,Kolkata-Delhi,North,Economy,8,9,FALSE,TRUE,FALSE,422.92,None,1
ORD100091,2024-10-09,Ekart,Chennai-Pune,South,Economy,8,9,FALSE,TRUE,FALSE,217.65,Address Issue,1
ORD100092,2024-01-23,XpressBees,Bhopal-Indore,Central,Standard,4,4,TRUE,TRUE,TRUE,544.46,None,0
ORD100093,2024-08-13,XpressBees,Jaipur-Ahmedabad,North,Economy,7,8,FALSE,TRUE,FALSE,243.74,Weather Delay,1
ORD100094,2024-06-22,DTDC,Mumbai-Chennai,West,Standard,3,5,FALSE,TRUE,FALSE,515.64,Address Issue,2
ORD100095,2024-01-19,XpressBees,Kochi-Coimbatore,South,Economy,6,8,FALSE,TRUE,FALSE,290.47,High Volume Surge,2
ORD100096,2024-02-20,BlueDart,Kochi-Coimbatore,South,Express,2,2,TRUE,TRUE,TRUE,838.78,None,0
ORD100097,2024-08-08,XpressBees,Mumbai-Chennai,West,Express,2,2,TRUE,TRUE,TRUE,917.8,None,0
ORD100098,2024-07-14,Delhivery,Bangalore-Hyderabad,South,Economy,7,7,TRUE,TRUE,TRUE,201.47,None,0
ORD100099,2024-08-23,Delhivery,Kochi-Coimbatore,South,Standard,5,5,TRUE,TRUE,TRUE,462.41,None,0
ORD100100,2024-10-27,BlueDart,Chennai-Pune,South,Standard,4,4,TRUE,TRUE,TRUE,490.07,None,0
ORD100101,2024-10-19,XpressBees,Chennai-Pune,South,Economy,7,8,FALSE,TRUE,FALSE,258.06,None,1
ORD100102,2024-01-26,DTDC,Jaipur-Ahmedabad,North,Standard,5,6,FALSE,TRUE,FALSE,529.24,Driver Shortage,1
ORD100103,2024-12-14,XpressBees,Kochi-Coimbatore,South,Standard,3,5,FALSE,TRUE,FALSE,486.57,Driver Shortage,2
ORD100104,2024-10-23,BlueDart,Bangalore-Hyderabad,South,Economy,8,8,TRUE,TRUE,TRUE,217.4,None,0
ORD100105,2024-03-08,Delhivery,Jaipur-Ahmedabad,North,Express,2,2,TRUE,TRUE,TRUE,794.86,None,0
ORD100106,2024-09-03,Ekart,Bhopal-Indore,Central,Economy,8,8,TRUE,TRUE,TRUE,209.31,None,0
ORD100107,2024-12-12,Ekart,Chennai-Pune,South,Express,2,2,TRUE,TRUE,TRUE,929.31,None,0
ORD100108,2024-07-09,DTDC,Lucknow-Patna,East,Standard,3,5,FALSE,TRUE,FALSE,825.52,Driver Shortage,2
ORD100109,2024-02-02,Delhivery,Mumbai-Chennai,West,Standard,3,3,TRUE,TRUE,TRUE,424.92,None,0
ORD100110,2024-06-04,Ekart,Surat-Nagpur,West,Economy,7,7,TRUE,TRUE,TRUE,239.64,None,0
ORD100111,2024-12-22,BlueDart,Surat-Nagpur,West,Express,1,1,TRUE,TRUE,TRUE,828.07,None,0
ORD100112,2024-01-17,XpressBees,Bhopal-Indore,Central,Economy,8,10,FALSE,TRUE,FALSE,288.89,Address Issue,2
ORD100113,2024-12-17,Delhivery,Jaipur-Ahmedabad,North,Standard,4,4,TRUE,TRUE,TRUE,413.94,None,0
ORD100114,2024-12-05,DTDC,Jaipur-Ahmedabad,North,Economy,7,8,FALSE,TRUE,FALSE,310.16,Weather Delay,1
ORD100115,2024-06-17,DTDC,Kolkata-Delhi,North,Express,1,3,FALSE,TRUE,FALSE,1481.02,Vehicle Breakdown,2
ORD100116,2024-01-14,DTDC,Bangalore-Hyderabad,South,Express,2,2,TRUE,TRUE,TRUE,987.21,None,0
ORD100117,2024-08-03,BlueDart,Bangalore-Hyderabad,South,Standard,3,3,TRUE,FALSE,FALSE,428.88,None,0
ORD100118,2024-09-14,BlueDart,Bhopal-Indore,Central,Economy,6,7,FALSE,TRUE,FALSE,213.93,Customs Hold,1
ORD100119,2024-02-07,DTDC,Kolkata-Delhi,North,Express,2,6,FALSE,FALSE,FALSE,1502.33,Customs Hold,4
ORD100120,2024-10-26,Ekart,Mumbai-Chennai,West,Economy,6,6,TRUE,TRUE,TRUE,225.47,None,0
ORD100121,2024-02-20,Ekart,Bhopal-Indore,Central,Standard,5,5,TRUE,TRUE,TRUE,459.49,None,0
ORD100122,2024-02-18,DTDC,Mumbai-Chennai,West,Economy,6,8,FALSE,TRUE,FALSE,277.25,Driver Shortage,2
ORD100123,2024-02-13,XpressBees,Jaipur-Ahmedabad,North,Standard,5,6,FALSE,TRUE,FALSE,553.95,None,1
ORD100124,2024-03-03,XpressBees,Mumbai-Chennai,West,Express,2,2,TRUE,TRUE,TRUE,995.36,None,0
ORD100125,2024-03-20,Ekart,Lucknow-Patna,East,Economy,7,10,FALSE,TRUE,FALSE,315.97,Vehicle Breakdown,3
ORD100126,2024-04-25,Delhivery,Surat-Nagpur,West,Express,2,2,TRUE,TRUE,TRUE,812.36,None,0
ORD100127,2024-06-07,DTDC,Lucknow-Patna,East,Economy,8,13,FALSE,TRUE,FALSE,369.6,None,5
ORD100128,2024-03-13,Ekart,Jaipur-Ahmedabad,North,Express,1,1,TRUE,TRUE,TRUE,833.13,None,0
ORD100129,2024-11-01,BlueDart,Delhi-Mumbai,North,Economy,8,10,FALSE,TRUE,FALSE,300.48,High Volume Surge,2
ORD100130,2024-12-04,BlueDart,Mumbai-Chennai,West,Express,1,1,TRUE,TRUE,TRUE,811.26,None,0
ORD100131,2024-09-26,XpressBees,Lucknow-Patna,East,Economy,7,10,FALSE,TRUE,FALSE,333.01,Customs Hold,3
ORD100132,2024-03-11,BlueDart,Chennai-Pune,South,Express,2,2,TRUE,FALSE,FALSE,816.24,None,0
ORD100133,2024-03-07,Ekart,Chennai-Pune,South,Standard,3,3,TRUE,TRUE,TRUE,443.76,None,0
ORD100134,2024-10-21,DTDC,Lucknow-Patna,East,Economy,6,11,FALSE,FALSE,FALSE,343.48,Address Issue,5
ORD100135,2024-07-04,DTDC,Lucknow-Patna,East,Standard,5,9,FALSE,FALSE,FALSE,726.05,Driver Shortage,4
ORD100136,2024-03-27,XpressBees,Mumbai-Chennai,West,Express,1,3,FALSE,TRUE,FALSE,964.25,Address Issue,2
ORD100137,2024-04-30,DTDC,Mumbai-Chennai,West,Economy,6,8,FALSE,TRUE,FALSE,269.08,Vehicle Breakdown,2
ORD100138,2024-12-01,Delhivery,Mumbai-Chennai,West,Standard,3,3,TRUE,TRUE,TRUE,473.42,None,0
ORD100139,2024-11-25,Delhivery,Mumbai-Chennai,West,Economy,7,8,FALSE,TRUE,FALSE,231.43,High Volume Surge,1
ORD100140,2024-11-19,Ekart,Kochi-Coimbatore,South,Economy,7,7,TRUE,TRUE,TRUE,218.63,None,0
ORD100141,2024-08-19,Ekart,Chennai-Pune,South,Economy,6,6,TRUE,TRUE,TRUE,211.66,None,0
ORD100142,2024-01-22,BlueDart,Delhi-Mumbai,North,Standard,4,5,FALSE,TRUE,FALSE,648.58,Driver Shortage,1
ORD100143,2024-02-13,DTDC,Surat-Nagpur,West,Economy,6,8,FALSE,TRUE,FALSE,281.33,Address Issue,2
ORD100144,2024-07-09,Delhivery,Bhopal-Indore,Central,Express,1,2,FALSE,TRUE,FALSE,854.09,Address Issue,1
ORD100145,2024-12-13,XpressBees,Chennai-Pune,South,Standard,4,6,FALSE,TRUE,FALSE,505.22,None,2
ORD100146,2024-12-23,Ekart,Lucknow-Patna,East,Standard,5,8,FALSE,TRUE,FALSE,616.08,Driver Shortage,3
ORD100147,2024-12-25,Delhivery,Lucknow-Patna,East,Economy,8,9,FALSE,TRUE,FALSE,317.2,None,1
ORD100148,2024-06-23,BlueDart,Bhopal-Indore,Central,Economy,8,9,FALSE,TRUE,FALSE,198.8,Vehicle Breakdown,1
ORD100149,2024-02-21,Delhivery,Surat-Nagpur,West,Express,1,1,TRUE,TRUE,TRUE,908.55,None,0
ORD100150,2024-03-19,DTDC,Bhopal-Indore,Central,Economy,8,8,TRUE,TRUE,TRUE,274.43,None,0
ORD100151,2024-07-05,Delhivery,Bangalore-Hyderabad,South,Economy,8,8,TRUE,TRUE,TRUE,199.92,None,0
ORD100152,2024-12-13,XpressBees,Kolkata-Delhi,North,Economy,7,11,FALSE,TRUE,FALSE,384.23,Address Issue,4
ORD100153,2024-05-08,XpressBees,Kochi-Coimbatore,South,Standard,4,6,FALSE,TRUE,FALSE,602.77,None,2
ORD100154,2024-08-11,XpressBees,Delhi-Mumbai,North,Standard,5,8,FALSE,TRUE,FALSE,858.75,None,3
ORD100155,2024-07-10,Delhivery,Mumbai-Chennai,West,Standard,4,4,TRUE,TRUE,TRUE,440.68,None,0
ORD100156,2024-05-26,XpressBees,Kolkata-Delhi,North,Express,2,3,FALSE,TRUE,FALSE,1716.89,None,1
ORD100157,2024-04-20,Delhivery,Surat-Nagpur,West,Economy,7,8,FALSE,TRUE,FALSE,237.86,None,1
ORD100158,2024-08-02,DTDC,Bangalore-Hyderabad,South,Economy,8,11,FALSE,FALSE,FALSE,244.55,None,3
ORD100159,2024-01-01,XpressBees,Kochi-Coimbatore,South,Express,1,2,FALSE,TRUE,FALSE,1077.9,None,1
ORD100160,2024-07-03,Ekart,Kochi-Coimbatore,South,Express,2,2,TRUE,TRUE,TRUE,779.55,None,0
ORD100161,2024-01-09,DTDC,Mumbai-Chennai,West,Economy,8,10,FALSE,TRUE,FALSE,269.81,Address Issue,2
ORD100162,2024-06-19,BlueDart,Jaipur-Ahmedabad,North,Standard,3,3,TRUE,TRUE,TRUE,471.17,None,0
ORD100163,2024-12-16,BlueDart,Bangalore-Hyderabad,South,Standard,5,5,TRUE,TRUE,TRUE,420.76,None,0
ORD100164,2024-04-13,XpressBees,Surat-Nagpur,West,Economy,6,6,TRUE,TRUE,TRUE,257.26,None,0
ORD100165,2024-05-26,Delhivery,Delhi-Mumbai,North,Express,2,5,FALSE,TRUE,FALSE,1182.12,Vehicle Breakdown,3
ORD100166,2024-07-23,BlueDart,Jaipur-Ahmedabad,North,Economy,7,7,TRUE,TRUE,TRUE,214.19,None,0
ORD100167,2024-08-05,XpressBees,Surat-Nagpur,West,Standard,3,5,FALSE,TRUE,FALSE,540.31,None,2
ORD100168,2024-08-06,XpressBees,Mumbai-Chennai,West,Economy,6,8,FALSE,TRUE,FALSE,253.42,High Volume Surge,2
ORD100169,2024-01-30,XpressBees,Bangalore-Hyderabad,South,Standard,4,4,TRUE,TRUE,TRUE,549.04,None,0
ORD100170,2024-03-05,XpressBees,Mumbai-Chennai,West,Standard,5,7,FALSE,TRUE,FALSE,518.78,Weather Delay,2
ORD100171,2024-11-05,Delhivery,Mumbai-Chennai,West,Economy,7,7,TRUE,TRUE,TRUE,222.96,None,0
ORD100172,2024-02-28,XpressBees,Bangalore-Hyderabad,South,Standard,4,5,FALSE,TRUE,FALSE,531.58,Vehicle Breakdown,1
ORD100173,2024-12-21,Delhivery,Delhi-Mumbai,North,Standard,5,7,FALSE,TRUE,FALSE,613.48,Address Issue,2
ORD100174,2024-08-15,Delhivery,Surat-Nagpur,West,Express,1,1,TRUE,TRUE,TRUE,917.78,None,0
ORD100175,2024-06-02,Ekart,Mumbai-Chennai,West,Economy,7,7,TRUE,TRUE,TRUE,210.78,None,0
ORD100176,2024-03-12,Delhivery,Bangalore-Hyderabad,South,Standard,5,5,TRUE,TRUE,TRUE,423.09,None,0
ORD100177,2024-07-22,XpressBees,Kolkata-Delhi,North,Express,2,7,FALSE,TRUE,FALSE,1643.72,None,5
ORD100178,2024-06-25,DTDC,Surat-Nagpur,West,Standard,4,6,FALSE,FALSE,FALSE,478.94,High Volume Surge,2
ORD100179,2024-03-04,DTDC,Bangalore-Hyderabad,South,Economy,8,8,TRUE,TRUE,TRUE,256.99,None,0
ORD100180,2024-06-26,Delhivery,Bhopal-Indore,Central,Standard,3,3,TRUE,TRUE,TRUE,468.84,None,0
ORD100181,2024-03-05,Ekart,Bhopal-Indore,Central,Express,2,2,TRUE,TRUE,TRUE,858.64,None,0
ORD100182,2024-06-21,DTDC,Chennai-Pune,South,Economy,6,8,FALSE,TRUE,FALSE,249.95,High Volume Surge,2
ORD100183,2024-05-15,BlueDart,Kochi-Coimbatore,South,Express,1,1,TRUE,TRUE,TRUE,896.07,None,0
ORD100184,2024-12-16,DTDC,Kolkata-Delhi,North,Standard,5,9,FALSE,TRUE,FALSE,777.05,None,4
ORD100185,2024-06-09,Ekart,Lucknow-Patna,East,Standard,3,6,FALSE,TRUE,FALSE,636.55,Vehicle Breakdown,3
ORD100186,2024-05-03,Ekart,Jaipur-Ahmedabad,North,Standard,3,3,TRUE,TRUE,TRUE,414.56,None,0
ORD100187,2024-07-15,BlueDart,Surat-Nagpur,West,Standard,4,4,TRUE,TRUE,TRUE,409.55,None,0
ORD100188,2024-09-11,XpressBees,Kochi-Coimbatore,South,Express,1,2,FALSE,TRUE,FALSE,1057.52,Address Issue,1
ORD100189,2024-12-10,BlueDart,Delhi-Mumbai,North,Standard,5,7,FALSE,TRUE,FALSE,575.77,Driver Shortage,2
ORD100190,2024-07-06,Ekart,Surat-Nagpur,West,Economy,6,6,TRUE,TRUE,TRUE,236.83,None,0
ORD100191,2024-05-23,Ekart,Lucknow-Patna,East,Express,2,3,FALSE,TRUE,FALSE,1151.8,High Volume Surge,1
ORD100192,2024-04-11,DTDC,Kochi-Coimbatore,South,Express,1,2,FALSE,TRUE,FALSE,1115.51,Vehicle Breakdown,1
ORD100193,2024-11-06,DTDC,Kochi-Coimbatore,South,Standard,5,5,TRUE,FALSE,FALSE,593.22,Vehicle Breakdown,0
ORD100194,2024-06-02,Delhivery,Bhopal-Indore,Central,Standard,5,5,TRUE,TRUE,TRUE,494.16,None,0
ORD100195,2024-06-18,Ekart,Kochi-Coimbatore,South,Economy,8,9,FALSE,TRUE,FALSE,211.19,Address Issue,1
ORD100196,2024-10-22,XpressBees,Mumbai-Chennai,West,Economy,7,9,FALSE,TRUE,FALSE,261.58,High Volume Surge,2
ORD100197,2024-04-07,BlueDart,Kolkata-Delhi,North,Economy,7,9,FALSE,TRUE,FALSE,299.92,Weather Delay,2
ORD100198,2024-12-27,XpressBees,Delhi-Mumbai,North,Standard,4,6,FALSE,TRUE,FALSE,951.57,Weather Delay,2
ORD100199,2024-10-06,DTDC,Bangalore-Hyderabad,South,Express,2,5,FALSE,TRUE,FALSE,923.74,Address Issue,3
ORD100200,2024-06-01,Ekart,Jaipur-Ahmedabad,North,Economy,7,7,TRUE,TRUE,TRUE,210.28,None,0
ORD100201,2024-05-27,Ekart,Kolkata-Delhi,North,Standard,5,7,FALSE,TRUE,FALSE,686.92,Address Issue,2
ORD100202,2024-05-27,DTDC,Mumbai-Chennai,West,Economy,8,10,FALSE,TRUE,FALSE,301.31,None,2
ORD100203,2024-10-02,Ekart,Mumbai-Chennai,West,Standard,5,5,TRUE,TRUE,TRUE,424.26,None,0
ORD100204,2024-12-08,DTDC,Chennai-Pune,South,Economy,7,7,TRUE,TRUE,TRUE,254.03,None,0
ORD100205,2024-08-29,Delhivery,Bhopal-Indore,Central,Economy,6,6,TRUE,TRUE,TRUE,212.53,None,0
ORD100206,2024-04-12,Delhivery,Mumbai-Chennai,West,Express,1,2,FALSE,TRUE,FALSE,914.71,Driver Shortage,1
ORD100207,2024-10-20,Ekart,Chennai-Pune,South,Standard,5,5,TRUE,TRUE,TRUE,413.05,None,0
ORD100208,2024-04-05,DTDC,Kolkata-Delhi,North,Economy,8,10,FALSE,TRUE,FALSE,420.09,Customs Hold,2
ORD100209,2024-08-20,BlueDart,Chennai-Pune,South,Express,2,2,TRUE,TRUE,TRUE,821.96,None,0
ORD100210,2024-05-11,DTDC,Bhopal-Indore,Central,Standard,3,6,FALSE,TRUE,FALSE,548.57,Driver Shortage,3
ORD100211,2024-03-30,BlueDart,Bangalore-Hyderabad,South,Economy,7,7,TRUE,TRUE,TRUE,231.32,None,0
ORD100212,2024-01-04,XpressBees,Kochi-Coimbatore,South,Standard,5,6,FALSE,TRUE,FALSE,552.1,Vehicle Breakdown,1
ORD100213,2024-04-30,XpressBees,Chennai-Pune,South,Express,2,3,FALSE,TRUE,FALSE,954.52,Driver Shortage,1
ORD100214,2024-03-01,BlueDart,Delhi-Mumbai,North,Standard,4,6,FALSE,TRUE,FALSE,764.66,Driver Shortage,2
ORD100215,2024-08-20,Ekart,Chennai-Pune,South,Economy,6,6,TRUE,TRUE,TRUE,219.04,None,0
ORD100216,2024-12-14,Ekart,Kochi-Coimbatore,South,Standard,5,6,FALSE,TRUE,FALSE,477.18,Vehicle Breakdown,1
ORD100217,2024-02-01,BlueDart,Kochi-Coimbatore,South,Economy,7,7,TRUE,TRUE,TRUE,222.82,None,0
ORD100218,2024-10-25,DTDC,Bhopal-Indore,Central,Express,1,1,TRUE,TRUE,TRUE,1046.54,None,0
ORD100219,2024-08-21,BlueDart,Surat-Nagpur,West,Economy,7,7,TRUE,TRUE,TRUE,220.58,None,0
ORD100220,2024-01-02,BlueDart,Kochi-Coimbatore,South,Economy,7,7,TRUE,TRUE,TRUE,215.42,None,0
ORD100221,2024-07-28,DTDC,Kolkata-Delhi,North,Express,1,4,FALSE,TRUE,FALSE,1572.08,Address Issue,3
ORD100222,2024-07-11,Delhivery,Bangalore-Hyderabad,South,Economy,8,9,FALSE,TRUE,FALSE,237.22,Customs Hold,1
ORD100223,2024-04-24,DTDC,Mumbai-Chennai,West,Express,2,2,TRUE,TRUE,TRUE,927.15,None,0
ORD100224,2024-04-06,BlueDart,Delhi-Mumbai,North,Standard,4,8,FALSE,TRUE,FALSE,661,Address Issue,4
ORD100225,2024-10-31,BlueDart,Mumbai-Chennai,West,Economy,7,7,TRUE,TRUE,TRUE,200.96,None,0
ORD100226,2024-03-12,XpressBees,Delhi-Mumbai,North,Economy,8,11,FALSE,TRUE,FALSE,338.18,Weather Delay,3
ORD100227,2024-12-04,Ekart,Bhopal-Indore,Central,Express,2,2,TRUE,TRUE,TRUE,913.96,None,0
ORD100228,2024-03-30,Delhivery,Bhopal-Indore,Central,Standard,4,4,TRUE,TRUE,TRUE,490.37,None,0
ORD100229,2024-08-30,DTDC,Lucknow-Patna,East,Standard,3,8,FALSE,TRUE,FALSE,690.99,High Volume Surge,5
ORD100230,2024-07-17,Delhivery,Kolkata-Delhi,North,Standard,5,7,FALSE,TRUE,FALSE,722.76,Vehicle Breakdown,2
ORD100231,2024-01-27,Ekart,Kolkata-Delhi,North,Express,2,5,FALSE,TRUE,FALSE,1213.35,Vehicle Breakdown,3
ORD100232,2024-04-21,XpressBees,Chennai-Pune,South,Economy,8,10,FALSE,TRUE,FALSE,263.38,High Volume Surge,2
ORD100233,2024-03-01,Delhivery,Surat-Nagpur,West,Standard,4,4,TRUE,TRUE,TRUE,422.1,None,0
ORD100234,2024-06-13,Delhivery,Surat-Nagpur,West,Economy,8,8,TRUE,TRUE,TRUE,208.53,None,0
ORD100235,2024-08-28,XpressBees,Chennai-Pune,South,Standard,5,7,FALSE,TRUE,FALSE,567.74,Driver Shortage,2
ORD100236,2024-05-13,Delhivery,Jaipur-Ahmedabad,North,Standard,4,5,FALSE,FALSE,FALSE,482.77,Weather Delay,1
ORD100237,2024-10-08,DTDC,Bhopal-Indore,Central,Economy,8,9,FALSE,TRUE,FALSE,250.35,Customs Hold,1
ORD100238,2024-10-06,Ekart,Jaipur-Ahmedabad,North,Standard,5,6,FALSE,TRUE,FALSE,470.95,Vehicle Breakdown,1
ORD100239,2024-02-08,Delhivery,Surat-Nagpur,West,Economy,8,8,TRUE,TRUE,TRUE,234.92,None,0
ORD100240,2024-11-12,BlueDart,Delhi-Mumbai,North,Standard,3,6,FALSE,TRUE,FALSE,571.33,Weather Delay,3
ORD100241,2024-05-20,XpressBees,Kochi-Coimbatore,South,Economy,7,7,TRUE,TRUE,TRUE,234.96,None,0
ORD100242,2024-03-17,Ekart,Bhopal-Indore,Central,Express,2,2,TRUE,TRUE,TRUE,781.37,None,0
ORD100243,2024-05-04,Delhivery,Kolkata-Delhi,North,Economy,8,10,FALSE,TRUE,FALSE,304.27,High Volume Surge,2
ORD100244,2024-01-05,Ekart,Kolkata-Delhi,North,Economy,6,9,FALSE,TRUE,FALSE,314.31,None,3
ORD100245,2024-02-18,BlueDart,Bangalore-Hyderabad,South,Standard,4,4,TRUE,TRUE,TRUE,482.22,None,0
ORD100246,2024-10-05,BlueDart,Bhopal-Indore,Central,Express,1,2,FALSE,TRUE,FALSE,922.11,Address Issue,1
ORD100247,2024-12-30,BlueDart,Kochi-Coimbatore,South,Express,2,2,TRUE,TRUE,TRUE,864.8,None,0
ORD100248,2024-03-12,BlueDart,Lucknow-Patna,East,Standard,3,6,FALSE,TRUE,FALSE,724.45,Customs Hold,3
ORD100249,2024-11-10,DTDC,Mumbai-Chennai,West,Economy,7,7,TRUE,TRUE,TRUE,270.01,None,0
ORD100250,2024-08-09,XpressBees,Kochi-Coimbatore,South,Standard,3,5,FALSE,TRUE,FALSE,506.43,Customs Hold,2
ORD100251,2024-03-19,DTDC,Bangalore-Hyderabad,South,Economy,7,7,TRUE,TRUE,TRUE,250.52,None,0
ORD100252,2024-02-22,Delhivery,Lucknow-Patna,East,Economy,7,9,FALSE,TRUE,FALSE,275.36,Address Issue,2
ORD100253,2024-02-15,BlueDart,Bangalore-Hyderabad,South,Express,2,3,FALSE,TRUE,FALSE,852.11,None,1
ORD100254,2024-10-19,DTDC,Jaipur-Ahmedabad,North,Express,2,3,FALSE,TRUE,FALSE,917.79,Vehicle Breakdown,1
ORD100255,2024-09-09,Delhivery,Bhopal-Indore,Central,Economy,7,7,TRUE,TRUE,TRUE,211.25,None,0
ORD100256,2024-02-09,BlueDart,Bangalore-Hyderabad,South,Express,2,2,TRUE,TRUE,TRUE,847.32,None,0
ORD100257,2024-01-04,Ekart,Jaipur-Ahmedabad,North,Express,2,2,TRUE,TRUE,TRUE,788.03,None,0
ORD100258,2024-06-02,Ekart,Lucknow-Patna,East,Economy,7,10,FALSE,TRUE,FALSE,364.26,Vehicle Breakdown,3
ORD100259,2024-09-08,DTDC,Jaipur-Ahmedabad,North,Economy,6,7,FALSE,TRUE,FALSE,250.13,Driver Shortage,1
ORD100260,2024-02-28,Delhivery,Kochi-Coimbatore,South,Standard,4,4,TRUE,TRUE,TRUE,440.36,None,0
ORD100261,2024-08-24,Delhivery,Kochi-Coimbatore,South,Economy,8,8,TRUE,TRUE,TRUE,222.2,None,0
ORD100262,2024-02-07,XpressBees,Kolkata-Delhi,North,Standard,5,8,FALSE,FALSE,FALSE,670.29,Customs Hold,3
ORD100263,2024-10-31,DTDC,Surat-Nagpur,West,Standard,5,7,FALSE,TRUE,FALSE,550.26,High Volume Surge,2
ORD100264,2024-11-26,BlueDart,Mumbai-Chennai,West,Express,2,2,TRUE,TRUE,TRUE,772.53,None,0
ORD100265,2024-04-23,Ekart,Lucknow-Patna,East,Standard,3,4,FALSE,TRUE,FALSE,656.4,High Volume Surge,1
ORD100266,2024-02-23,Ekart,Surat-Nagpur,West,Standard,4,4,TRUE,TRUE,TRUE,407.21,None,0
ORD100267,2024-08-31,XpressBees,Chennai-Pune,South,Express,1,3,FALSE,TRUE,FALSE,1049.8,Address Issue,2
ORD100268,2024-06-24,XpressBees,Mumbai-Chennai,West,Economy,8,9,FALSE,FALSE,FALSE,254.25,None,1
ORD100269,2024-08-06,Delhivery,Mumbai-Chennai,West,Economy,6,6,TRUE,TRUE,TRUE,212.56,None,0
ORD100270,2024-07-21,Delhivery,Surat-Nagpur,West,Standard,5,5,TRUE,TRUE,TRUE,464.16,None,0
ORD100271,2024-02-22,DTDC,Delhi-Mumbai,North,Express,2,7,FALSE,FALSE,FALSE,1394.93,High Volume Surge,5
ORD100272,2024-09-07,Delhivery,Bhopal-Indore,Central,Standard,4,4,TRUE,TRUE,TRUE,428.61,None,0
ORD100273,2024-03-29,Ekart,Bhopal-Indore,Central,Economy,7,8,FALSE,TRUE,FALSE,213.31,High Volume Surge,1
ORD100274,2024-09-18,DTDC,Chennai-Pune,South,Economy,6,8,FALSE,TRUE,FALSE,233.15,Vehicle Breakdown,2
ORD100275,2024-03-26,XpressBees,Lucknow-Patna,East,Economy,6,11,FALSE,TRUE,FALSE,418.02,High Volume Surge,5
ORD100276,2024-07-02,Ekart,Surat-Nagpur,West,Express,1,1,TRUE,TRUE,TRUE,870.3,None,0
ORD100277,2024-10-16,XpressBees,Delhi-Mumbai,North,Express,1,6,FALSE,TRUE,FALSE,1511.02,None,5
ORD100278,2024-10-08,Delhivery,Delhi-Mumbai,North,Standard,3,5,FALSE,TRUE,FALSE,602.52,Customs Hold,2
ORD100279,2024-07-06,BlueDart,Bhopal-Indore,Central,Economy,6,6,TRUE,TRUE,TRUE,234.22,None,0
ORD100280,2024-11-30,BlueDart,Bhopal-Indore,Central,Economy,7,7,TRUE,TRUE,TRUE,202.51,None,0
ORD100281,2024-05-01,Ekart,Kolkata-Delhi,North,Express,2,4,FALSE,TRUE,FALSE,1209.53,None,2
ORD100282,2024-06-28,DTDC,Kolkata-Delhi,North,Economy,7,13,FALSE,TRUE,FALSE,317.16,None,6
ORD100283,2024-05-28,Ekart,Bhopal-Indore,Central,Economy,8,8,TRUE,TRUE,TRUE,228.98,None,0
ORD100284,2024-07-29,Ekart,Kochi-Coimbatore,South,Economy,8,8,TRUE,TRUE,TRUE,231,None,0
ORD100285,2024-07-20,Ekart,Delhi-Mumbai,North,Economy,6,9,FALSE,TRUE,FALSE,354.83,Driver Shortage,3
ORD100286,2024-02-08,Delhivery,Surat-Nagpur,West,Economy,8,8,TRUE,TRUE,TRUE,214.51,None,0
ORD100287,2024-02-17,XpressBees,Mumbai-Chennai,West,Economy,8,9,FALSE,TRUE,FALSE,267.79,Driver Shortage,1
ORD100288,2024-09-10,Ekart,Surat-Nagpur,West,Express,2,2,TRUE,TRUE,TRUE,905.22,None,0
ORD100289,2024-06-24,Ekart,Chennai-Pune,South,Standard,4,4,TRUE,TRUE,TRUE,448.68,None,0
ORD100290,2024-04-13,BlueDart,Delhi-Mumbai,North,Express,2,3,FALSE,TRUE,FALSE,1135.33,Customs Hold,1
ORD100291,2024-07-09,Ekart,Bangalore-Hyderabad,South,Express,2,2,TRUE,TRUE,TRUE,807.57,None,0
ORD100292,2024-08-07,BlueDart,Bangalore-Hyderabad,South,Standard,5,5,TRUE,TRUE,TRUE,472.97,None,0
ORD100293,2024-01-05,BlueDart,Mumbai-Chennai,West,Express,1,2,FALSE,TRUE,FALSE,865.93,Customs Hold,1
ORD100294,2024-06-09,Ekart,Delhi-Mumbai,North,Express,2,5,FALSE,TRUE,FALSE,1067.83,Weather Delay,3
ORD100295,2024-02-05,Ekart,Jaipur-Ahmedabad,North,Express,2,2,TRUE,TRUE,TRUE,880.11,None,0
ORD100296,2024-08-14,DTDC,Bhopal-Indore,Central,Express,1,2,FALSE,TRUE,FALSE,969.14,Driver Shortage,1
ORD100297,2024-11-26,BlueDart,Kolkata-Delhi,North,Express,1,3,FALSE,TRUE,FALSE,1285.2,None,2
ORD100298,2024-12-03,Delhivery,Mumbai-Chennai,West,Economy,8,8,TRUE,TRUE,TRUE,228.38,None,0
ORD100299,2024-01-28,Delhivery,Chennai-Pune,South,Economy,8,8,TRUE,TRUE,TRUE,211,None,0
ORD100300,2024-10-18,XpressBees,Kolkata-Delhi,North,Standard,3,5,FALSE,TRUE,FALSE,1010.93,None,2
ORD100301,2024-05-14,Ekart,Lucknow-Patna,East,Economy,8,10,FALSE,TRUE,FALSE,304.28,None,2
ORD100302,2024-11-23,BlueDart,Kolkata-Delhi,North,Express,2,5,FALSE,TRUE,FALSE,1211.92,Weather Delay,3
ORD100303,2024-06-16,DTDC,Bhopal-Indore,Central,Economy,6,7,FALSE,TRUE,FALSE,248.8,High Volume Surge,1
ORD100304,2024-08-10,DTDC,Lucknow-Patna,East,Economy,8,13,FALSE,TRUE,FALSE,385.16,None,5
ORD100305,2024-01-07,XpressBees,Mumbai-Chennai,West,Economy,8,8,TRUE,TRUE,TRUE,253.38,None,0
ORD100306,2024-05-12,BlueDart,Bangalore-Hyderabad,South,Express,2,2,TRUE,TRUE,TRUE,898.11,None,0
ORD100307,2024-08-07,Ekart,Bangalore-Hyderabad,South,Express,2,2,TRUE,TRUE,TRUE,769.99,None,0
ORD100308,2024-07-07,DTDC,Chennai-Pune,South,Express,2,4,FALSE,TRUE,FALSE,930.98,Vehicle Breakdown,2
ORD100309,2024-01-07,Ekart,Bangalore-Hyderabad,South,Express,1,1,TRUE,TRUE,TRUE,765.44,None,0
ORD100310,2024-12-01,BlueDart,Kolkata-Delhi,North,Standard,4,6,FALSE,TRUE,FALSE,648.24,Driver Shortage,2
ORD100311,2024-04-01,Delhivery,Lucknow-Patna,East,Standard,3,5,FALSE,TRUE,FALSE,580.37,Weather Delay,2
ORD100312,2024-10-15,DTDC,Kolkata-Delhi,North,Express,2,4,FALSE,TRUE,FALSE,1311.66,Address Issue,2
ORD100313,2024-03-18,DTDC,Chennai-Pune,South,Express,2,4,FALSE,TRUE,FALSE,1116.5,Vehicle Breakdown,2
ORD100314,2024-04-15,XpressBees,Delhi-Mumbai,North,Express,1,5,FALSE,TRUE,FALSE,1456.24,Weather Delay,4
ORD100315,2024-05-23,Delhivery,Bhopal-Indore,Central,Standard,4,4,TRUE,TRUE,TRUE,417.81,None,0
ORD100316,2024-10-24,BlueDart,Mumbai-Chennai,West,Express,2,2,TRUE,TRUE,TRUE,892.14,None,0
ORD100317,2024-05-13,DTDC,Mumbai-Chennai,West,Express,2,2,TRUE,TRUE,TRUE,1041.06,None,0
ORD100318,2024-10-26,XpressBees,Jaipur-Ahmedabad,North,Economy,8,9,FALSE,TRUE,FALSE,274.66,None,1
ORD100319,2024-08-19,Delhivery,Mumbai-Chennai,West,Express,1,2,FALSE,TRUE,FALSE,834.11,Vehicle Breakdown,1
ORD100320,2024-11-04,XpressBees,Chennai-Pune,South,Standard,3,3,TRUE,TRUE,TRUE,543.77,None,0
ORD100321,2024-03-30,Delhivery,Delhi-Mumbai,North,Standard,3,4,FALSE,TRUE,FALSE,580.89,None,1
ORD100322,2024-04-23,XpressBees,Delhi-Mumbai,North,Standard,5,10,FALSE,FALSE,FALSE,696.63,None,5
ORD100323,2024-02-08,Delhivery,Bangalore-Hyderabad,South,Standard,4,4,TRUE,TRUE,TRUE,428.29,None,0
ORD100324,2024-08-24,BlueDart,Delhi-Mumbai,North,Express,2,3,FALSE,TRUE,FALSE,1272.13,None,1
ORD100325,2024-05-20,Delhivery,Delhi-Mumbai,North,Economy,7,11,FALSE,TRUE,FALSE,306.69,Vehicle Breakdown,4
ORD100326,2024-05-23,XpressBees,Chennai-Pune,South,Express,1,3,FALSE,TRUE,FALSE,1097.88,Weather Delay,2
ORD100327,2024-07-02,Delhivery,Lucknow-Patna,East,Standard,3,6,FALSE,TRUE,FALSE,734.18,Driver Shortage,3
ORD100328,2024-05-23,DTDC,Surat-Nagpur,West,Standard,4,6,FALSE,TRUE,FALSE,492.67,None,2
ORD100329,2024-04-22,XpressBees,Delhi-Mumbai,North,Economy,7,10,FALSE,FALSE,FALSE,403.87,Weather Delay,3
ORD100330,2024-10-29,XpressBees,Kochi-Coimbatore,South,Standard,3,3,TRUE,TRUE,TRUE,589.99,None,0
ORD100331,2024-09-08,Ekart,Delhi-Mumbai,North,Economy,8,9,FALSE,TRUE,FALSE,371.42,Vehicle Breakdown,1
ORD100332,2024-06-23,BlueDart,Delhi-Mumbai,North,Express,1,4,FALSE,FALSE,FALSE,1185.6,Vehicle Breakdown,3
ORD100333,2024-02-26,Ekart,Bangalore-Hyderabad,South,Express,1,1,TRUE,TRUE,TRUE,920.93,None,0
ORD100334,2024-08-11,Ekart,Bhopal-Indore,Central,Express,2,3,FALSE,TRUE,FALSE,822.22,Vehicle Breakdown,1
ORD100335,2024-07-12,Ekart,Surat-Nagpur,West,Express,2,2,TRUE,TRUE,TRUE,903.46,None,0
ORD100336,2024-07-19,Ekart,Chennai-Pune,South,Express,1,1,TRUE,TRUE,TRUE,926.28,None,0
ORD100337,2024-09-11,BlueDart,Kochi-Coimbatore,South,Express,2,2,TRUE,TRUE,TRUE,782.7,None,0
ORD100338,2024-11-21,Ekart,Bangalore-Hyderabad,South,Economy,6,6,TRUE,TRUE,TRUE,212.06,None,0
ORD100339,2024-06-28,Ekart,Mumbai-Chennai,West,Standard,3,3,TRUE,TRUE,TRUE,467.39,None,0
ORD100340,2024-03-26,BlueDart,Chennai-Pune,South,Economy,6,6,TRUE,TRUE,TRUE,230.23,None,0
ORD100341,2024-08-19,XpressBees,Lucknow-Patna,East,Standard,4,8,FALSE,TRUE,FALSE,883.98,None,4
ORD100342,2024-06-24,BlueDart,Mumbai-Chennai,West,Standard,3,3,TRUE,TRUE,TRUE,414.43,None,0
ORD100343,2024-11-30,XpressBees,Bangalore-Hyderabad,South,Express,1,3,FALSE,TRUE,FALSE,1189.2,Customs Hold,2
ORD100344,2024-10-10,DTDC,Bangalore-Hyderabad,South,Standard,3,3,TRUE,TRUE,TRUE,572.12,None,0
ORD100345,2024-10-19,Ekart,Bhopal-Indore,Central,Economy,7,7,TRUE,TRUE,TRUE,200.18,None,0
ORD100346,2024-02-19,XpressBees,Bhopal-Indore,Central,Express,1,2,FALSE,TRUE,FALSE,1016.99,Vehicle Breakdown,1
ORD100347,2024-05-15,Delhivery,Delhi-Mumbai,North,Express,2,4,FALSE,TRUE,FALSE,1159.36,Driver Shortage,2
ORD100348,2024-05-17,DTDC,Mumbai-Chennai,West,Standard,3,5,FALSE,TRUE,FALSE,509.79,Vehicle Breakdown,2
ORD100349,2024-07-30,BlueDart,Kochi-Coimbatore,South,Express,1,1,TRUE,TRUE,TRUE,902.39,None,0
ORD100350,2024-10-20,Delhivery,Kochi-Coimbatore,South,Economy,6,7,FALSE,TRUE,FALSE,216.42,Customs Hold,1
ORD100351,2024-08-17,XpressBees,Kolkata-Delhi,North,Standard,3,7,FALSE,TRUE,FALSE,921.94,Weather Delay,4
ORD100352,2024-11-17,Delhivery,Bangalore-Hyderabad,South,Express,1,1,TRUE,FALSE,FALSE,778.32,Vehicle Breakdown,0
ORD100353,2024-08-22,DTDC,Bangalore-Hyderabad,South,Standard,4,6,FALSE,FALSE,FALSE,550.75,High Volume Surge,2
ORD100354,2024-02-24,DTDC,Delhi-Mumbai,North,Economy,8,11,FALSE,FALSE,FALSE,430,None,3
ORD100355,2024-12-01,BlueDart,Kochi-Coimbatore,South,Standard,5,5,TRUE,TRUE,TRUE,428.77,None,0
ORD100356,2024-12-21,DTDC,Surat-Nagpur,West,Economy,7,7,TRUE,TRUE,TRUE,253.73,None,0
ORD100357,2024-06-04,BlueDart,Lucknow-Patna,East,Standard,4,7,FALSE,FALSE,FALSE,619.11,Address Issue,3
ORD100358,2024-06-02,Ekart,Chennai-Pune,South,Standard,5,5,TRUE,TRUE,TRUE,425.52,None,0
ORD100359,2024-09-05,Ekart,Surat-Nagpur,West,Standard,5,6,FALSE,TRUE,FALSE,413.04,Customs Hold,1
ORD100360,2024-03-10,Ekart,Bhopal-Indore,Central,Express,1,1,TRUE,TRUE,TRUE,851.16,None,0
ORD100361,2024-07-03,DTDC,Bhopal-Indore,Central,Express,1,1,TRUE,TRUE,TRUE,968.9,None,0
ORD100362,2024-08-16,Ekart,Kolkata-Delhi,North,Standard,4,8,FALSE,TRUE,FALSE,545.23,High Volume Surge,4
ORD100363,2024-01-15,XpressBees,Bangalore-Hyderabad,South,Economy,8,9,FALSE,TRUE,FALSE,295.37,Address Issue,1
ORD100364,2024-12-15,BlueDart,Lucknow-Patna,East,Express,1,2,FALSE,TRUE,FALSE,1152.38,None,1
ORD100365,2024-07-11,XpressBees,Delhi-Mumbai,North,Express,1,4,FALSE,TRUE,FALSE,1663.48,Customs Hold,3
ORD100366,2024-09-18,XpressBees,Jaipur-Ahmedabad,North,Standard,3,4,FALSE,TRUE,FALSE,557.48,None,1
ORD100367,2024-06-15,DTDC,Jaipur-Ahmedabad,North,Economy,8,10,FALSE,TRUE,FALSE,225.23,Driver Shortage,2
ORD100368,2024-05-03,Ekart,Chennai-Pune,South,Economy,8,8,TRUE,TRUE,TRUE,220.76,None,0
ORD100369,2024-01-19,DTDC,Delhi-Mumbai,North,Standard,5,9,FALSE,TRUE,FALSE,833.07,Customs Hold,4
ORD100370,2024-09-16,DTDC,Kochi-Coimbatore,South,Express,2,4,FALSE,TRUE,FALSE,1038.45,Address Issue,2
ORD100371,2024-05-12,Delhivery,Chennai-Pune,South,Economy,8,8,TRUE,TRUE,TRUE,218.71,None,0
ORD100372,2024-06-06,Delhivery,Bhopal-Indore,Central,Economy,7,7,TRUE,TRUE,TRUE,207.83,None,0
ORD100373,2024-11-13,Ekart,Lucknow-Patna,East,Standard,4,7,FALSE,TRUE,FALSE,547.26,High Volume Surge,3
ORD100374,2024-04-12,XpressBees,Mumbai-Chennai,West,Express,1,4,FALSE,TRUE,FALSE,1079.79,None,3
ORD100375,2024-06-19,XpressBees,Jaipur-Ahmedabad,North,Economy,7,7,TRUE,TRUE,TRUE,228.98,None,0
ORD100376,2024-03-27,Ekart,Bangalore-Hyderabad,South,Economy,6,6,TRUE,TRUE,TRUE,207.21,None,0
ORD100377,2024-07-25,Delhivery,Kochi-Coimbatore,South,Standard,3,3,TRUE,TRUE,TRUE,462.01,None,0
ORD100378,2024-12-12,XpressBees,Lucknow-Patna,East,Standard,3,6,FALSE,TRUE,FALSE,958.67,Weather Delay,3
ORD100379,2024-01-24,Delhivery,Delhi-Mumbai,North,Express,2,4,FALSE,TRUE,FALSE,1185.53,None,2
ORD100380,2024-03-09,Ekart,Chennai-Pune,South,Standard,5,5,TRUE,TRUE,TRUE,466.81,None,0
ORD100381,2024-01-12,XpressBees,Jaipur-Ahmedabad,North,Standard,3,4,FALSE,FALSE,FALSE,565.15,None,1
ORD100382,2024-01-25,DTDC,Kochi-Coimbatore,South,Express,1,2,FALSE,TRUE,FALSE,1100.48,High Volume Surge,1
ORD100383,2024-12-25,BlueDart,Mumbai-Chennai,West,Express,1,2,FALSE,TRUE,FALSE,786.01,None,1
ORD100384,2024-12-05,Delhivery,Bangalore-Hyderabad,South,Economy,8,8,TRUE,TRUE,TRUE,227.11,None,0
ORD100385,2024-09-18,Ekart,Bhopal-Indore,Central,Economy,8,8,TRUE,TRUE,TRUE,237.54,None,0
ORD100386,2024-05-14,BlueDart,Kochi-Coimbatore,South,Standard,3,3,TRUE,TRUE,TRUE,459.81,None,0
ORD100387,2024-12-18,Delhivery,Bhopal-Indore,Central,Standard,5,6,FALSE,TRUE,FALSE,408.55,Vehicle Breakdown,1
ORD100388,2024-10-20,Ekart,Surat-Nagpur,West,Express,1,1,TRUE,TRUE,TRUE,919.17,None,0
ORD100389,2024-08-21,Delhivery,Surat-Nagpur,West,Express,1,1,TRUE,TRUE,TRUE,874.54,None,0
ORD100390,2024-05-28,Ekart,Chennai-Pune,South,Standard,3,3,TRUE,TRUE,TRUE,483.67,None,0
ORD100391,2024-01-24,Ekart,Jaipur-Ahmedabad,North,Standard,5,5,TRUE,TRUE,TRUE,473.24,None,0
ORD100392,2024-07-09,Delhivery,Delhi-Mumbai,North,Economy,8,9,FALSE,TRUE,FALSE,322.56,Weather Delay,1
ORD100393,2024-08-03,Delhivery,Jaipur-Ahmedabad,North,Express,2,3,FALSE,TRUE,FALSE,811.21,Customs Hold,1
ORD100394,2024-09-04,BlueDart,Bangalore-Hyderabad,South,Express,1,1,TRUE,TRUE,TRUE,919.91,None,0
ORD100395,2024-09-06,XpressBees,Kochi-Coimbatore,South,Express,2,3,FALSE,TRUE,FALSE,1133.89,Customs Hold,1
ORD100396,2024-09-25,XpressBees,Mumbai-Chennai,West,Standard,3,3,TRUE,TRUE,TRUE,532.66,None,0
ORD100397,2024-07-16,DTDC,Kochi-Coimbatore,South,Express,2,4,FALSE,TRUE,FALSE,1054.71,Driver Shortage,2
ORD100398,2024-03-25,DTDC,Bangalore-Hyderabad,South,Economy,6,6,TRUE,TRUE,TRUE,262.43,None,0
ORD100399,2024-02-10,XpressBees,Mumbai-Chennai,West,Standard,3,4,FALSE,FALSE,FALSE,529.81,Vehicle Breakdown,1
ORD100400,2024-07-25,XpressBees,Surat-Nagpur,West,Economy,7,8,FALSE,TRUE,FALSE,247.09,Weather Delay,1
ORD100401,2024-04-15,BlueDart,Lucknow-Patna,East,Economy,8,9,FALSE,TRUE,FALSE,359.19,High Volume Surge,1
ORD100402,2024-11-13,Ekart,Surat-Nagpur,West,Standard,3,3,TRUE,TRUE,TRUE,434.88,None,0
ORD100403,2024-05-29,XpressBees,Kochi-Coimbatore,South,Economy,8,10,FALSE,FALSE,FALSE,260.08,Driver Shortage,2
ORD100404,2024-07-28,DTDC,Bhopal-Indore,Central,Standard,5,5,TRUE,TRUE,TRUE,574.03,None,0
ORD100405,2024-04-20,Ekart,Mumbai-Chennai,West,Economy,6,6,TRUE,TRUE,TRUE,235.5,None,0
ORD100406,2024-11-20,Delhivery,Surat-Nagpur,West,Economy,7,7,TRUE,TRUE,TRUE,200.05,None,0
ORD100407,2024-01-25,BlueDart,Kochi-Coimbatore,South,Standard,4,4,TRUE,TRUE,TRUE,405.39,None,0
ORD100408,2024-12-02,XpressBees,Bhopal-Indore,Central,Economy,7,9,FALSE,TRUE,FALSE,265.38,None,2
ORD100409,2024-06-24,DTDC,Kochi-Coimbatore,South,Standard,5,7,FALSE,TRUE,FALSE,607.73,None,2
ORD100410,2024-11-19,XpressBees,Chennai-Pune,South,Express,1,2,FALSE,TRUE,FALSE,989.86,High Volume Surge,1
ORD100411,2024-09-14,Delhivery,Kolkata-Delhi,North,Express,2,5,FALSE,TRUE,FALSE,1186.75,Vehicle Breakdown,3
ORD100412,2024-12-07,Ekart,Bhopal-Indore,Central,Economy,6,6,TRUE,TRUE,TRUE,223.64,None,0
ORD100413,2024-05-26,DTDC,Lucknow-Patna,East,Standard,4,7,FALSE,FALSE,FALSE,701.35,Vehicle Breakdown,3
ORD100414,2024-08-19,Delhivery,Chennai-Pune,South,Express,2,2,TRUE,TRUE,TRUE,770.49,None,0
ORD100415,2024-05-27,DTDC,Mumbai-Chennai,West,Economy,8,10,FALSE,TRUE,FALSE,252.7,Driver Shortage,2
ORD100416,2024-11-20,XpressBees,Delhi-Mumbai,North,Standard,4,8,FALSE,FALSE,FALSE,800.21,Vehicle Breakdown,4
ORD100417,2024-12-15,DTDC,Jaipur-Ahmedabad,North,Economy,8,10,FALSE,TRUE,FALSE,272.72,None,2
ORD100418,2024-03-23,Delhivery,Mumbai-Chennai,West,Express,1,2,FALSE,FALSE,FALSE,812.45,None,1
ORD100419,2024-06-14,Ekart,Kochi-Coimbatore,South,Express,2,3,FALSE,TRUE,FALSE,791.32,None,1
ORD100420,2024-07-02,BlueDart,Kochi-Coimbatore,South,Economy,8,8,TRUE,TRUE,TRUE,223.2,None,0
ORD100421,2024-03-22,Ekart,Mumbai-Chennai,West,Economy,6,6,TRUE,TRUE,TRUE,232.6,None,0
ORD100422,2024-09-28,DTDC,Lucknow-Patna,East,Economy,7,9,FALSE,TRUE,FALSE,368.72,High Volume Surge,2
ORD100423,2024-11-14,DTDC,Surat-Nagpur,West,Economy,6,6,TRUE,TRUE,TRUE,288.21,None,0
ORD100424,2024-09-20,BlueDart,Kolkata-Delhi,North,Economy,7,9,FALSE,TRUE,FALSE,307.68,Address Issue,2
ORD100425,2024-09-30,XpressBees,Bhopal-Indore,Central,Standard,3,4,FALSE,TRUE,FALSE,461.81,High Volume Surge,1
ORD100426,2024-08-10,BlueDart,Delhi-Mumbai,North,Express,1,5,FALSE,TRUE,FALSE,1233.52,Driver Shortage,4
ORD100427,2024-05-08,Delhivery,Mumbai-Chennai,West,Express,2,2,TRUE,FALSE,FALSE,777.45,None,0
ORD100428,2024-07-26,BlueDart,Bhopal-Indore,Central,Economy,6,6,TRUE,TRUE,TRUE,217.85,None,0
ORD100429,2024-01-24,Ekart,Lucknow-Patna,East,Express,2,5,FALSE,TRUE,FALSE,1298.59,High Volume Surge,3
ORD100430,2024-02-14,Ekart,Mumbai-Chennai,West,Economy,6,6,TRUE,TRUE,TRUE,211.26,None,0
ORD100431,2024-05-31,XpressBees,Chennai-Pune,South,Standard,4,6,FALSE,TRUE,FALSE,503.52,High Volume Surge,2
ORD100432,2024-10-11,Ekart,Bangalore-Hyderabad,South,Economy,8,8,TRUE,TRUE,TRUE,198.49,None,0
ORD100433,2024-06-25,BlueDart,Bangalore-Hyderabad,South,Express,1,2,FALSE,TRUE,FALSE,925.99,Driver Shortage,1
ORD100434,2024-10-08,XpressBees,Kolkata-Delhi,North,Economy,8,9,FALSE,TRUE,FALSE,363.7,Weather Delay,1
ORD100435,2024-03-06,DTDC,Surat-Nagpur,West,Express,2,4,FALSE,TRUE,FALSE,984.17,Address Issue,2
ORD100436,2024-03-19,BlueDart,Kolkata-Delhi,North,Standard,5,6,FALSE,TRUE,FALSE,660.86,High Volume Surge,1
ORD100437,2024-05-21,DTDC,Kochi-Coimbatore,South,Standard,4,5,FALSE,FALSE,FALSE,488.35,Customs Hold,1
ORD100438,2024-07-02,Delhivery,Jaipur-Ahmedabad,North,Economy,8,8,TRUE,TRUE,TRUE,218.37,None,0
ORD100439,2024-10-02,XpressBees,Chennai-Pune,South,Economy,6,6,TRUE,TRUE,TRUE,259.64,None,0
ORD100440,2024-07-26,Ekart,Kolkata-Delhi,North,Economy,8,9,FALSE,TRUE,FALSE,351.08,High Volume Surge,1
ORD100441,2024-05-28,Delhivery,Kochi-Coimbatore,South,Express,2,3,FALSE,TRUE,FALSE,790.27,High Volume Surge,1
ORD100442,2024-12-16,XpressBees,Bangalore-Hyderabad,South,Economy,8,9,FALSE,TRUE,FALSE,229.8,High Volume Surge,1
ORD100443,2024-03-15,DTDC,Bangalore-Hyderabad,South,Express,2,2,TRUE,TRUE,TRUE,1107.95,None,0
ORD100444,2024-12-08,Ekart,Surat-Nagpur,West,Express,1,2,FALSE,TRUE,FALSE,809.94,None,1
ORD100445,2024-05-14,DTDC,Kolkata-Delhi,North,Standard,4,7,FALSE,FALSE,FALSE,824.3,Address Issue,3
ORD100446,2024-04-24,DTDC,Kochi-Coimbatore,South,Economy,6,8,FALSE,TRUE,FALSE,288.91,Customs Hold,2
ORD100447,2024-02-09,XpressBees,Bhopal-Indore,Central,Standard,4,6,FALSE,TRUE,FALSE,533.46,Vehicle Breakdown,2
ORD100448,2024-03-01,Ekart,Bhopal-Indore,Central,Express,1,1,TRUE,TRUE,TRUE,867.34,None,0
ORD100449,2024-03-06,XpressBees,Kolkata-Delhi,North,Standard,5,8,FALSE,TRUE,FALSE,802.72,None,3
ORD100450,2024-07-26,DTDC,Kochi-Coimbatore,South,Express,1,3,FALSE,TRUE,FALSE,895.91,High Volume Surge,2
ORD100451,2024-03-28,DTDC,Kochi-Coimbatore,South,Economy,6,8,FALSE,TRUE,FALSE,256.89,Customs Hold,2
ORD100452,2024-07-12,XpressBees,Kolkata-Delhi,North,Economy,6,9,FALSE,TRUE,FALSE,433.69,None,3
ORD100453,2024-01-20,Delhivery,Lucknow-Patna,East,Express,1,3,FALSE,TRUE,FALSE,1178.15,High Volume Surge,2
ORD100454,2024-11-28,DTDC,Bhopal-Indore,Central,Express,1,2,FALSE,TRUE,FALSE,924.26,Driver Shortage,1
ORD100455,2024-12-22,DTDC,Lucknow-Patna,East,Standard,4,8,FALSE,TRUE,FALSE,851.41,Driver Shortage,4
ORD100456,2024-02-12,BlueDart,Kochi-Coimbatore,South,Standard,3,3,TRUE,TRUE,TRUE,425.93,None,0
ORD100457,2024-01-04,DTDC,Chennai-Pune,South,Economy,7,8,FALSE,FALSE,FALSE,247.64,High Volume Surge,1
ORD100458,2024-10-01,Delhivery,Lucknow-Patna,East,Economy,7,9,FALSE,TRUE,FALSE,319.48,None,2
ORD100459,2024-09-04,DTDC,Lucknow-Patna,East,Standard,5,10,FALSE,TRUE,FALSE,802.49,High Volume Surge,5
ORD100460,2024-04-27,Ekart,Chennai-Pune,South,Economy,7,8,FALSE,TRUE,FALSE,235.62,Driver Shortage,1
ORD100461,2024-12-27,Delhivery,Surat-Nagpur,West,Express,1,2,FALSE,TRUE,FALSE,901.15,Driver Shortage,1
ORD100462,2024-05-14,Delhivery,Delhi-Mumbai,North,Standard,5,6,FALSE,TRUE,FALSE,661.68,None,1
ORD100463,2024-11-01,Ekart,Kolkata-Delhi,North,Express,1,5,FALSE,TRUE,FALSE,1244.87,None,4
ORD100464,2024-01-18,Delhivery,Delhi-Mumbai,North,Economy,7,9,FALSE,TRUE,FALSE,349.37,None,2
ORD100465,2024-03-21,DTDC,Kochi-Coimbatore,South,Economy,8,8,TRUE,TRUE,TRUE,265.82,None,0
ORD100466,2024-12-26,Ekart,Mumbai-Chennai,West,Standard,4,5,FALSE,TRUE,FALSE,423.03,None,1
ORD100467,2024-04-25,BlueDart,Mumbai-Chennai,West,Economy,7,7,TRUE,TRUE,TRUE,233.88,None,0
ORD100468,2024-02-24,Delhivery,Kochi-Coimbatore,South,Standard,4,4,TRUE,TRUE,TRUE,441.64,None,0
ORD100469,2024-05-11,BlueDart,Bhopal-Indore,Central,Economy,7,7,TRUE,TRUE,TRUE,233.33,None,0
ORD100470,2024-12-14,DTDC,Bhopal-Indore,Central,Standard,5,7,FALSE,TRUE,FALSE,593.36,Customs Hold,2
ORD100471,2024-06-10,DTDC,Surat-Nagpur,West,Express,2,2,TRUE,FALSE,FALSE,1145.78,Vehicle Breakdown,0
ORD100472,2024-10-10,Ekart,Lucknow-Patna,East,Economy,8,9,FALSE,TRUE,FALSE,302.29,Weather Delay,1
ORD100473,2024-04-07,XpressBees,Bangalore-Hyderabad,South,Standard,4,4,TRUE,TRUE,TRUE,610.53,None,0
ORD100474,2024-05-07,Delhivery,Surat-Nagpur,West,Express,1,1,TRUE,TRUE,TRUE,799.47,None,0
ORD100475,2024-12-05,Ekart,Kochi-Coimbatore,South,Express,1,1,TRUE,TRUE,TRUE,879.89,None,0
ORD100476,2024-09-08,DTDC,Surat-Nagpur,West,Express,1,2,FALSE,TRUE,FALSE,1117.59,Address Issue,1
ORD100477,2024-06-26,DTDC,Bangalore-Hyderabad,South,Standard,4,4,TRUE,FALSE,FALSE,564.48,High Volume Surge,0
ORD100478,2024-06-15,Delhivery,Lucknow-Patna,East,Standard,3,7,FALSE,TRUE,FALSE,606.55,Weather Delay,4
ORD100479,2024-08-05,DTDC,Jaipur-Ahmedabad,North,Standard,3,5,FALSE,TRUE,FALSE,549.58,Customs Hold,2
ORD100480,2024-05-18,XpressBees,Kolkata-Delhi,North,Economy,7,10,FALSE,TRUE,FALSE,435.09,Driver Shortage,3
ORD100481,2024-09-21,DTDC,Kolkata-Delhi,North,Standard,4,5,FALSE,TRUE,FALSE,643.61,Driver Shortage,1
ORD100482,2024-07-22,Ekart,Bhopal-Indore,Central,Standard,4,4,TRUE,TRUE,TRUE,456.11,None,0
ORD100483,2024-08-18,Delhivery,Mumbai-Chennai,West,Express,1,1,TRUE,TRUE,TRUE,872.08,None,0
ORD100484,2024-06-28,Ekart,Jaipur-Ahmedabad,North,Standard,4,4,TRUE,TRUE,TRUE,442.06,None,0
ORD100485,2024-06-15,Delhivery,Kochi-Coimbatore,South,Economy,8,8,TRUE,TRUE,TRUE,210.52,None,0
ORD100486,2024-06-21,XpressBees,Bhopal-Indore,Central,Economy,7,8,FALSE,TRUE,FALSE,286.37,Driver Shortage,1
ORD100487,2024-05-18,DTDC,Lucknow-Patna,East,Economy,7,8,FALSE,TRUE,FALSE,393.3,Customs Hold,1
ORD100488,2024-04-30,Ekart,Surat-Nagpur,West,Economy,8,9,FALSE,TRUE,FALSE,206.09,None,1
ORD100489,2024-01-28,BlueDart,Chennai-Pune,South,Express,1,2,FALSE,TRUE,FALSE,775.84,High Volume Surge,1
ORD100490,2024-11-16,XpressBees,Delhi-Mumbai,North,Economy,6,8,FALSE,FALSE,FALSE,387.17,Customs Hold,2
ORD100491,2024-08-27,Delhivery,Bangalore-Hyderabad,South,Economy,6,6,TRUE,FALSE,FALSE,213.7,Customs Hold,0
ORD100492,2024-03-31,Ekart,Bhopal-Indore,Central,Economy,7,7,TRUE,TRUE,TRUE,228.7,None,0
ORD100493,2024-04-26,DTDC,Kochi-Coimbatore,South,Standard,5,8,FALSE,TRUE,FALSE,531.52,High Volume Surge,3
ORD100494,2024-06-25,XpressBees,Mumbai-Chennai,West,Standard,4,5,FALSE,TRUE,FALSE,498.26,Vehicle Breakdown,1
ORD100495,2024-11-01,XpressBees,Chennai-Pune,South,Economy,6,9,FALSE,TRUE,FALSE,237.17,Address Issue,3
ORD100496,2024-07-18,BlueDart,Kolkata-Delhi,North,Economy,7,9,FALSE,TRUE,FALSE,299.1,Driver Shortage,2
ORD100497,2024-05-25,Delhivery,Lucknow-Patna,East,Standard,3,5,FALSE,TRUE,FALSE,708.69,Address Issue,2
ORD100498,2024-11-22,Ekart,Bhopal-Indore,Central,Standard,3,3,TRUE,TRUE,TRUE,431.06,None,0
ORD100499,2024-02-22,DTDC,Surat-Nagpur,West,Standard,4,7,FALSE,TRUE,FALSE,452,Vehicle Breakdown,3
ORD100500,2024-09-09,Ekart,Chennai-Pune,South,Express,2,2,TRUE,TRUE,TRUE,790.62,None,0
ORD100501,2024-01-29,Ekart,Kolkata-Delhi,North,Standard,4,6,FALSE,TRUE,FALSE,668.35,Vehicle Breakdown,2
ORD100502,2024-01-07,XpressBees,Chennai-Pune,South,Express,2,2,TRUE,TRUE,TRUE,954.36,None,0
ORD100503,2024-08-23,Delhivery,Mumbai-Chennai,West,Standard,4,4,TRUE,TRUE,TRUE,408.02,None,0
ORD100504,2024-10-08,DTDC,Mumbai-Chennai,West,Economy,6,8,FALSE,TRUE,FALSE,246.68,Weather Delay,2
ORD100505,2024-12-07,BlueDart,Bhopal-Indore,Central,Standard,4,4,TRUE,TRUE,TRUE,484.88,None,0
ORD100506,2024-01-22,BlueDart,Kolkata-Delhi,North,Express,2,4,FALSE,TRUE,FALSE,1085.99,Weather Delay,2
ORD100507,2024-12-17,XpressBees,Kochi-Coimbatore,South,Economy,8,8,TRUE,TRUE,TRUE,252.94,None,0
ORD100508,2024-10-01,Ekart,Kochi-Coimbatore,South,Economy,6,6,TRUE,TRUE,TRUE,204.77,None,0
ORD100509,2024-06-26,Delhivery,Mumbai-Chennai,West,Standard,3,3,TRUE,TRUE,TRUE,475.97,None,0
ORD100510,2024-01-21,Delhivery,Surat-Nagpur,West,Express,2,2,TRUE,TRUE,TRUE,807.62,None,0
ORD100511,2024-11-02,XpressBees,Surat-Nagpur,West,Economy,7,10,FALSE,TRUE,FALSE,242.59,Address Issue,3
ORD100512,2024-11-22,Delhivery,Bhopal-Indore,Central,Express,1,2,FALSE,TRUE,FALSE,809.77,Weather Delay,1
ORD100513,2024-12-03,XpressBees,Bhopal-Indore,Central,Economy,6,6,TRUE,TRUE,TRUE,263.67,None,0
ORD100514,2024-09-24,XpressBees,Bhopal-Indore,Central,Express,2,4,FALSE,TRUE,FALSE,1017.74,None,2
ORD100515,2024-02-20,BlueDart,Mumbai-Chennai,West,Express,1,1,TRUE,TRUE,TRUE,847.51,None,0
ORD100516,2024-09-08,DTDC,Delhi-Mumbai,North,Economy,7,11,FALSE,FALSE,FALSE,337.38,Driver Shortage,4
ORD100517,2024-01-21,XpressBees,Mumbai-Chennai,West,Economy,6,8,FALSE,TRUE,FALSE,252.48,High Volume Surge,2
ORD100518,2024-07-16,Ekart,Mumbai-Chennai,West,Express,1,1,TRUE,TRUE,TRUE,804.27,None,0
ORD100519,2024-07-02,Delhivery,Kolkata-Delhi,North,Economy,8,9,FALSE,TRUE,FALSE,338.73,High Volume Surge,1
ORD100520,2024-06-10,XpressBees,Surat-Nagpur,West,Express,1,2,FALSE,TRUE,FALSE,1053.88,Address Issue,1
ORD100521,2024-10-06,Ekart,Bhopal-Indore,Central,Standard,4,5,FALSE,TRUE,FALSE,434.11,None,1
ORD100522,2024-03-10,XpressBees,Kolkata-Delhi,North,Economy,8,12,FALSE,TRUE,FALSE,426.33,High Volume Surge,4
ORD100523,2024-12-19,BlueDart,Chennai-Pune,South,Standard,3,3,TRUE,TRUE,TRUE,406.95,None,0
ORD100524,2024-10-25,DTDC,Chennai-Pune,South,Economy,8,10,FALSE,FALSE,FALSE,244.22,None,2
ORD100525,2024-03-29,Delhivery,Kolkata-Delhi,North,Standard,4,6,FALSE,TRUE,FALSE,562.4,Customs Hold,2
ORD100526,2024-08-01,DTDC,Surat-Nagpur,West,Express,2,3,FALSE,FALSE,FALSE,995.68,Customs Hold,1
ORD100527,2024-01-28,Delhivery,Mumbai-Chennai,West,Economy,8,8,TRUE,TRUE,TRUE,225.82,None,0
ORD100528,2024-08-16,DTDC,Chennai-Pune,South,Express,2,4,FALSE,TRUE,FALSE,980.54,Customs Hold,2
ORD100529,2024-10-19,DTDC,Kochi-Coimbatore,South,Economy,6,7,FALSE,TRUE,FALSE,240.27,None,1
ORD100530,2024-10-19,DTDC,Delhi-Mumbai,North,Standard,4,7,FALSE,TRUE,FALSE,687.17,Driver Shortage,3
ORD100531,2024-12-09,DTDC,Kolkata-Delhi,North,Economy,8,11,FALSE,FALSE,FALSE,426.13,None,3
ORD100532,2024-11-15,XpressBees,Lucknow-Patna,East,Standard,4,6,FALSE,TRUE,FALSE,749.57,Customs Hold,2
ORD100533,2024-01-28,XpressBees,Bangalore-Hyderabad,South,Express,1,1,TRUE,TRUE,TRUE,971.13,None,0
ORD100534,2024-10-06,DTDC,Kolkata-Delhi,North,Express,2,4,FALSE,TRUE,FALSE,1497.58,None,2
ORD100535,2024-07-11,Ekart,Bhopal-Indore,Central,Economy,7,7,TRUE,TRUE,TRUE,227.4,None,0
ORD100536,2024-01-28,DTDC,Kochi-Coimbatore,South,Express,2,2,TRUE,TRUE,TRUE,1094.39,None,0
ORD100537,2024-07-03,BlueDart,Surat-Nagpur,West,Express,2,2,TRUE,TRUE,TRUE,920.19,None,0
ORD100538,2024-06-10,BlueDart,Mumbai-Chennai,West,Standard,5,6,FALSE,TRUE,FALSE,439.26,Weather Delay,1
ORD100539,2024-01-12,DTDC,Surat-Nagpur,West,Economy,6,6,TRUE,TRUE,TRUE,284.51,None,0
ORD100540,2024-06-03,Delhivery,Delhi-Mumbai,North,Economy,7,10,FALSE,TRUE,FALSE,287.28,Driver Shortage,3
ORD100541,2024-03-18,DTDC,Kolkata-Delhi,North,Standard,3,8,FALSE,TRUE,FALSE,777.05,None,5
ORD100542,2024-05-03,XpressBees,Jaipur-Ahmedabad,North,Economy,6,7,FALSE,TRUE,FALSE,292.09,Customs Hold,1
ORD100543,2024-11-30,Delhivery,Kochi-Coimbatore,South,Standard,4,4,TRUE,TRUE,TRUE,416.86,None,0
ORD100544,2024-03-10,DTDC,Bangalore-Hyderabad,South,Economy,8,8,TRUE,TRUE,TRUE,274.33,None,0
ORD100545,2024-03-15,Delhivery,Lucknow-Patna,East,Economy,8,9,FALSE,TRUE,FALSE,335.27,None,1
ORD100546,2024-04-06,Ekart,Delhi-Mumbai,North,Standard,4,7,FALSE,TRUE,FALSE,714.98,Vehicle Breakdown,3
ORD100547,2024-11-01,Delhivery,Mumbai-Chennai,West,Express,1,1,TRUE,TRUE,TRUE,869.1,None,0
ORD100548,2024-11-28,Delhivery,Kolkata-Delhi,North,Economy,6,8,FALSE,TRUE,FALSE,317.6,Driver Shortage,2
ORD100549,2024-01-08,Delhivery,Jaipur-Ahmedabad,North,Standard,4,5,FALSE,TRUE,FALSE,422.39,None,1
ORD100550,2024-11-11,XpressBees,Chennai-Pune,South,Express,1,1,TRUE,TRUE,TRUE,1083.97,None,0
ORD100551,2024-06-09,Ekart,Surat-Nagpur,West,Standard,3,4,FALSE,TRUE,FALSE,408.76,Customs Hold,1
ORD100552,2024-10-02,DTDC,Lucknow-Patna,East,Economy,8,13,FALSE,TRUE,FALSE,363.05,High Volume Surge,5
ORD100553,2024-08-24,BlueDart,Lucknow-Patna,East,Economy,7,10,FALSE,TRUE,FALSE,339.23,Address Issue,3
ORD100554,2024-09-13,XpressBees,Bangalore-Hyderabad,South,Standard,5,5,TRUE,TRUE,TRUE,507.84,None,0
ORD100555,2024-01-13,Delhivery,Mumbai-Chennai,West,Economy,8,8,TRUE,TRUE,TRUE,212.23,None,0
ORD100556,2024-03-04,XpressBees,Bangalore-Hyderabad,South,Economy,8,9,FALSE,FALSE,FALSE,263.87,Vehicle Breakdown,1
ORD100557,2024-09-18,BlueDart,Mumbai-Chennai,West,Economy,7,7,TRUE,TRUE,TRUE,229.12,None,0
ORD100558,2024-03-17,Delhivery,Kochi-Coimbatore,South,Standard,5,6,FALSE,FALSE,FALSE,420.38,Driver Shortage,1
ORD100559,2024-11-16,Delhivery,Bangalore-Hyderabad,South,Express,1,2,FALSE,TRUE,FALSE,889.13,Address Issue,1
ORD100560,2024-08-22,BlueDart,Bangalore-Hyderabad,South,Express,1,1,TRUE,TRUE,TRUE,808.03,None,0
ORD100561,2024-11-03,XpressBees,Surat-Nagpur,West,Economy,6,9,FALSE,TRUE,FALSE,266.61,Weather Delay,3
ORD100562,2024-03-15,BlueDart,Kochi-Coimbatore,South,Express,2,2,TRUE,FALSE,FALSE,790.2,Weather Delay,0
ORD100563,2024-10-31,DTDC,Delhi-Mumbai,North,Economy,7,9,FALSE,FALSE,FALSE,380.92,Driver Shortage,2
ORD100564,2024-02-04,DTDC,Kochi-Coimbatore,South,Express,2,4,FALSE,TRUE,FALSE,912.66,Customs Hold,2
ORD100565,2024-01-30,DTDC,Lucknow-Patna,East,Express,2,4,FALSE,TRUE,FALSE,1423.31,High Volume Surge,2
ORD100566,2024-08-06,DTDC,Mumbai-Chennai,West,Economy,8,10,FALSE,TRUE,FALSE,295.93,Address Issue,2
ORD100567,2024-09-11,Ekart,Kochi-Coimbatore,South,Standard,5,5,TRUE,TRUE,TRUE,460.29,None,0
ORD100568,2024-11-16,XpressBees,Bhopal-Indore,Central,Standard,3,5,FALSE,TRUE,FALSE,525,None,2
ORD100569,2024-01-06,Delhivery,Mumbai-Chennai,West,Economy,7,8,FALSE,FALSE,FALSE,213.38,Vehicle Breakdown,1
ORD100570,2024-07-21,Ekart,Kolkata-Delhi,North,Standard,3,5,FALSE,TRUE,FALSE,566.63,Address Issue,2
ORD100571,2024-08-30,DTDC,Kochi-Coimbatore,South,Express,1,1,TRUE,TRUE,TRUE,1087.23,None,0
ORD100572,2024-01-29,Delhivery,Delhi-Mumbai,North,Standard,3,7,FALSE,TRUE,FALSE,635.81,Customs Hold,4
ORD100573,2024-10-22,Ekart,Bhopal-Indore,Central,Economy,8,8,TRUE,TRUE,TRUE,198.82,None,0
ORD100574,2024-07-11,Ekart,Jaipur-Ahmedabad,North,Express,1,1,TRUE,TRUE,TRUE,822.66,None,0
ORD100575,2024-12-27,Delhivery,Bhopal-Indore,Central,Economy,8,9,FALSE,TRUE,FALSE,203.14,Address Issue,1
ORD100576,2024-08-19,BlueDart,Jaipur-Ahmedabad,North,Standard,4,4,TRUE,TRUE,TRUE,426.39,None,0
ORD100577,2024-04-13,Delhivery,Chennai-Pune,South,Economy,7,7,TRUE,TRUE,TRUE,232.54,None,0
ORD100578,2024-03-14,XpressBees,Mumbai-Chennai,West,Economy,6,7,FALSE,TRUE,FALSE,295.78,Address Issue,1
ORD100579,2024-01-03,DTDC,Mumbai-Chennai,West,Economy,6,6,TRUE,TRUE,TRUE,274.62,None,0
ORD100580,2024-02-22,BlueDart,Chennai-Pune,South,Economy,8,8,TRUE,TRUE,TRUE,237.12,None,0
ORD100581,2024-05-21,Ekart,Bhopal-Indore,Central,Express,2,2,TRUE,TRUE,TRUE,797.73,None,0
ORD100582,2024-02-28,Ekart,Bhopal-Indore,Central,Standard,5,5,TRUE,TRUE,TRUE,419.17,None,0
ORD100583,2024-02-06,DTDC,Delhi-Mumbai,North,Economy,8,9,FALSE,TRUE,FALSE,415.42,Vehicle Breakdown,1
ORD100584,2024-01-28,DTDC,Chennai-Pune,South,Standard,5,6,FALSE,FALSE,FALSE,556.23,None,1
ORD100585,2024-09-30,XpressBees,Mumbai-Chennai,West,Standard,3,6,FALSE,TRUE,FALSE,556.33,Driver Shortage,3
ORD100586,2024-04-28,XpressBees,Mumbai-Chennai,West,Economy,6,7,FALSE,FALSE,FALSE,263.04,Customs Hold,1
ORD100587,2024-08-20,Delhivery,Kolkata-Delhi,North,Economy,7,10,FALSE,TRUE,FALSE,334.78,Address Issue,3
ORD100588,2024-03-28,BlueDart,Surat-Nagpur,West,Express,2,2,TRUE,TRUE,TRUE,843.41,None,0
ORD100589,2024-02-24,Ekart,Chennai-Pune,South,Economy,8,8,TRUE,TRUE,TRUE,215.85,None,0
ORD100590,2024-07-15,DTDC,Jaipur-Ahmedabad,North,Economy,6,8,FALSE,TRUE,FALSE,266.48,Customs Hold,2
ORD100591,2024-12-05,Ekart,Mumbai-Chennai,West,Express,2,3,FALSE,TRUE,FALSE,823.17,Vehicle Breakdown,1
ORD100592,2024-02-05,DTDC,Mumbai-Chennai,West,Standard,3,6,FALSE,TRUE,FALSE,498.27,Customs Hold,3
ORD100593,2024-04-21,BlueDart,Kochi-Coimbatore,South,Economy,8,9,FALSE,TRUE,FALSE,226.38,None,1
ORD100594,2024-08-16,DTDC,Bangalore-Hyderabad,South,Economy,6,6,TRUE,TRUE,TRUE,260.72,None,0
ORD100595,2024-10-25,Delhivery,Kolkata-Delhi,North,Economy,7,9,FALSE,TRUE,FALSE,362.97,Weather Delay,2
ORD100596,2024-02-26,DTDC,Delhi-Mumbai,North,Economy,7,9,FALSE,TRUE,FALSE,372.43,Address Issue,2
ORD100597,2024-10-06,BlueDart,Chennai-Pune,South,Express,2,3,FALSE,TRUE,FALSE,886,Customs Hold,1
ORD100598,2024-12-09,Delhivery,Kolkata-Delhi,North,Standard,3,5,FALSE,TRUE,FALSE,623.15,None,2
ORD100599,2024-12-02,Delhivery,Bangalore-Hyderabad,South,Express,1,1,TRUE,TRUE,TRUE,915.43,None,0
ORD100600,2024-04-02,Delhivery,Lucknow-Patna,East,Express,1,5,FALSE,TRUE,FALSE,1384.95,High Volume Surge,4
ORD100601,2024-05-01,DTDC,Surat-Nagpur,West,Standard,5,7,FALSE,TRUE,FALSE,522.42,Driver Shortage,2
ORD100602,2024-02-27,Ekart,Bhopal-Indore,Central,Standard,5,5,TRUE,FALSE,FALSE,408.41,Address Issue,0
ORD100603,2024-02-15,XpressBees,Kochi-Coimbatore,South,Economy,6,6,TRUE,TRUE,TRUE,264.58,None,0
ORD100604,2024-01-06,XpressBees,Kolkata-Delhi,North,Economy,8,13,FALSE,TRUE,FALSE,399.87,High Volume Surge,5
ORD100605,2024-01-19,XpressBees,Surat-Nagpur,West,Economy,7,9,FALSE,TRUE,FALSE,301.22,None,2
ORD100606,2024-03-27,Ekart,Kochi-Coimbatore,South,Economy,8,8,TRUE,TRUE,TRUE,218.82,None,0
ORD100607,2024-09-15,BlueDart,Kochi-Coimbatore,South,Economy,7,7,TRUE,TRUE,TRUE,201.63,None,0
ORD100608,2024-02-27,Ekart,Mumbai-Chennai,West,Standard,3,3,TRUE,TRUE,TRUE,428.13,None,0
ORD100609,2024-03-30,Delhivery,Kochi-Coimbatore,South,Economy,8,8,TRUE,TRUE,TRUE,214.27,None,0
ORD100610,2024-03-15,Delhivery,Chennai-Pune,South,Standard,3,3,TRUE,TRUE,TRUE,412.6,None,0
ORD100611,2024-10-22,Delhivery,Kochi-Coimbatore,South,Standard,4,5,FALSE,TRUE,FALSE,444.62,Vehicle Breakdown,1
ORD100612,2024-08-31,BlueDart,Jaipur-Ahmedabad,North,Economy,7,7,TRUE,TRUE,TRUE,218.42,None,0
ORD100613,2024-01-07,XpressBees,Chennai-Pune,South,Economy,8,9,FALSE,TRUE,FALSE,246.86,Customs Hold,1
ORD100614,2024-11-29,XpressBees,Chennai-Pune,South,Standard,5,6,FALSE,FALSE,FALSE,526.95,High Volume Surge,1
ORD100615,2024-08-24,Ekart,Chennai-Pune,South,Standard,4,4,TRUE,TRUE,TRUE,457.58,None,0
ORD100616,2024-02-23,DTDC,Kolkata-Delhi,North,Express,2,7,FALSE,TRUE,FALSE,1114.9,High Volume Surge,5
ORD100617,2024-02-17,Ekart,Surat-Nagpur,West,Express,2,2,TRUE,TRUE,TRUE,769.03,None,0
ORD100618,2024-10-16,DTDC,Delhi-Mumbai,North,Economy,6,11,FALSE,TRUE,FALSE,346,Driver Shortage,5
ORD100619,2024-02-08,BlueDart,Bangalore-Hyderabad,South,Economy,6,6,TRUE,TRUE,TRUE,227.06,None,0
ORD100620,2024-05-21,Ekart,Surat-Nagpur,West,Standard,5,5,TRUE,TRUE,TRUE,475.27,None,0
ORD100621,2024-09-08,XpressBees,Delhi-Mumbai,North,Standard,4,6,FALSE,TRUE,FALSE,724.12,Driver Shortage,2
ORD100622,2024-08-14,Delhivery,Mumbai-Chennai,West,Economy,7,7,TRUE,TRUE,TRUE,202.67,None,0
ORD100623,2024-08-16,BlueDart,Chennai-Pune,South,Express,1,1,TRUE,TRUE,TRUE,807.6,None,0
ORD100624,2024-09-01,XpressBees,Delhi-Mumbai,North,Express,1,5,FALSE,TRUE,FALSE,1668.63,Customs Hold,4
ORD100625,2024-06-19,XpressBees,Lucknow-Patna,East,Economy,6,9,FALSE,TRUE,FALSE,384.8,Address Issue,3
ORD100626,2024-10-10,XpressBees,Chennai-Pune,South,Express,1,2,FALSE,FALSE,FALSE,1067.14,Vehicle Breakdown,1
ORD100627,2024-04-07,XpressBees,Delhi-Mumbai,North,Economy,6,11,FALSE,TRUE,FALSE,352.05,Driver Shortage,5
ORD100628,2024-10-03,BlueDart,Bangalore-Hyderabad,South,Express,1,1,TRUE,TRUE,TRUE,775.71,None,0
ORD100629,2024-07-26,XpressBees,Chennai-Pune,South,Economy,7,7,TRUE,TRUE,TRUE,268.21,None,0
ORD100630,2024-10-23,Delhivery,Mumbai-Chennai,West,Economy,8,9,FALSE,TRUE,FALSE,236.29,Driver Shortage,1
ORD100631,2024-01-08,BlueDart,Kolkata-Delhi,North,Express,1,3,FALSE,TRUE,FALSE,1217.45,Vehicle Breakdown,2
ORD100632,2024-02-24,BlueDart,Bangalore-Hyderabad,South,Standard,3,4,FALSE,TRUE,FALSE,480.18,None,1
ORD100633,2024-12-13,XpressBees,Mumbai-Chennai,West,Economy,8,8,TRUE,TRUE,TRUE,277,None,0
ORD100634,2024-03-13,Ekart,Lucknow-Patna,East,Express,1,3,FALSE,TRUE,FALSE,1214.91,None,2
ORD100635,2024-11-19,Delhivery,Lucknow-Patna,East,Economy,7,10,FALSE,TRUE,FALSE,315.21,None,3
ORD100636,2024-08-01,XpressBees,Kochi-Coimbatore,South,Express,1,2,FALSE,FALSE,FALSE,886.16,Address Issue,1
ORD100637,2024-03-30,Delhivery,Surat-Nagpur,West,Express,1,1,TRUE,TRUE,TRUE,835.05,None,0
ORD100638,2024-06-27,BlueDart,Kochi-Coimbatore,South,Economy,6,7,FALSE,TRUE,FALSE,201.87,Address Issue,1
ORD100639,2024-09-16,BlueDart,Lucknow-Patna,East,Economy,6,7,FALSE,TRUE,FALSE,358.8,High Volume Surge,1
ORD100640,2024-03-22,XpressBees,Kolkata-Delhi,North,Economy,8,10,FALSE,TRUE,FALSE,458.09,Vehicle Breakdown,2
ORD100641,2024-02-23,BlueDart,Delhi-Mumbai,North,Economy,7,9,FALSE,TRUE,FALSE,326.86,Weather Delay,2
ORD100642,2024-12-12,DTDC,Delhi-Mumbai,North,Express,1,3,FALSE,FALSE,FALSE,1407.24,Driver Shortage,2
ORD100643,2024-04-12,Delhivery,Jaipur-Ahmedabad,North,Express,2,2,TRUE,TRUE,TRUE,890.42,None,0
ORD100644,2024-07-17,Delhivery,Lucknow-Patna,East,Express,2,6,FALSE,TRUE,FALSE,1147.11,Vehicle Breakdown,4
ORD100645,2024-04-13,Delhivery,Jaipur-Ahmedabad,North,Standard,5,5,TRUE,TRUE,TRUE,492.8,None,0
ORD100646,2024-08-22,Delhivery,Jaipur-Ahmedabad,North,Express,1,1,TRUE,TRUE,TRUE,909.78,None,0
ORD100647,2024-10-10,Delhivery,Lucknow-Patna,East,Standard,3,5,FALSE,TRUE,FALSE,686.1,None,2
ORD100648,2024-05-06,BlueDart,Kolkata-Delhi,North,Standard,5,7,FALSE,TRUE,FALSE,667.17,Driver Shortage,2
ORD100649,2024-08-28,Ekart,Kolkata-Delhi,North,Standard,5,6,FALSE,TRUE,FALSE,694.65,None,1
ORD100650,2024-09-10,BlueDart,Bhopal-Indore,Central,Standard,5,6,FALSE,TRUE,FALSE,476.82,Customs Hold,1
ORD100651,2024-01-09,BlueDart,Kolkata-Delhi,North,Economy,6,10,FALSE,TRUE,FALSE,282.72,Weather Delay,4
ORD100652,2024-03-11,Ekart,Surat-Nagpur,West,Express,2,2,TRUE,TRUE,TRUE,843.84,None,0
ORD100653,2024-05-31,Delhivery,Lucknow-Patna,East,Standard,5,7,FALSE,TRUE,FALSE,641.33,Weather Delay,2
ORD100654,2024-09-20,Ekart,Lucknow-Patna,East,Economy,8,11,FALSE,TRUE,FALSE,313.53,Weather Delay,3
ORD100655,2024-07-06,BlueDart,Jaipur-Ahmedabad,North,Express,2,2,TRUE,TRUE,TRUE,771.95,None,0
ORD100656,2024-10-24,DTDC,Bangalore-Hyderabad,South,Economy,6,8,FALSE,FALSE,FALSE,258.77,Driver Shortage,2
ORD100657,2024-03-03,Delhivery,Kolkata-Delhi,North,Standard,4,7,FALSE,TRUE,FALSE,575.18,High Volume Surge,3
ORD100658,2024-04-06,DTDC,Surat-Nagpur,West,Economy,8,10,FALSE,TRUE,FALSE,301.89,Weather Delay,2
ORD100659,2024-02-25,BlueDart,Surat-Nagpur,West,Express,2,2,TRUE,TRUE,TRUE,927.63,None,0
ORD100660,2024-05-30,Ekart,Bangalore-Hyderabad,South,Express,1,2,FALSE,TRUE,FALSE,799.72,Weather Delay,1
ORD100661,2024-11-26,DTDC,Lucknow-Patna,East,Express,2,6,FALSE,TRUE,FALSE,1142.73,High Volume Surge,4
ORD100662,2024-06-04,XpressBees,Jaipur-Ahmedabad,North,Economy,7,9,FALSE,TRUE,FALSE,272.93,Customs Hold,2
ORD100663,2024-05-27,Delhivery,Kochi-Coimbatore,South,Standard,3,3,TRUE,TRUE,TRUE,438.47,None,0
ORD100664,2024-03-30,Delhivery,Delhi-Mumbai,North,Standard,4,6,FALSE,TRUE,FALSE,610.99,None,2
ORD100665,2024-08-13,Delhivery,Bangalore-Hyderabad,South,Express,1,1,TRUE,TRUE,TRUE,862.67,None,0
ORD100666,2024-03-16,Ekart,Chennai-Pune,South,Express,1,1,TRUE,TRUE,TRUE,931.26,None,0
ORD100667,2024-06-12,XpressBees,Jaipur-Ahmedabad,North,Economy,6,8,FALSE,FALSE,FALSE,264.05,Customs Hold,2
ORD100668,2024-05-28,BlueDart,Bangalore-Hyderabad,South,Economy,8,8,TRUE,TRUE,TRUE,211,None,0
ORD100669,2024-03-12,Delhivery,Kochi-Coimbatore,South,Economy,8,9,FALSE,TRUE,FALSE,202.94,Weather Delay,1
ORD100670,2024-01-29,BlueDart,Bhopal-Indore,Central,Standard,3,4,FALSE,TRUE,FALSE,424.83,Address Issue,1
ORD100671,2024-04-10,Delhivery,Kochi-Coimbatore,South,Economy,8,8,TRUE,TRUE,TRUE,231.75,None,0
ORD100672,2024-01-29,BlueDart,Delhi-Mumbai,North,Economy,7,10,FALSE,TRUE,FALSE,311.44,High Volume Surge,3
ORD100673,2024-02-14,XpressBees,Jaipur-Ahmedabad,North,Express,2,4,FALSE,TRUE,FALSE,954.16,High Volume Surge,2
ORD100674,2024-10-27,XpressBees,Kolkata-Delhi,North,Economy,7,10,FALSE,TRUE,FALSE,447.6,None,3
ORD100675,2024-06-20,BlueDart,Kochi-Coimbatore,South,Express,1,1,TRUE,TRUE,TRUE,912.48,None,0
ORD100676,2024-03-11,DTDC,Mumbai-Chennai,West,Standard,3,4,FALSE,TRUE,FALSE,485.81,High Volume Surge,1
ORD100677,2024-08-25,Delhivery,Kolkata-Delhi,North,Standard,4,8,FALSE,FALSE,FALSE,743.15,High Volume Surge,4
ORD100678,2024-08-01,BlueDart,Kolkata-Delhi,North,Express,1,3,FALSE,TRUE,FALSE,1310.5,Address Issue,2
ORD100679,2024-07-04,XpressBees,Bangalore-Hyderabad,South,Economy,8,8,TRUE,FALSE,FALSE,279.33,None,0
ORD100680,2024-05-12,XpressBees,Kochi-Coimbatore,South,Economy,7,9,FALSE,TRUE,FALSE,270.95,Weather Delay,2
ORD100681,2024-08-02,DTDC,Bangalore-Hyderabad,South,Express,1,3,FALSE,TRUE,FALSE,893.52,None,2
ORD100682,2024-04-03,BlueDart,Jaipur-Ahmedabad,North,Standard,4,4,TRUE,TRUE,TRUE,473.98,None,0
ORD100683,2024-03-14,DTDC,Mumbai-Chennai,West,Express,2,3,FALSE,TRUE,FALSE,1024.68,Address Issue,1
ORD100684,2024-09-14,Delhivery,Delhi-Mumbai,North,Economy,7,10,FALSE,TRUE,FALSE,323.41,None,3
ORD100685,2024-01-09,Delhivery,Kolkata-Delhi,North,Economy,8,11,FALSE,TRUE,FALSE,319.89,None,3
ORD100686,2024-11-01,Ekart,Surat-Nagpur,West,Standard,5,5,TRUE,TRUE,TRUE,444.77,None,0
ORD100687,2024-03-06,Ekart,Bhopal-Indore,Central,Express,2,2,TRUE,TRUE,TRUE,785.16,None,0
ORD100688,2024-12-19,Delhivery,Bangalore-Hyderabad,South,Standard,3,3,TRUE,TRUE,TRUE,412.07,None,0
ORD100689,2024-10-30,BlueDart,Mumbai-Chennai,West,Express,2,3,FALSE,FALSE,FALSE,783.33,High Volume Surge,1
ORD100690,2024-04-12,XpressBees,Delhi-Mumbai,North,Express,2,3,FALSE,TRUE,FALSE,1767.13,None,1
ORD100691,2024-10-23,Ekart,Bangalore-Hyderabad,South,Express,1,1,TRUE,TRUE,TRUE,925.11,None,0
ORD100692,2024-01-08,Ekart,Jaipur-Ahmedabad,North,Express,1,1,TRUE,TRUE,TRUE,863.28,None,0
ORD100693,2024-01-03,Delhivery,Bhopal-Indore,Central,Economy,6,6,TRUE,TRUE,TRUE,231.18,None,0
ORD100694,2024-04-02,Delhivery,Mumbai-Chennai,West,Economy,8,9,FALSE,TRUE,FALSE,223.93,Weather Delay,1
ORD100695,2024-03-10,XpressBees,Jaipur-Ahmedabad,North,Standard,3,5,FALSE,TRUE,FALSE,542.6,High Volume Surge,2
ORD100696,2024-07-16,Ekart,Surat-Nagpur,West,Economy,7,7,TRUE,TRUE,TRUE,219.72,None,0
ORD100697,2024-08-31,XpressBees,Chennai-Pune,South,Economy,8,10,FALSE,TRUE,FALSE,285.13,Weather Delay,2
ORD100698,2024-12-12,Delhivery,Jaipur-Ahmedabad,North,Express,2,2,TRUE,TRUE,TRUE,853.85,None,0
ORD100699,2024-02-03,BlueDart,Mumbai-Chennai,West,Express,2,3,FALSE,TRUE,FALSE,931.19,Vehicle Breakdown,1
ORD100700,2024-10-24,Delhivery,Jaipur-Ahmedabad,North,Standard,3,4,FALSE,TRUE,FALSE,480.43,Address Issue,1
ORD100701,2024-07-26,Ekart,Kochi-Coimbatore,South,Economy,7,7,TRUE,TRUE,TRUE,224.54,None,0
ORD100702,2024-02-20,DTDC,Surat-Nagpur,West,Standard,3,4,FALSE,FALSE,FALSE,510.02,Weather Delay,1
ORD100703,2024-02-09,BlueDart,Delhi-Mumbai,North,Standard,5,6,FALSE,TRUE,FALSE,629.69,Weather Delay,1
ORD100704,2024-01-10,XpressBees,Bhopal-Indore,Central,Standard,3,5,FALSE,TRUE,FALSE,502.33,High Volume Surge,2
ORD100705,2024-03-25,XpressBees,Delhi-Mumbai,North,Express,2,6,FALSE,TRUE,FALSE,1305.34,Driver Shortage,4
ORD100706,2024-10-03,XpressBees,Surat-Nagpur,West,Express,2,5,FALSE,TRUE,FALSE,986.98,Driver Shortage,3
ORD100707,2024-11-11,XpressBees,Kochi-Coimbatore,South,Standard,5,5,TRUE,TRUE,TRUE,590.33,None,0
ORD100708,2024-07-06,Ekart,Jaipur-Ahmedabad,North,Standard,3,3,TRUE,TRUE,TRUE,416.54,None,0
ORD100709,2024-05-05,DTDC,Jaipur-Ahmedabad,North,Express,2,3,FALSE,TRUE,FALSE,1084.19,None,1
ORD100710,2024-10-02,Delhivery,Kolkata-Delhi,North,Economy,7,10,FALSE,TRUE,FALSE,279,Weather Delay,3
ORD100711,2024-12-22,BlueDart,Jaipur-Ahmedabad,North,Standard,5,6,FALSE,TRUE,FALSE,486.13,None,1
ORD100712,2024-06-21,DTDC,Surat-Nagpur,West,Express,2,4,FALSE,TRUE,FALSE,949.4,Vehicle Breakdown,2
ORD100713,2024-02-08,DTDC,Surat-Nagpur,West,Economy,7,7,TRUE,TRUE,TRUE,261.02,None,0
ORD100714,2024-04-25,Delhivery,Bhopal-Indore,Central,Standard,4,4,TRUE,TRUE,TRUE,456.62,None,0
ORD100715,2024-10-17,BlueDart,Kochi-Coimbatore,South,Economy,8,8,TRUE,TRUE,TRUE,210.03,None,0
ORD100716,2024-06-09,XpressBees,Bhopal-Indore,Central,Standard,3,4,FALSE,TRUE,FALSE,553.93,High Volume Surge,1
ORD100717,2024-10-22,XpressBees,Kolkata-Delhi,North,Standard,4,10,FALSE,TRUE,FALSE,862.4,Vehicle Breakdown,6
ORD100718,2024-10-16,Delhivery,Surat-Nagpur,West,Economy,8,9,FALSE,TRUE,FALSE,226.07,Customs Hold,1
ORD100719,2024-11-20,DTDC,Delhi-Mumbai,North,Express,2,4,FALSE,TRUE,FALSE,1465.4,Weather Delay,2
ORD100720,2024-06-07,XpressBees,Kolkata-Delhi,North,Standard,4,7,FALSE,TRUE,FALSE,658.42,None,3
ORD100721,2024-12-03,XpressBees,Surat-Nagpur,West,Economy,7,8,FALSE,TRUE,FALSE,230.08,Address Issue,1
ORD100722,2024-11-04,Delhivery,Bhopal-Indore,Central,Economy,6,7,FALSE,TRUE,FALSE,200.43,Address Issue,1
ORD100723,2024-03-12,BlueDart,Chennai-Pune,South,Standard,4,4,TRUE,TRUE,TRUE,480.58,None,0
ORD100724,2024-09-11,BlueDart,Kolkata-Delhi,North,Economy,8,11,FALSE,TRUE,FALSE,371.35,Address Issue,3
ORD100725,2024-07-18,Delhivery,Mumbai-Chennai,West,Economy,6,6,TRUE,TRUE,TRUE,223.71,None,0
ORD100726,2024-12-24,XpressBees,Kolkata-Delhi,North,Express,1,2,FALSE,TRUE,FALSE,1425.74,Address Issue,1
ORD100727,2024-07-04,Ekart,Mumbai-Chennai,West,Economy,7,8,FALSE,TRUE,FALSE,240.39,Vehicle Breakdown,1
ORD100728,2024-01-28,Ekart,Surat-Nagpur,West,Standard,3,3,TRUE,TRUE,TRUE,464.6,None,0
ORD100729,2024-08-14,Ekart,Kolkata-Delhi,North,Economy,7,9,FALSE,TRUE,FALSE,333.54,None,2
ORD100730,2024-08-12,BlueDart,Lucknow-Patna,East,Standard,4,6,FALSE,TRUE,FALSE,659.31,Vehicle Breakdown,2
ORD100731,2024-03-23,XpressBees,Jaipur-Ahmedabad,North,Express,2,3,FALSE,TRUE,FALSE,1073.79,Weather Delay,1
ORD100732,2024-08-15,DTDC,Chennai-Pune,South,Express,2,3,FALSE,TRUE,FALSE,855.48,Driver Shortage,1
ORD100733,2024-03-21,BlueDart,Bangalore-Hyderabad,South,Standard,3,3,TRUE,TRUE,TRUE,412.4,None,0
ORD100734,2024-12-17,DTDC,Kolkata-Delhi,North,Economy,8,12,FALSE,TRUE,FALSE,384.44,None,4
ORD100735,2024-07-12,Ekart,Kochi-Coimbatore,South,Standard,3,3,TRUE,TRUE,TRUE,421.37,None,0
ORD100736,2024-04-11,Delhivery,Kochi-Coimbatore,South,Express,1,1,TRUE,TRUE,TRUE,930.6,None,0
ORD100737,2024-10-17,Delhivery,Chennai-Pune,South,Express,2,3,FALSE,TRUE,FALSE,790.37,Vehicle Breakdown,1
ORD100738,2024-03-01,BlueDart,Mumbai-Chennai,West,Economy,8,9,FALSE,TRUE,FALSE,238.84,Customs Hold,1
ORD100739,2024-05-24,Delhivery,Kolkata-Delhi,North,Express,2,5,FALSE,TRUE,FALSE,1143.69,None,3
ORD100740,2024-08-22,XpressBees,Kolkata-Delhi,North,Express,2,3,FALSE,TRUE,FALSE,1316.84,Driver Shortage,1
ORD100741,2024-04-18,BlueDart,Mumbai-Chennai,West,Standard,3,3,TRUE,TRUE,TRUE,440.78,None,0
ORD100742,2024-12-09,XpressBees,Lucknow-Patna,East,Economy,8,10,FALSE,TRUE,FALSE,370.12,High Volume Surge,2
ORD100743,2024-01-22,BlueDart,Kochi-Coimbatore,South,Express,2,3,FALSE,TRUE,FALSE,832.1,High Volume Surge,1
ORD100744,2024-06-11,Delhivery,Kochi-Coimbatore,South,Standard,3,4,FALSE,TRUE,FALSE,484.01,None,1
ORD100745,2024-07-03,XpressBees,Bhopal-Indore,Central,Express,2,2,TRUE,FALSE,FALSE,1027.86,Driver Shortage,0
ORD100746,2024-10-11,Ekart,Lucknow-Patna,East,Standard,5,7,FALSE,TRUE,FALSE,636.04,Vehicle Breakdown,2
ORD100747,2024-05-13,BlueDart,Surat-Nagpur,West,Express,1,1,TRUE,TRUE,TRUE,771.1,None,0
ORD100748,2024-03-16,XpressBees,Bangalore-Hyderabad,South,Standard,3,4,FALSE,TRUE,FALSE,591.1,Weather Delay,1
ORD100749,2024-09-17,Ekart,Mumbai-Chennai,West,Express,1,1,TRUE,TRUE,TRUE,793.61,None,0
ORD100750,2024-02-09,DTDC,Chennai-Pune,South,Economy,8,8,TRUE,TRUE,TRUE,262.65,None,0
ORD100751,2024-03-19,XpressBees,Kolkata-Delhi,North,Economy,6,8,FALSE,TRUE,FALSE,397.15,Address Issue,2
ORD100752,2024-01-23,BlueDart,Delhi-Mumbai,North,Standard,5,9,FALSE,TRUE,FALSE,727.4,None,4
ORD100753,2024-02-06,XpressBees,Kochi-Coimbatore,South,Standard,5,7,FALSE,TRUE,FALSE,513.73,Weather Delay,2
ORD100754,2024-04-16,DTDC,Bhopal-Indore,Central,Standard,3,4,FALSE,TRUE,FALSE,624.39,None,1
ORD100755,2024-12-16,XpressBees,Bangalore-Hyderabad,South,Standard,4,6,FALSE,FALSE,FALSE,531.88,Address Issue,2
ORD100756,2024-09-07,Delhivery,Kochi-Coimbatore,South,Standard,5,5,TRUE,TRUE,TRUE,451.14,None,0
ORD100757,2024-11-18,XpressBees,Surat-Nagpur,West,Standard,4,7,FALSE,FALSE,FALSE,518.98,None,3
ORD100758,2024-09-25,BlueDart,Lucknow-Patna,East,Express,2,4,FALSE,TRUE,FALSE,1397.83,Driver Shortage,2
ORD100759,2024-03-17,Ekart,Mumbai-Chennai,West,Standard,4,4,TRUE,TRUE,TRUE,447.99,None,0
ORD100760,2024-01-24,Ekart,Bangalore-Hyderabad,South,Express,2,2,TRUE,TRUE,TRUE,858.67,None,0
ORD100761,2024-06-30,BlueDart,Bhopal-Indore,Central,Economy,7,8,FALSE,TRUE,FALSE,227.08,Address Issue,1
ORD100762,2024-12-26,DTDC,Chennai-Pune,South,Express,1,2,FALSE,TRUE,FALSE,945.3,None,1
ORD100763,2024-04-05,Ekart,Chennai-Pune,South,Economy,8,9,FALSE,TRUE,FALSE,217.8,Address Issue,1
ORD100764,2024-12-01,Delhivery,Kolkata-Delhi,North,Express,2,5,FALSE,TRUE,FALSE,1086.25,None,3
ORD100765,2024-12-11,XpressBees,Surat-Nagpur,West,Economy,7,10,FALSE,TRUE,FALSE,284.26,Driver Shortage,3
ORD100766,2024-01-14,Ekart,Lucknow-Patna,East,Express,1,2,FALSE,TRUE,FALSE,1364.55,None,1
ORD100767,2024-08-30,XpressBees,Kolkata-Delhi,North,Economy,6,10,FALSE,TRUE,FALSE,379.56,Vehicle Breakdown,4
ORD100768,2024-05-30,BlueDart,Lucknow-Patna,East,Express,1,3,FALSE,TRUE,FALSE,1313.4,Vehicle Breakdown,2
ORD100769,2024-09-10,XpressBees,Kochi-Coimbatore,South,Express,2,2,TRUE,TRUE,TRUE,1157.52,None,0
ORD100770,2024-09-06,DTDC,Kochi-Coimbatore,South,Economy,8,9,FALSE,TRUE,FALSE,268.18,Driver Shortage,1
ORD100771,2024-09-10,BlueDart,Kolkata-Delhi,North,Economy,6,8,FALSE,TRUE,FALSE,312.69,Weather Delay,2
ORD100772,2024-06-25,Ekart,Kochi-Coimbatore,South,Standard,5,6,FALSE,FALSE,FALSE,430.92,None,1
ORD100773,2024-12-02,Delhivery,Surat-Nagpur,West,Economy,6,6,TRUE,TRUE,TRUE,235.55,None,0
ORD100774,2024-07-03,Delhivery,Surat-Nagpur,West,Standard,5,6,FALSE,TRUE,FALSE,479.98,Driver Shortage,1
ORD100775,2024-09-04,Delhivery,Surat-Nagpur,West,Economy,6,6,TRUE,TRUE,TRUE,201.79,None,0
ORD100776,2024-04-30,Delhivery,Bangalore-Hyderabad,South,Express,1,2,FALSE,TRUE,FALSE,835.72,Address Issue,1
ORD100777,2024-08-08,DTDC,Kolkata-Delhi,North,Express,1,4,FALSE,TRUE,FALSE,1463.12,Address Issue,3
ORD100778,2024-05-16,DTDC,Mumbai-Chennai,West,Express,1,3,FALSE,TRUE,FALSE,1166.82,High Volume Surge,2
ORD100779,2024-02-26,DTDC,Bangalore-Hyderabad,South,Economy,8,8,TRUE,TRUE,TRUE,259.02,None,0
ORD100780,2024-07-04,DTDC,Mumbai-Chennai,West,Economy,6,8,FALSE,TRUE,FALSE,230.3,None,2
ORD100781,2024-03-11,Ekart,Bangalore-Hyderabad,South,Economy,7,8,FALSE,TRUE,FALSE,202.37,Address Issue,1
ORD100782,2024-06-23,Delhivery,Mumbai-Chennai,West,Standard,4,4,TRUE,TRUE,TRUE,477.82,None,0
ORD100783,2024-09-28,DTDC,Chennai-Pune,South,Express,1,2,FALSE,TRUE,FALSE,1031.58,None,1
ORD100784,2024-08-14,Delhivery,Lucknow-Patna,East,Express,2,5,FALSE,TRUE,FALSE,1352.07,Weather Delay,3
ORD100785,2024-03-25,BlueDart,Bangalore-Hyderabad,South,Economy,8,8,TRUE,TRUE,TRUE,211.85,None,0
ORD100786,2024-09-23,BlueDart,Lucknow-Patna,East,Standard,3,6,FALSE,TRUE,FALSE,608.41,Driver Shortage,3
ORD100787,2024-11-08,XpressBees,Chennai-Pune,South,Standard,5,7,FALSE,TRUE,FALSE,506.92,High Volume Surge,2
ORD100788,2024-06-03,XpressBees,Bangalore-Hyderabad,South,Standard,5,6,FALSE,TRUE,FALSE,607.26,Vehicle Breakdown,1
ORD100789,2024-10-03,BlueDart,Mumbai-Chennai,West,Economy,7,8,FALSE,TRUE,FALSE,230.56,None,1
ORD100790,2024-01-15,Delhivery,Chennai-Pune,South,Express,2,2,TRUE,TRUE,TRUE,792.2,None,0
ORD100791,2024-09-16,DTDC,Bhopal-Indore,Central,Standard,3,5,FALSE,TRUE,FALSE,460.5,Driver Shortage,2
ORD100792,2024-10-24,BlueDart,Jaipur-Ahmedabad,North,Express,1,2,FALSE,TRUE,FALSE,890.27,Vehicle Breakdown,1
ORD100793,2024-07-12,DTDC,Kochi-Coimbatore,South,Economy,6,7,FALSE,TRUE,FALSE,288.41,Driver Shortage,1
ORD100794,2024-02-20,Delhivery,Bhopal-Indore,Central,Express,2,2,TRUE,TRUE,TRUE,826.42,None,0
ORD100795,2024-02-09,XpressBees,Bangalore-Hyderabad,South,Standard,3,3,TRUE,TRUE,TRUE,477.8,None,0
ORD100796,2024-09-07,DTDC,Jaipur-Ahmedabad,North,Standard,5,8,FALSE,TRUE,FALSE,562.53,Driver Shortage,3
ORD100797,2024-04-18,Delhivery,Lucknow-Patna,East,Express,1,4,FALSE,TRUE,FALSE,1377.99,None,3
ORD100798,2024-07-08,XpressBees,Surat-Nagpur,West,Express,1,3,FALSE,TRUE,FALSE,1022.5,None,2
ORD100799,2024-06-04,Ekart,Kochi-Coimbatore,South,Express,1,1,TRUE,TRUE,TRUE,933.47,None,0
ORD100800,2024-09-07,XpressBees,Chennai-Pune,South,Express,1,2,FALSE,FALSE,FALSE,1171.61,None,1
ORD100801,2024-08-31,BlueDart,Delhi-Mumbai,North,Economy,7,8,FALSE,TRUE,FALSE,328.08,Customs Hold,1
ORD100802,2024-11-15,Delhivery,Kochi-Coimbatore,South,Express,2,3,FALSE,TRUE,FALSE,790.33,Weather Delay,1
ORD100803,2024-02-15,XpressBees,Kochi-Coimbatore,South,Standard,3,4,FALSE,TRUE,FALSE,626.57,Driver Shortage,1
ORD100804,2024-10-13,BlueDart,Bangalore-Hyderabad,South,Economy,8,8,TRUE,TRUE,TRUE,203.45,None,0
ORD100805,2024-08-31,Delhivery,Mumbai-Chennai,West,Economy,8,8,TRUE,TRUE,TRUE,220.96,None,0
ORD100806,2024-12-27,BlueDart,Bhopal-Indore,Central,Express,1,1,TRUE,TRUE,TRUE,799.99,None,0
ORD100807,2024-01-13,XpressBees,Kochi-Coimbatore,South,Express,2,3,FALSE,TRUE,FALSE,1058.74,None,1
ORD100808,2024-03-27,Ekart,Bhopal-Indore,Central,Standard,4,4,TRUE,TRUE,TRUE,413.94,None,0
ORD100809,2024-12-13,Delhivery,Chennai-Pune,South,Express,2,2,TRUE,TRUE,TRUE,926.87,None,0
ORD100810,2024-03-13,BlueDart,Bangalore-Hyderabad,South,Economy,7,7,TRUE,FALSE,FALSE,200.57,Address Issue,0
ORD100811,2024-07-16,Ekart,Lucknow-Patna,East,Standard,4,5,FALSE,TRUE,FALSE,698.35,High Volume Surge,1
ORD100812,2024-11-20,Ekart,Mumbai-Chennai,West,Express,2,3,FALSE,TRUE,FALSE,776.13,None,1
ORD100813,2024-08-16,BlueDart,Kolkata-Delhi,North,Standard,5,8,FALSE,TRUE,FALSE,697.53,Customs Hold,3
ORD100814,2024-01-22,DTDC,Mumbai-Chennai,West,Express,1,2,FALSE,TRUE,FALSE,1010.73,Customs Hold,1
ORD100815,2024-11-19,XpressBees,Delhi-Mumbai,North,Economy,7,10,FALSE,FALSE,FALSE,380.53,Address Issue,3
ORD100816,2024-08-09,DTDC,Kolkata-Delhi,North,Economy,7,8,FALSE,TRUE,FALSE,325.68,Address Issue,1
ORD100817,2024-08-23,DTDC,Kolkata-Delhi,North,Economy,7,11,FALSE,TRUE,FALSE,396.62,Vehicle Breakdown,4
ORD100818,2024-01-05,Ekart,Kochi-Coimbatore,South,Express,1,1,TRUE,TRUE,TRUE,765.73,None,0
ORD100819,2024-10-02,XpressBees,Bangalore-Hyderabad,South,Economy,8,11,FALSE,TRUE,FALSE,280.94,Weather Delay,3
ORD100820,2024-07-08,XpressBees,Delhi-Mumbai,North,Economy,6,9,FALSE,TRUE,FALSE,472.65,None,3
ORD100821,2024-04-23,XpressBees,Kolkata-Delhi,North,Express,1,4,FALSE,TRUE,FALSE,1556.27,Driver Shortage,3
ORD100822,2024-09-13,XpressBees,Kolkata-Delhi,North,Standard,3,6,FALSE,FALSE,FALSE,812.75,None,3
ORD100823,2024-02-03,Delhivery,Surat-Nagpur,West,Economy,6,6,TRUE,TRUE,TRUE,203.64,None,0
ORD100824,2024-12-20,Ekart,Bangalore-Hyderabad,South,Economy,6,6,TRUE,TRUE,TRUE,227.83,None,0
ORD100825,2024-08-09,DTDC,Bhopal-Indore,Central,Standard,5,8,FALSE,FALSE,FALSE,551.91,Address Issue,3
ORD100826,2024-08-03,Ekart,Lucknow-Patna,East,Express,2,4,FALSE,TRUE,FALSE,1165.46,None,2
ORD100827,2024-12-19,XpressBees,Bhopal-Indore,Central,Standard,3,4,FALSE,TRUE,FALSE,609.54,Vehicle Breakdown,1
ORD100828,2024-10-30,BlueDart,Lucknow-Patna,East,Express,1,2,FALSE,TRUE,FALSE,1162.63,Weather Delay,1
ORD100829,2024-06-19,Ekart,Jaipur-Ahmedabad,North,Express,1,2,FALSE,TRUE,FALSE,822.94,None,1
ORD100830,2024-02-13,Delhivery,Bhopal-Indore,Central,Express,2,2,TRUE,TRUE,TRUE,863.42,None,0
ORD100831,2024-11-08,BlueDart,Delhi-Mumbai,North,Standard,4,7,FALSE,TRUE,FALSE,629.26,None,3
ORD100832,2024-11-02,BlueDart,Lucknow-Patna,East,Express,1,4,FALSE,TRUE,FALSE,1105.09,Vehicle Breakdown,3
ORD100833,2024-11-29,BlueDart,Kochi-Coimbatore,South,Standard,4,5,FALSE,TRUE,FALSE,484.19,Address Issue,1
ORD100834,2024-10-20,XpressBees,Delhi-Mumbai,North,Economy,7,10,FALSE,FALSE,FALSE,383.17,None,3
ORD100835,2024-03-06,DTDC,Bangalore-Hyderabad,South,Standard,4,6,FALSE,TRUE,FALSE,507.53,Weather Delay,2
ORD100836,2024-06-07,DTDC,Chennai-Pune,South,Standard,5,7,FALSE,TRUE,FALSE,606.33,None,2
ORD100837,2024-03-15,Ekart,Kochi-Coimbatore,South,Standard,4,4,TRUE,TRUE,TRUE,464.19,None,0
ORD100838,2024-02-05,Delhivery,Delhi-Mumbai,North,Economy,8,10,FALSE,TRUE,FALSE,360.3,None,2
ORD100839,2024-11-11,Delhivery,Jaipur-Ahmedabad,North,Economy,7,8,FALSE,TRUE,FALSE,212.57,Address Issue,1
ORD100840,2024-04-24,XpressBees,Chennai-Pune,South,Standard,3,4,FALSE,TRUE,FALSE,576.48,Driver Shortage,1
ORD100841,2024-01-06,XpressBees,Kolkata-Delhi,North,Economy,6,8,FALSE,TRUE,FALSE,390.7,None,2
ORD100842,2024-10-26,Ekart,Mumbai-Chennai,West,Express,1,1,TRUE,TRUE,TRUE,798.05,None,0
ORD100843,2024-05-14,BlueDart,Jaipur-Ahmedabad,North,Express,1,1,TRUE,TRUE,TRUE,802.22,None,0
ORD100844,2024-05-14,Ekart,Bangalore-Hyderabad,South,Economy,6,6,TRUE,TRUE,TRUE,205.75,None,0
ORD100845,2024-06-05,BlueDart,Mumbai-Chennai,West,Economy,6,7,FALSE,TRUE,FALSE,236.94,Vehicle Breakdown,1
ORD100846,2024-11-15,Delhivery,Surat-Nagpur,West,Standard,4,4,TRUE,TRUE,TRUE,492.94,None,0
ORD100847,2024-05-05,BlueDart,Lucknow-Patna,East,Express,1,2,FALSE,TRUE,FALSE,1171.22,Driver Shortage,1
ORD100848,2024-09-07,DTDC,Delhi-Mumbai,North,Economy,6,10,FALSE,TRUE,FALSE,391.72,High Volume Surge,4
ORD100849,2024-09-12,BlueDart,Kolkata-Delhi,North,Standard,5,8,FALSE,TRUE,FALSE,686.15,Address Issue,3
ORD100850,2024-07-24,XpressBees,Bhopal-Indore,Central,Express,2,4,FALSE,TRUE,FALSE,1109.88,High Volume Surge,2
ORD100851,2024-04-21,BlueDart,Kochi-Coimbatore,South,Express,1,1,TRUE,TRUE,TRUE,804.85,None,0
ORD100852,2024-05-31,XpressBees,Chennai-Pune,South,Standard,5,5,TRUE,TRUE,TRUE,527.92,None,0
ORD100853,2024-07-07,DTDC,Surat-Nagpur,West,Standard,3,5,FALSE,TRUE,FALSE,542.76,Customs Hold,2
ORD100854,2024-11-26,Ekart,Surat-Nagpur,West,Standard,4,4,TRUE,TRUE,TRUE,426.04,None,0
ORD100855,2024-02-20,Ekart,Mumbai-Chennai,West,Express,2,2,TRUE,TRUE,TRUE,922.52,None,0
ORD100856,2024-05-08,BlueDart,Mumbai-Chennai,West,Standard,3,3,TRUE,TRUE,TRUE,465.76,None,0
ORD100857,2024-07-26,Ekart,Chennai-Pune,South,Express,1,1,TRUE,FALSE,FALSE,815.91,Customs Hold,0
ORD100858,2024-04-17,BlueDart,Kochi-Coimbatore,South,Standard,5,5,TRUE,TRUE,TRUE,425.48,None,0
ORD100859,2024-04-06,Delhivery,Surat-Nagpur,West,Economy,8,9,FALSE,TRUE,FALSE,218.3,Address Issue,1
ORD100860,2024-12-03,XpressBees,Lucknow-Patna,East,Express,2,6,FALSE,TRUE,FALSE,1534.63,None,4
ORD100861,2024-06-02,Ekart,Jaipur-Ahmedabad,North,Express,2,3,FALSE,TRUE,FALSE,833.57,High Volume Surge,1
ORD100862,2024-11-04,DTDC,Jaipur-Ahmedabad,North,Express,1,1,TRUE,TRUE,TRUE,1119.08,None,0
ORD100863,2024-11-23,DTDC,Kochi-Coimbatore,South,Standard,4,5,FALSE,FALSE,FALSE,527.11,Customs Hold,1
ORD100864,2024-04-11,BlueDart,Chennai-Pune,South,Express,1,1,TRUE,FALSE,FALSE,882.13,Vehicle Breakdown,0
ORD100865,2024-09-22,XpressBees,Mumbai-Chennai,West,Standard,3,3,TRUE,TRUE,TRUE,456.93,None,0
ORD100866,2024-04-15,Delhivery,Delhi-Mumbai,North,Standard,4,6,FALSE,TRUE,FALSE,592.6,Customs Hold,2
ORD100867,2024-09-14,Delhivery,Bangalore-Hyderabad,South,Standard,4,5,FALSE,TRUE,FALSE,456.76,Vehicle Breakdown,1
ORD100868,2024-11-05,Ekart,Surat-Nagpur,West,Express,1,1,TRUE,TRUE,TRUE,905.18,None,0
ORD100869,2024-12-30,DTDC,Kolkata-Delhi,North,Standard,5,9,FALSE,TRUE,FALSE,852.79,Driver Shortage,4
ORD100870,2024-04-03,XpressBees,Chennai-Pune,South,Economy,6,7,FALSE,TRUE,FALSE,265.52,Driver Shortage,1
ORD100871,2024-05-20,BlueDart,Kochi-Coimbatore,South,Standard,5,5,TRUE,TRUE,TRUE,483.35,None,0
ORD100872,2024-10-10,Ekart,Bhopal-Indore,Central,Economy,6,6,TRUE,TRUE,TRUE,216.1,None,0
ORD100873,2024-04-16,Ekart,Mumbai-Chennai,West,Express,1,1,TRUE,TRUE,TRUE,793.02,None,0
ORD100874,2024-08-24,BlueDart,Bhopal-Indore,Central,Standard,3,3,TRUE,TRUE,TRUE,465.81,None,0
ORD100875,2024-12-09,Ekart,Lucknow-Patna,East,Economy,7,9,FALSE,FALSE,FALSE,315.19,None,2
ORD100876,2024-05-22,XpressBees,Surat-Nagpur,West,Standard,3,3,TRUE,TRUE,TRUE,531.27,None,0
ORD100877,2024-07-19,Delhivery,Bangalore-Hyderabad,South,Express,1,1,TRUE,TRUE,TRUE,855.89,None,0
ORD100878,2024-04-20,BlueDart,Bangalore-Hyderabad,South,Economy,6,6,TRUE,TRUE,TRUE,213.76,None,0
ORD100879,2024-05-07,DTDC,Delhi-Mumbai,North,Express,2,5,FALSE,TRUE,FALSE,1184.18,Vehicle Breakdown,3
ORD100880,2024-06-21,Delhivery,Jaipur-Ahmedabad,North,Express,1,1,TRUE,TRUE,TRUE,933.18,None,0
ORD100881,2024-10-14,BlueDart,Kolkata-Delhi,North,Express,1,4,FALSE,TRUE,FALSE,1119.01,Address Issue,3
ORD100882,2024-04-18,DTDC,Kolkata-Delhi,North,Express,2,4,FALSE,TRUE,FALSE,1330.49,Customs Hold,2
ORD100883,2024-09-12,Delhivery,Surat-Nagpur,West,Express,2,2,TRUE,FALSE,FALSE,915.53,High Volume Surge,0
ORD100884,2024-03-09,DTDC,Mumbai-Chennai,West,Economy,6,7,FALSE,TRUE,FALSE,296.38,Driver Shortage,1
ORD100885,2024-02-04,Delhivery,Jaipur-Ahmedabad,North,Economy,8,8,TRUE,TRUE,TRUE,227.32,None,0
ORD100886,2024-10-27,BlueDart,Jaipur-Ahmedabad,North,Economy,8,9,FALSE,TRUE,FALSE,226.19,None,1
ORD100887,2024-07-10,Delhivery,Delhi-Mumbai,North,Express,1,3,FALSE,TRUE,FALSE,1329.19,None,2
ORD100888,2024-08-15,Ekart,Surat-Nagpur,West,Express,1,2,FALSE,TRUE,FALSE,771.44,High Volume Surge,1
ORD100889,2024-11-27,Delhivery,Jaipur-Ahmedabad,North,Standard,4,4,TRUE,TRUE,TRUE,492.98,None,0
ORD100890,2024-12-06,BlueDart,Chennai-Pune,South,Express,2,2,TRUE,TRUE,TRUE,856.68,None,0
ORD100891,2024-01-27,Delhivery,Kolkata-Delhi,North,Economy,7,10,FALSE,TRUE,FALSE,299.04,Vehicle Breakdown,3
ORD100892,2024-04-14,Delhivery,Bangalore-Hyderabad,South,Express,1,1,TRUE,TRUE,TRUE,906.31,None,0
ORD100893,2024-08-17,DTDC,Kolkata-Delhi,North,Express,2,6,FALSE,TRUE,FALSE,1397.87,High Volume Surge,4
ORD100894,2024-03-20,Ekart,Kolkata-Delhi,North,Standard,3,6,FALSE,TRUE,FALSE,638.52,Customs Hold,3
ORD100895,2024-10-31,BlueDart,Surat-Nagpur,West,Standard,4,4,TRUE,TRUE,TRUE,487.94,None,0
ORD100896,2024-08-20,Delhivery,Bhopal-Indore,Central,Economy,8,8,TRUE,TRUE,TRUE,218.4,None,0
ORD100897,2024-01-07,XpressBees,Chennai-Pune,South,Economy,8,9,FALSE,TRUE,FALSE,256.81,Weather Delay,1
ORD100898,2024-06-06,Ekart,Bhopal-Indore,Central,Standard,4,5,FALSE,TRUE,FALSE,492.34,Customs Hold,1
ORD100899,2024-04-09,BlueDart,Kochi-Coimbatore,South,Standard,3,3,TRUE,TRUE,TRUE,455.9,None,0
ORD100900,2024-05-06,Ekart,Lucknow-Patna,East,Economy,7,11,FALSE,TRUE,FALSE,282.85,Customs Hold,4
ORD100901,2024-05-06,XpressBees,Kolkata-Delhi,North,Express,2,7,FALSE,TRUE,FALSE,1449.84,Address Issue,5
ORD100902,2024-07-22,DTDC,Kochi-Coimbatore,South,Economy,6,6,TRUE,TRUE,TRUE,292.89,None,0
ORD100903,2024-09-29,BlueDart,Kochi-Coimbatore,South,Economy,6,7,FALSE,TRUE,FALSE,216.78,High Volume Surge,1
ORD100904,2024-04-17,DTDC,Lucknow-Patna,East,Standard,5,9,FALSE,FALSE,FALSE,886.6,None,4
ORD100905,2024-08-08,Ekart,Lucknow-Patna,East,Express,1,3,FALSE,TRUE,FALSE,1280.91,Address Issue,2
ORD100906,2024-02-26,Delhivery,Bangalore-Hyderabad,South,Standard,3,3,TRUE,TRUE,TRUE,421.38,None,0
ORD100907,2024-07-28,DTDC,Surat-Nagpur,West,Express,1,1,TRUE,TRUE,TRUE,1006.47,None,0
ORD100908,2024-04-30,DTDC,Surat-Nagpur,West,Express,1,1,TRUE,FALSE,FALSE,872.87,None,0
ORD100909,2024-01-22,XpressBees,Surat-Nagpur,West,Economy,6,6,TRUE,TRUE,TRUE,293.42,None,0
ORD100910,2024-08-30,Delhivery,Mumbai-Chennai,West,Economy,6,7,FALSE,TRUE,FALSE,241.42,Customs Hold,1
ORD100911,2024-11-08,DTDC,Jaipur-Ahmedabad,North,Standard,4,5,FALSE,TRUE,FALSE,618.66,Customs Hold,1
ORD100912,2024-11-04,Ekart,Delhi-Mumbai,North,Standard,3,5,FALSE,TRUE,FALSE,682.13,Weather Delay,2
ORD100913,2024-09-20,DTDC,Mumbai-Chennai,West,Standard,5,5,TRUE,TRUE,TRUE,597.94,None,0
ORD100914,2024-11-06,Delhivery,Lucknow-Patna,East,Express,2,3,FALSE,TRUE,FALSE,1416.02,Vehicle Breakdown,1
ORD100915,2024-12-03,XpressBees,Surat-Nagpur,West,Economy,8,8,TRUE,TRUE,TRUE,307.37,None,0
ORD100916,2024-09-15,XpressBees,Mumbai-Chennai,West,Standard,5,5,TRUE,TRUE,TRUE,606.56,None,0
ORD100917,2024-05-04,Delhivery,Delhi-Mumbai,North,Standard,3,6,FALSE,TRUE,FALSE,595.65,Vehicle Breakdown,3
ORD100918,2024-05-23,Delhivery,Kolkata-Delhi,North,Economy,8,9,FALSE,TRUE,FALSE,310.6,Customs Hold,1
ORD100919,2024-06-19,Ekart,Kolkata-Delhi,North,Economy,7,10,FALSE,TRUE,FALSE,356.17,Driver Shortage,3
ORD100920,2024-04-29,DTDC,Kolkata-Delhi,North,Economy,6,11,FALSE,TRUE,FALSE,429.96,Customs Hold,5
ORD100921,2024-10-20,Ekart,Kolkata-Delhi,North,Express,2,3,FALSE,TRUE,FALSE,1406.99,Weather Delay,1
ORD100922,2024-04-07,Delhivery,Jaipur-Ahmedabad,North,Standard,4,4,TRUE,TRUE,TRUE,458.11,None,0
ORD100923,2024-04-22,XpressBees,Lucknow-Patna,East,Standard,4,7,FALSE,FALSE,FALSE,717.38,Address Issue,3
ORD100924,2024-03-04,XpressBees,Surat-Nagpur,West,Express,2,2,TRUE,TRUE,TRUE,1084.35,None,0
ORD100925,2024-04-17,DTDC,Chennai-Pune,South,Standard,5,6,FALSE,TRUE,FALSE,530.63,Vehicle Breakdown,1
ORD100926,2024-01-12,BlueDart,Kolkata-Delhi,North,Express,2,6,FALSE,TRUE,FALSE,1421.1,None,4
ORD100927,2024-05-24,XpressBees,Bhopal-Indore,Central,Standard,4,7,FALSE,TRUE,FALSE,550.92,Address Issue,3
ORD100928,2024-12-22,DTDC,Kolkata-Delhi,North,Standard,3,5,FALSE,TRUE,FALSE,756.61,None,2
ORD100929,2024-11-29,Ekart,Surat-Nagpur,West,Express,1,1,TRUE,TRUE,TRUE,798.26,None,0
ORD100930,2024-01-29,Ekart,Delhi-Mumbai,North,Economy,8,9,FALSE,TRUE,FALSE,363.45,None,1
ORD100931,2024-06-22,Ekart,Mumbai-Chennai,West,Standard,3,3,TRUE,TRUE,TRUE,451.39,None,0
ORD100932,2024-11-30,XpressBees,Kochi-Coimbatore,South,Express,2,2,TRUE,FALSE,FALSE,962.87,Vehicle Breakdown,0
ORD100933,2024-03-03,BlueDart,Lucknow-Patna,East,Standard,5,7,FALSE,TRUE,FALSE,582.08,None,2
ORD100934,2024-09-04,DTDC,Surat-Nagpur,West,Express,1,4,FALSE,TRUE,FALSE,1124.21,None,3
ORD100935,2024-12-24,Ekart,Lucknow-Patna,East,Economy,6,7,FALSE,TRUE,FALSE,366.41,None,1
ORD100936,2024-04-16,XpressBees,Delhi-Mumbai,North,Economy,8,12,FALSE,TRUE,FALSE,426.79,None,4
ORD100937,2024-03-06,Delhivery,Mumbai-Chennai,West,Economy,8,8,TRUE,FALSE,FALSE,217.68,Weather Delay,0
ORD100938,2024-01-18,Delhivery,Kochi-Coimbatore,South,Economy,6,6,TRUE,TRUE,TRUE,235.46,None,0
ORD100939,2024-12-02,BlueDart,Mumbai-Chennai,West,Economy,7,7,TRUE,TRUE,TRUE,205.55,None,0
ORD100940,2024-06-29,Delhivery,Delhi-Mumbai,North,Standard,3,6,FALSE,TRUE,FALSE,655.01,High Volume Surge,3
ORD100941,2024-04-20,DTDC,Kochi-Coimbatore,South,Economy,6,8,FALSE,TRUE,FALSE,221.36,None,2
ORD100942,2024-07-14,DTDC,Bangalore-Hyderabad,South,Economy,6,8,FALSE,TRUE,FALSE,269.81,Address Issue,2
ORD100943,2024-11-20,XpressBees,Bangalore-Hyderabad,South,Standard,3,5,FALSE,TRUE,FALSE,477.8,Address Issue,2
ORD100944,2024-11-05,Ekart,Kolkata-Delhi,North,Economy,8,11,FALSE,TRUE,FALSE,325.3,Weather Delay,3
ORD100945,2024-06-19,BlueDart,Kolkata-Delhi,North,Standard,3,6,FALSE,TRUE,FALSE,618.08,None,3
ORD100946,2024-04-23,Delhivery,Chennai-Pune,South,Express,2,2,TRUE,TRUE,TRUE,931.51,None,0
ORD100947,2024-05-24,BlueDart,Lucknow-Patna,East,Express,1,4,FALSE,TRUE,FALSE,1204.71,High Volume Surge,3
ORD100948,2024-07-18,Ekart,Bhopal-Indore,Central,Economy,6,6,TRUE,TRUE,TRUE,239.65,None,0
ORD100949,2024-09-19,Ekart,Bangalore-Hyderabad,South,Economy,8,9,FALSE,TRUE,FALSE,203.61,None,1
ORD100950,2024-07-08,Delhivery,Bangalore-Hyderabad,South,Express,2,2,TRUE,TRUE,TRUE,888.32,None,0
ORD100951,2024-04-27,DTDC,Kolkata-Delhi,North,Standard,5,8,FALSE,TRUE,FALSE,794.37,Driver Shortage,3
ORD100952,2024-02-09,BlueDart,Chennai-Pune,South,Standard,4,4,TRUE,TRUE,TRUE,462.12,None,0
ORD100953,2024-12-12,BlueDart,Kolkata-Delhi,North,Express,1,2,FALSE,TRUE,FALSE,1322.82,Customs Hold,1
ORD100954,2024-01-04,Delhivery,Bhopal-Indore,Central,Standard,4,4,TRUE,TRUE,TRUE,460.47,None,0
ORD100955,2024-03-30,DTDC,Lucknow-Patna,East,Economy,7,10,FALSE,TRUE,FALSE,464.79,Vehicle Breakdown,3
ORD100956,2024-07-10,Ekart,Mumbai-Chennai,West,Express,2,2,TRUE,TRUE,TRUE,829.45,None,0
ORD100957,2024-05-15,Ekart,Mumbai-Chennai,West,Economy,6,6,TRUE,TRUE,TRUE,219.26,None,0
ORD100958,2024-08-25,BlueDart,Kolkata-Delhi,North,Economy,8,12,FALSE,TRUE,FALSE,332.63,Weather Delay,4
ORD100959,2024-07-24,XpressBees,Kochi-Coimbatore,South,Express,2,3,FALSE,TRUE,FALSE,896.67,Vehicle Breakdown,1
ORD100960,2024-03-04,BlueDart,Jaipur-Ahmedabad,North,Express,2,3,FALSE,TRUE,FALSE,854.95,Customs Hold,1
ORD100961,2024-07-05,BlueDart,Surat-Nagpur,West,Express,2,2,TRUE,TRUE,TRUE,828.63,None,0
ORD100962,2024-07-02,Delhivery,Lucknow-Patna,East,Economy,7,9,FALSE,TRUE,FALSE,292.31,Weather Delay,2
ORD100963,2024-04-11,BlueDart,Kolkata-Delhi,North,Express,2,3,FALSE,TRUE,FALSE,1398.54,None,1
ORD100964,2024-07-23,Ekart,Surat-Nagpur,West,Express,2,3,FALSE,TRUE,FALSE,900.97,Address Issue,1
ORD100965,2024-12-13,XpressBees,Bhopal-Indore,Central,Express,1,1,TRUE,FALSE,FALSE,896.86,Weather Delay,0
ORD100966,2024-03-19,XpressBees,Jaipur-Ahmedabad,North,Economy,8,9,FALSE,TRUE,FALSE,233.18,High Volume Surge,1
ORD100967,2024-05-06,Delhivery,Bhopal-Indore,Central,Express,2,2,TRUE,TRUE,TRUE,934.02,None,0
ORD100968,2024-03-02,Delhivery,Lucknow-Patna,East,Standard,5,6,FALSE,TRUE,FALSE,718.47,None,1
ORD100969,2024-01-27,XpressBees,Bangalore-Hyderabad,South,Express,2,2,TRUE,TRUE,TRUE,954.73,None,0
ORD100970,2024-02-26,XpressBees,Lucknow-Patna,East,Economy,7,12,FALSE,TRUE,FALSE,344.29,None,5
ORD100971,2024-01-01,Ekart,Chennai-Pune,South,Standard,4,5,FALSE,TRUE,FALSE,485.56,None,1
ORD100972,2024-06-20,Ekart,Delhi-Mumbai,North,Express,2,4,FALSE,TRUE,FALSE,1059.42,Address Issue,2
ORD100973,2024-07-04,BlueDart,Chennai-Pune,South,Express,1,1,TRUE,TRUE,TRUE,891.02,None,0
ORD100974,2024-03-07,DTDC,Kochi-Coimbatore,South,Economy,7,7,TRUE,TRUE,TRUE,278.95,None,0
ORD100975,2024-02-08,BlueDart,Kochi-Coimbatore,South,Express,1,1,TRUE,TRUE,TRUE,922.34,None,0
ORD100976,2024-04-08,DTDC,Bhopal-Indore,Central,Standard,4,7,FALSE,TRUE,FALSE,535.84,None,3
ORD100977,2024-01-12,DTDC,Lucknow-Patna,East,Economy,7,11,FALSE,TRUE,FALSE,390.45,High Volume Surge,4
ORD100978,2024-07-22,DTDC,Bangalore-Hyderabad,South,Standard,5,5,TRUE,FALSE,FALSE,578.1,Driver Shortage,0
ORD100979,2024-04-15,DTDC,Surat-Nagpur,West,Economy,6,7,FALSE,TRUE,FALSE,273.37,Address Issue,1
ORD100980,2024-08-21,BlueDart,Bangalore-Hyderabad,South,Express,1,1,TRUE,TRUE,TRUE,899.41,None,0
ORD100981,2024-01-24,DTDC,Bhopal-Indore,Central,Standard,4,4,TRUE,TRUE,TRUE,508.86,None,0
ORD100982,2024-03-09,Delhivery,Bhopal-Indore,Central,Standard,3,3,TRUE,TRUE,TRUE,430,None,0
ORD100983,2024-06-26,BlueDart,Chennai-Pune,South,Economy,6,6,TRUE,TRUE,TRUE,198.06,None,0
ORD100984,2024-11-09,Ekart,Kochi-Coimbatore,South,Standard,3,3,TRUE,TRUE,TRUE,441.75,None,0
ORD100985,2024-03-31,Ekart,Chennai-Pune,South,Express,1,1,TRUE,TRUE,TRUE,929.09,None,0
ORD100986,2024-11-30,BlueDart,Chennai-Pune,South,Economy,8,8,TRUE,TRUE,TRUE,228.28,None,0
ORD100987,2024-03-20,DTDC,Chennai-Pune,South,Economy,6,7,FALSE,TRUE,FALSE,257.49,Customs Hold,1
ORD100988,2024-04-02,Delhivery,Surat-Nagpur,West,Economy,8,9,FALSE,TRUE,FALSE,237.7,None,1
ORD100989,2024-06-07,Delhivery,Surat-Nagpur,West,Express,1,2,FALSE,TRUE,FALSE,795.67,None,1
ORD100990,2024-05-05,Delhivery,Bangalore-Hyderabad,South,Standard,5,5,TRUE,TRUE,TRUE,411.48,None,0
ORD100991,2024-01-23,XpressBees,Surat-Nagpur,West,Express,1,3,FALSE,TRUE,FALSE,903.45,Driver Shortage,2
ORD100992,2024-01-05,Delhivery,Bangalore-Hyderabad,South,Express,2,2,TRUE,TRUE,TRUE,866.94,None,0
ORD100993,2024-06-06,DTDC,Mumbai-Chennai,West,Economy,7,9,FALSE,TRUE,FALSE,266.45,Vehicle Breakdown,2
ORD100994,2024-02-22,XpressBees,Jaipur-Ahmedabad,North,Express,1,1,TRUE,TRUE,TRUE,1018.04,None,0
ORD100995,2024-07-16,Ekart,Bhopal-Indore,Central,Express,2,2,TRUE,FALSE,FALSE,803.13,None,0
ORD100996,2024-12-17,Ekart,Bangalore-Hyderabad,South,Economy,7,7,TRUE,TRUE,TRUE,228.11,None,0
ORD100997,2024-06-19,XpressBees,Mumbai-Chennai,West,Express,1,1,TRUE,TRUE,TRUE,899.61,None,0
ORD100998,2024-11-03,Ekart,Mumbai-Chennai,West,Express,1,1,TRUE,TRUE,TRUE,855.18,None,0
ORD100999,2024-12-30,XpressBees,Bangalore-Hyderabad,South,Express,2,4,FALSE,TRUE,FALSE,1031.97,Address Issue,2
ORD101000,2024-09-01,BlueDart,Mumbai-Chennai,West,Express,1,1,TRUE,TRUE,TRUE,840.94,None,0
ORD101001,2024-03-06,BlueDart,Mumbai-Chennai,West,Economy,7,7,TRUE,TRUE,TRUE,212.21,None,0
ORD101002,2024-11-30,XpressBees,Bangalore-Hyderabad,South,Standard,4,6,FALSE,TRUE,FALSE,594.41,Vehicle Breakdown,2
ORD101003,2024-12-21,XpressBees,Kolkata-Delhi,North,Standard,5,10,FALSE,TRUE,FALSE,832.27,High Volume Surge,5
ORD101004,2024-01-31,BlueDart,Kolkata-Delhi,North,Express,2,3,FALSE,TRUE,FALSE,1122.33,Weather Delay,1
ORD101005,2024-05-04,Ekart,Jaipur-Ahmedabad,North,Express,2,3,FALSE,TRUE,FALSE,910.06,Customs Hold,1
ORD101006,2024-02-24,Delhivery,Kolkata-Delhi,North,Express,1,2,FALSE,TRUE,FALSE,1215.09,Driver Shortage,1
ORD101007,2024-02-09,BlueDart,Kochi-Coimbatore,South,Standard,5,5,TRUE,FALSE,FALSE,437.87,None,0
ORD101008,2024-12-21,DTDC,Delhi-Mumbai,North,Standard,3,5,FALSE,TRUE,FALSE,773.99,Driver Shortage,2
ORD101009,2024-12-14,Ekart,Delhi-Mumbai,North,Express,1,2,FALSE,TRUE,FALSE,1071.19,Customs Hold,1
ORD101010,2024-07-12,DTDC,Surat-Nagpur,West,Economy,7,9,FALSE,TRUE,FALSE,242.75,High Volume Surge,2
ORD101011,2024-10-13,Delhivery,Bangalore-Hyderabad,South,Standard,5,5,TRUE,TRUE,TRUE,421.53,None,0
ORD101012,2024-01-28,BlueDart,Kochi-Coimbatore,South,Economy,7,8,FALSE,TRUE,FALSE,226.24,Vehicle Breakdown,1
ORD101013,2024-05-24,XpressBees,Jaipur-Ahmedabad,North,Express,2,2,TRUE,FALSE,FALSE,1109.47,None,0
ORD101014,2024-11-22,DTDC,Bangalore-Hyderabad,South,Express,1,1,TRUE,TRUE,TRUE,997.76,None,0
ORD101015,2024-01-05,Delhivery,Delhi-Mumbai,North,Standard,3,6,FALSE,TRUE,FALSE,628.83,Address Issue,3
ORD101016,2024-07-01,Ekart,Jaipur-Ahmedabad,North,Standard,5,5,TRUE,TRUE,TRUE,440.16,None,0
ORD101017,2024-01-13,BlueDart,Bangalore-Hyderabad,South,Standard,4,4,TRUE,TRUE,TRUE,474.76,None,0
ORD101018,2024-11-16,XpressBees,Kochi-Coimbatore,South,Standard,5,5,TRUE,TRUE,TRUE,509.54,None,0
ORD101019,2024-11-07,Delhivery,Mumbai-Chennai,West,Express,1,1,TRUE,TRUE,TRUE,850.28,None,0
ORD101020,2024-08-08,Ekart,Bhopal-Indore,Central,Standard,3,3,TRUE,TRUE,TRUE,461.11,None,0
ORD101021,2024-06-07,XpressBees,Delhi-Mumbai,North,Express,1,6,FALSE,TRUE,FALSE,1492.34,None,5
ORD101022,2024-05-23,BlueDart,Bhopal-Indore,Central,Standard,3,4,FALSE,TRUE,FALSE,489.07,None,1
ORD101023,2024-05-12,Ekart,Kochi-Coimbatore,South,Standard,3,3,TRUE,TRUE,TRUE,474.47,None,0
ORD101024,2024-09-06,Ekart,Surat-Nagpur,West,Standard,5,5,TRUE,TRUE,TRUE,492.45,None,0
ORD101025,2024-12-15,Ekart,Delhi-Mumbai,North,Standard,4,6,FALSE,TRUE,FALSE,670.49,Weather Delay,2
ORD101026,2024-07-11,DTDC,Lucknow-Patna,East,Standard,4,7,FALSE,TRUE,FALSE,704.47,Address Issue,3
ORD101027,2024-08-26,DTDC,Bangalore-Hyderabad,South,Standard,3,4,FALSE,TRUE,FALSE,538.45,High Volume Surge,1
ORD101028,2024-06-24,BlueDart,Mumbai-Chennai,West,Express,1,2,FALSE,TRUE,FALSE,798.91,Address Issue,1
ORD101029,2024-03-15,XpressBees,Kochi-Coimbatore,South,Express,2,2,TRUE,TRUE,TRUE,1119.85,None,0
ORD101030,2024-01-28,Ekart,Kolkata-Delhi,North,Economy,6,10,FALSE,TRUE,FALSE,359.02,Vehicle Breakdown,4
ORD101031,2024-12-30,BlueDart,Kolkata-Delhi,North,Economy,7,9,FALSE,TRUE,FALSE,266.4,Address Issue,2
ORD101032,2024-03-25,XpressBees,Surat-Nagpur,West,Economy,6,8,FALSE,TRUE,FALSE,263.67,Address Issue,2
ORD101033,2024-10-14,Ekart,Kolkata-Delhi,North,Standard,4,6,FALSE,TRUE,FALSE,697.11,Weather Delay,2
ORD101034,2024-06-11,Delhivery,Kochi-Coimbatore,South,Express,1,1,TRUE,TRUE,TRUE,905,None,0
ORD101035,2024-08-18,Delhivery,Delhi-Mumbai,North,Standard,3,5,FALSE,TRUE,FALSE,702.54,Weather Delay,2
ORD101036,2024-10-06,XpressBees,Bangalore-Hyderabad,South,Economy,8,8,TRUE,TRUE,TRUE,280.53,None,0
ORD101037,2024-07-05,DTDC,Bangalore-Hyderabad,South,Standard,3,4,FALSE,TRUE,FALSE,591.41,None,1
ORD101038,2024-08-06,Ekart,Delhi-Mumbai,North,Standard,5,7,FALSE,TRUE,FALSE,634.97,High Volume Surge,2
ORD101039,2024-08-11,Ekart,Bhopal-Indore,Central,Express,1,2,FALSE,TRUE,FALSE,795.07,High Volume Surge,1
ORD101040,2024-02-14,Ekart,Lucknow-Patna,East,Economy,8,12,FALSE,TRUE,FALSE,361.44,Weather Delay,4
ORD101041,2024-02-21,BlueDart,Mumbai-Chennai,West,Economy,6,7,FALSE,TRUE,FALSE,231,High Volume Surge,1
ORD101042,2024-04-10,DTDC,Surat-Nagpur,West,Economy,6,8,FALSE,TRUE,FALSE,265.24,Weather Delay,2
ORD101043,2024-01-04,BlueDart,Surat-Nagpur,West,Standard,4,5,FALSE,TRUE,FALSE,463.04,Customs Hold,1
ORD101044,2024-07-31,Delhivery,Jaipur-Ahmedabad,North,Economy,7,7,TRUE,TRUE,TRUE,209.64,None,0
ORD101045,2024-06-11,BlueDart,Kolkata-Delhi,North,Standard,3,4,FALSE,TRUE,FALSE,675.8,High Volume Surge,1
ORD101046,2024-11-11,Delhivery,Jaipur-Ahmedabad,North,Economy,7,7,TRUE,TRUE,TRUE,215.22,None,0
ORD101047,2024-04-28,BlueDart,Lucknow-Patna,East,Economy,7,9,FALSE,TRUE,FALSE,321.51,Customs Hold,2
ORD101048,2024-10-10,Delhivery,Mumbai-Chennai,West,Economy,6,7,FALSE,TRUE,FALSE,225.6,None,1
ORD101049,2024-01-15,Ekart,Bangalore-Hyderabad,South,Express,1,1,TRUE,FALSE,FALSE,766.96,Vehicle Breakdown,0
ORD101050,2024-04-05,DTDC,Kochi-Coimbatore,South,Express,2,2,TRUE,TRUE,TRUE,1100.76,None,0
ORD101051,2024-01-27,Delhivery,Kolkata-Delhi,North,Standard,3,6,FALSE,TRUE,FALSE,677.04,None,3
ORD101052,2024-03-03,BlueDart,Chennai-Pune,South,Express,1,1,TRUE,TRUE,TRUE,922.62,None,0
ORD101053,2024-07-04,Delhivery,Mumbai-Chennai,West,Standard,4,4,TRUE,TRUE,TRUE,449.48,None,0
ORD101054,2024-08-18,XpressBees,Kolkata-Delhi,North,Express,2,4,FALSE,TRUE,FALSE,1421.06,Driver Shortage,2
ORD101055,2024-01-17,Delhivery,Bangalore-Hyderabad,South,Standard,3,3,TRUE,TRUE,TRUE,461.81,None,0
ORD101056,2024-03-03,Ekart,Mumbai-Chennai,West,Standard,4,4,TRUE,TRUE,TRUE,471.75,None,0
ORD101057,2024-02-12,DTDC,Kolkata-Delhi,North,Express,1,6,FALSE,TRUE,FALSE,1388.89,None,5
ORD101058,2024-10-09,Ekart,Bangalore-Hyderabad,South,Standard,4,4,TRUE,TRUE,TRUE,436.37,None,0
ORD101059,2024-05-23,XpressBees,Chennai-Pune,South,Economy,7,9,FALSE,TRUE,FALSE,237.72,Driver Shortage,2
ORD101060,2024-11-01,BlueDart,Lucknow-Patna,East,Economy,8,10,FALSE,TRUE,FALSE,348.1,Customs Hold,2
ORD101061,2024-02-02,Ekart,Chennai-Pune,South,Economy,6,7,FALSE,TRUE,FALSE,222.95,Driver Shortage,1
ORD101062,2024-06-29,Delhivery,Surat-Nagpur,West,Express,2,3,FALSE,TRUE,FALSE,905.54,High Volume Surge,1
ORD101063,2024-03-15,BlueDart,Lucknow-Patna,East,Express,1,4,FALSE,TRUE,FALSE,1093.98,Address Issue,3
ORD101064,2024-10-17,BlueDart,Jaipur-Ahmedabad,North,Express,2,2,TRUE,TRUE,TRUE,801.34,None,0
ORD101065,2024-10-14,Delhivery,Jaipur-Ahmedabad,North,Economy,6,7,FALSE,TRUE,FALSE,207.34,None,1
ORD101066,2024-01-26,DTDC,Chennai-Pune,South,Economy,6,9,FALSE,TRUE,FALSE,277.52,None,3
ORD101067,2024-01-11,XpressBees,Surat-Nagpur,West,Express,2,3,FALSE,FALSE,FALSE,930.71,High Volume Surge,1
ORD101068,2024-07-25,BlueDart,Chennai-Pune,South,Economy,8,8,TRUE,TRUE,TRUE,210.51,None,0
ORD101069,2024-06-26,DTDC,Delhi-Mumbai,North,Economy,6,10,FALSE,FALSE,FALSE,384.87,None,4
ORD101070,2024-07-10,BlueDart,Lucknow-Patna,East,Economy,7,9,FALSE,TRUE,FALSE,328.95,Weather Delay,2
ORD101071,2024-06-14,BlueDart,Kochi-Coimbatore,South,Express,1,1,TRUE,TRUE,TRUE,788.58,None,0
ORD101072,2024-05-12,Delhivery,Lucknow-Patna,East,Express,1,2,FALSE,TRUE,FALSE,1119.1,Weather Delay,1
ORD101073,2024-03-28,BlueDart,Delhi-Mumbai,North,Express,2,3,FALSE,TRUE,FALSE,1340.08,None,1
ORD101074,2024-07-30,DTDC,Bangalore-Hyderabad,South,Standard,3,3,TRUE,TRUE,TRUE,606.42,None,0
ORD101075,2024-05-23,BlueDart,Surat-Nagpur,West,Economy,8,8,TRUE,TRUE,TRUE,227.1,None,0
ORD101076,2024-11-27,XpressBees,Jaipur-Ahmedabad,North,Express,1,2,FALSE,TRUE,FALSE,1061.79,None,1
ORD101077,2024-02-23,BlueDart,Kolkata-Delhi,North,Express,2,3,FALSE,FALSE,FALSE,1234.02,None,1
ORD101078,2024-08-20,Delhivery,Jaipur-Ahmedabad,North,Economy,8,8,TRUE,TRUE,TRUE,211.72,None,0
ORD101079,2024-04-13,DTDC,Bangalore-Hyderabad,South,Express,1,1,TRUE,TRUE,TRUE,1036.3,None,0
ORD101080,2024-08-24,Delhivery,Lucknow-Patna,East,Express,2,4,FALSE,TRUE,FALSE,1368.45,None,2
ORD101081,2024-06-29,BlueDart,Mumbai-Chennai,West,Express,1,2,FALSE,TRUE,FALSE,769.86,Customs Hold,1
ORD101082,2024-09-14,BlueDart,Chennai-Pune,South,Economy,6,6,TRUE,TRUE,TRUE,204.63,None,0
ORD101083,2024-07-25,DTDC,Lucknow-Patna,East,Standard,3,6,FALSE,FALSE,FALSE,825.31,None,3
ORD101084,2024-02-26,DTDC,Bangalore-Hyderabad,South,Standard,5,8,FALSE,TRUE,FALSE,459.38,None,3
ORD101085,2024-07-26,BlueDart,Kolkata-Delhi,North,Express,1,4,FALSE,TRUE,FALSE,1184.98,Driver Shortage,3
ORD101086,2024-01-02,XpressBees,Lucknow-Patna,East,Express,1,6,FALSE,TRUE,FALSE,1346.11,Address Issue,5
ORD101087,2024-06-10,Delhivery,Mumbai-Chennai,West,Economy,8,9,FALSE,TRUE,FALSE,235.51,Vehicle Breakdown,1
ORD101088,2024-01-11,Delhivery,Mumbai-Chennai,West,Express,2,3,FALSE,TRUE,FALSE,767.16,Address Issue,1
ORD101089,2024-10-25,Ekart,Bangalore-Hyderabad,South,Express,1,1,TRUE,TRUE,TRUE,929.82,None,0
ORD101090,2024-03-16,XpressBees,Delhi-Mumbai,North,Express,2,3,FALSE,TRUE,FALSE,1728.81,None,1
ORD101091,2024-10-06,BlueDart,Mumbai-Chennai,West,Standard,5,5,TRUE,TRUE,TRUE,471.13,None,0
ORD101092,2024-11-01,XpressBees,Chennai-Pune,South,Standard,4,5,FALSE,TRUE,FALSE,504.74,Driver Shortage,1
ORD101093,2024-04-22,BlueDart,Surat-Nagpur,West,Standard,5,5,TRUE,TRUE,TRUE,441.93,None,0
ORD101094,2024-08-08,Ekart,Bangalore-Hyderabad,South,Standard,3,3,TRUE,TRUE,TRUE,467.62,None,0
ORD101095,2024-02-25,Delhivery,Jaipur-Ahmedabad,North,Economy,6,6,TRUE,TRUE,TRUE,214.62,None,0
ORD101096,2024-10-28,DTDC,Chennai-Pune,South,Standard,5,5,TRUE,TRUE,TRUE,508.62,None,0
ORD101097,2024-05-27,Ekart,Lucknow-Patna,East,Standard,3,4,FALSE,TRUE,FALSE,637.13,Address Issue,1
ORD101098,2024-05-28,BlueDart,Mumbai-Chennai,West,Standard,5,5,TRUE,TRUE,TRUE,418.52,None,0
ORD101099,2024-05-24,DTDC,Kochi-Coimbatore,South,Economy,6,8,FALSE,TRUE,FALSE,250.34,None,2
ORD101100,2024-05-08,BlueDart,Kochi-Coimbatore,South,Express,2,2,TRUE,FALSE,FALSE,824.88,Weather Delay,0
ORD101101,2024-03-14,Ekart,Bangalore-Hyderabad,South,Standard,5,5,TRUE,TRUE,TRUE,469.19,None,0
ORD101102,2024-05-13,XpressBees,Kolkata-Delhi,North,Economy,6,8,FALSE,TRUE,FALSE,401.28,Weather Delay,2
ORD101103,2024-05-08,DTDC,Chennai-Pune,South,Standard,3,6,FALSE,TRUE,FALSE,532.22,Vehicle Breakdown,3
ORD101104,2024-08-11,XpressBees,Bangalore-Hyderabad,South,Economy,6,7,FALSE,FALSE,FALSE,273.78,Customs Hold,1
ORD101105,2024-07-02,Delhivery,Mumbai-Chennai,West,Economy,7,7,TRUE,TRUE,TRUE,228.15,None,0
ORD101106,2024-08-03,Ekart,Surat-Nagpur,West,Standard,4,5,FALSE,TRUE,FALSE,446.52,Weather Delay,1
ORD101107,2024-11-13,Delhivery,Mumbai-Chennai,West,Economy,7,7,TRUE,TRUE,TRUE,214.42,None,0
ORD101108,2024-01-28,DTDC,Bhopal-Indore,Central,Standard,3,4,FALSE,TRUE,FALSE,526.01,Customs Hold,1
ORD101109,2024-05-28,BlueDart,Mumbai-Chennai,West,Standard,5,5,TRUE,TRUE,TRUE,413.77,None,0
ORD101110,2024-01-28,XpressBees,Kochi-Coimbatore,South,Economy,7,7,TRUE,TRUE,TRUE,284.68,None,0
ORD101111,2024-04-12,DTDC,Kolkata-Delhi,North,Express,2,3,FALSE,TRUE,FALSE,1385.28,Driver Shortage,1
ORD101112,2024-02-23,BlueDart,Mumbai-Chennai,West,Express,1,1,TRUE,TRUE,TRUE,807.03,None,0
ORD101113,2024-04-30,BlueDart,Surat-Nagpur,West,Economy,7,8,FALSE,TRUE,FALSE,203.36,Vehicle Breakdown,1
ORD101114,2024-01-12,Ekart,Bhopal-Indore,Central,Economy,8,9,FALSE,TRUE,FALSE,225.15,Driver Shortage,1
ORD101115,2024-10-06,Delhivery,Bangalore-Hyderabad,South,Economy,8,8,TRUE,TRUE,TRUE,230.63,None,0
ORD101116,2024-08-25,XpressBees,Kolkata-Delhi,North,Standard,4,8,FALSE,TRUE,FALSE,786.22,Weather Delay,4
ORD101117,2024-08-15,XpressBees,Lucknow-Patna,East,Express,1,4,FALSE,TRUE,FALSE,1322.98,High Volume Surge,3
ORD101118,2024-04-17,Ekart,Delhi-Mumbai,North,Express,2,6,FALSE,TRUE,FALSE,1316.79,High Volume Surge,4
ORD101119,2024-06-22,DTDC,Jaipur-Ahmedabad,North,Standard,5,5,TRUE,TRUE,TRUE,549.76,None,0
ORD101120,2024-11-26,Delhivery,Surat-Nagpur,West,Standard,5,5,TRUE,TRUE,TRUE,411.14,None,0
ORD101121,2024-12-23,XpressBees,Surat-Nagpur,West,Standard,5,7,FALSE,TRUE,FALSE,610.33,Vehicle Breakdown,2
ORD101122,2024-12-06,DTDC,Jaipur-Ahmedabad,North,Economy,7,10,FALSE,FALSE,FALSE,254.63,None,3
ORD101123,2024-03-30,XpressBees,Mumbai-Chennai,West,Economy,7,8,FALSE,TRUE,FALSE,290.49,None,1
ORD101124,2024-03-30,XpressBees,Lucknow-Patna,East,Express,1,5,FALSE,FALSE,FALSE,1501.6,Weather Delay,4
ORD101125,2024-05-09,BlueDart,Jaipur-Ahmedabad,North,Economy,7,8,FALSE,TRUE,FALSE,226.05,Vehicle Breakdown,1
ORD101126,2024-04-08,XpressBees,Surat-Nagpur,West,Economy,7,7,TRUE,TRUE,TRUE,262.59,None,0
ORD101127,2024-07-27,DTDC,Mumbai-Chennai,West,Express,1,1,TRUE,TRUE,TRUE,1056.33,None,0
ORD101128,2024-11-12,DTDC,Kochi-Coimbatore,South,Express,2,3,FALSE,TRUE,FALSE,1033.84,Address Issue,1
ORD101129,2024-09-21,Delhivery,Bhopal-Indore,Central,Express,2,3,FALSE,TRUE,FALSE,913.58,Vehicle Breakdown,1
ORD101130,2024-01-12,BlueDart,Chennai-Pune,South,Express,2,2,TRUE,TRUE,TRUE,856.89,None,0
ORD101131,2024-10-21,Ekart,Kolkata-Delhi,North,Standard,4,7,FALSE,TRUE,FALSE,768.43,None,3
ORD101132,2024-01-16,DTDC,Kolkata-Delhi,North,Economy,8,11,FALSE,TRUE,FALSE,456.2,Driver Shortage,3
ORD101133,2024-12-05,Ekart,Delhi-Mumbai,North,Standard,4,5,FALSE,TRUE,FALSE,557.94,Address Issue,1
ORD101134,2024-10-09,Delhivery,Delhi-Mumbai,North,Standard,3,6,FALSE,TRUE,FALSE,584.59,Weather Delay,3
ORD101135,2024-04-25,Delhivery,Surat-Nagpur,West,Standard,5,5,TRUE,TRUE,TRUE,449.69,None,0
ORD101136,2024-04-10,XpressBees,Jaipur-Ahmedabad,North,Standard,4,4,TRUE,TRUE,TRUE,525.41,None,0
ORD101137,2024-12-25,DTDC,Bhopal-Indore,Central,Standard,5,7,FALSE,TRUE,FALSE,526.24,Customs Hold,2
ORD101138,2024-01-06,DTDC,Lucknow-Patna,East,Express,1,3,FALSE,TRUE,FALSE,1450.55,None,2
ORD101139,2024-01-23,XpressBees,Kolkata-Delhi,North,Economy,8,11,FALSE,TRUE,FALSE,306.38,Address Issue,3
ORD101140,2024-07-22,Ekart,Jaipur-Ahmedabad,North,Economy,8,8,TRUE,TRUE,TRUE,203.71,None,0
ORD101141,2024-09-10,BlueDart,Surat-Nagpur,West,Economy,6,6,TRUE,TRUE,TRUE,221.92,None,0
ORD101142,2024-05-29,Delhivery,Jaipur-Ahmedabad,North,Standard,5,5,TRUE,TRUE,TRUE,475.22,None,0
ORD101143,2024-04-14,DTDC,Kolkata-Delhi,North,Standard,4,9,FALSE,FALSE,FALSE,898.28,None,5
ORD101144,2024-04-30,DTDC,Bangalore-Hyderabad,South,Express,2,4,FALSE,FALSE,FALSE,1119.18,None,2
ORD101145,2024-05-22,XpressBees,Surat-Nagpur,West,Express,1,2,FALSE,TRUE,FALSE,993.69,Weather Delay,1
ORD101146,2024-01-27,XpressBees,Kochi-Coimbatore,South,Standard,3,5,FALSE,TRUE,FALSE,502.77,High Volume Surge,2
ORD101147,2024-06-21,BlueDart,Chennai-Pune,South,Economy,7,7,TRUE,TRUE,TRUE,231.2,None,0
ORD101148,2024-10-10,DTDC,Chennai-Pune,South,Express,1,3,FALSE,TRUE,FALSE,1159.59,Weather Delay,2
ORD101149,2024-01-08,Ekart,Lucknow-Patna,East,Economy,7,9,FALSE,TRUE,FALSE,326.45,Vehicle Breakdown,2
ORD101150,2024-11-11,Ekart,Chennai-Pune,South,Express,1,1,TRUE,TRUE,TRUE,832.08,None,0
ORD101151,2024-11-07,Ekart,Chennai-Pune,South,Standard,5,5,TRUE,TRUE,TRUE,477.92,None,0
ORD101152,2024-01-05,BlueDart,Delhi-Mumbai,North,Standard,5,8,FALSE,TRUE,FALSE,691.56,None,3
ORD101153,2024-02-10,BlueDart,Surat-Nagpur,West,Standard,4,4,TRUE,TRUE,TRUE,457.16,None,0
ORD101154,2024-04-26,DTDC,Chennai-Pune,South,Economy,7,8,FALSE,TRUE,FALSE,263.36,Vehicle Breakdown,1
ORD101155,2024-04-04,Delhivery,Bangalore-Hyderabad,South,Economy,8,8,TRUE,TRUE,TRUE,226.8,None,0
ORD101156,2024-12-13,XpressBees,Bhopal-Indore,Central,Economy,7,7,TRUE,FALSE,FALSE,260.26,None,0
ORD101157,2024-04-14,DTDC,Jaipur-Ahmedabad,North,Economy,6,8,FALSE,TRUE,FALSE,242.65,Vehicle Breakdown,2
ORD101158,2024-06-20,DTDC,Jaipur-Ahmedabad,North,Standard,5,6,FALSE,TRUE,FALSE,532.86,Address Issue,1
ORD101159,2024-02-24,Ekart,Lucknow-Patna,East,Standard,4,7,FALSE,TRUE,FALSE,641.89,Weather Delay,3
ORD101160,2024-10-25,Delhivery,Kochi-Coimbatore,South,Standard,5,5,TRUE,TRUE,TRUE,439.1,None,0
ORD101161,2024-10-07,Delhivery,Delhi-Mumbai,North,Standard,5,6,FALSE,TRUE,FALSE,728.37,Driver Shortage,1
ORD101162,2024-06-17,DTDC,Lucknow-Patna,East,Economy,6,10,FALSE,TRUE,FALSE,349.95,Vehicle Breakdown,4
ORD101163,2024-06-29,Ekart,Kolkata-Delhi,North,Express,2,4,FALSE,TRUE,FALSE,1329.99,Weather Delay,2
ORD101164,2024-10-02,DTDC,Bhopal-Indore,Central,Express,2,5,FALSE,TRUE,FALSE,994.91,Vehicle Breakdown,3
ORD101165,2024-10-21,XpressBees,Kolkata-Delhi,North,Economy,8,11,FALSE,TRUE,FALSE,340.33,Vehicle Breakdown,3
ORD101166,2024-10-10,Delhivery,Surat-Nagpur,West,Express,2,2,TRUE,TRUE,TRUE,836.17,None,0
ORD101167,2024-09-20,BlueDart,Surat-Nagpur,West,Express,1,2,FALSE,FALSE,FALSE,793.38,None,1
ORD101168,2024-10-29,XpressBees,Bhopal-Indore,Central,Standard,4,5,FALSE,TRUE,FALSE,495.38,Address Issue,1
ORD101169,2024-08-11,DTDC,Kochi-Coimbatore,South,Express,1,1,TRUE,TRUE,TRUE,1118.33,None,0
ORD101170,2024-01-04,XpressBees,Chennai-Pune,South,Economy,6,8,FALSE,TRUE,FALSE,285.09,Vehicle Breakdown,2
ORD101171,2024-04-28,DTDC,Kochi-Coimbatore,South,Standard,5,8,FALSE,TRUE,FALSE,535.4,Weather Delay,3
ORD101172,2024-04-17,XpressBees,Chennai-Pune,South,Standard,3,6,FALSE,TRUE,FALSE,556.82,Weather Delay,3
ORD101173,2024-03-27,DTDC,Lucknow-Patna,East,Standard,5,9,FALSE,TRUE,FALSE,701.18,None,4
ORD101174,2024-04-15,Ekart,Chennai-Pune,South,Economy,6,6,TRUE,TRUE,TRUE,204.2,None,0
ORD101175,2024-01-14,DTDC,Bhopal-Indore,Central,Express,1,3,FALSE,TRUE,FALSE,1088.17,None,2
ORD101176,2024-02-26,Delhivery,Jaipur-Ahmedabad,North,Standard,5,6,FALSE,TRUE,FALSE,451.88,Address Issue,1
ORD101177,2024-06-30,XpressBees,Mumbai-Chennai,West,Standard,4,5,FALSE,TRUE,FALSE,611.45,None,1
ORD101178,2024-08-20,Delhivery,Mumbai-Chennai,West,Economy,6,6,TRUE,TRUE,TRUE,212.75,None,0
ORD101179,2024-02-21,BlueDart,Bhopal-Indore,Central,Economy,8,8,TRUE,TRUE,TRUE,199.69,None,0
ORD101180,2024-04-22,Ekart,Bhopal-Indore,Central,Express,1,1,TRUE,TRUE,TRUE,864.68,None,0
ORD101181,2024-04-19,Ekart,Kolkata-Delhi,North,Standard,3,5,FALSE,TRUE,FALSE,585.58,High Volume Surge,2
ORD101182,2024-11-22,XpressBees,Delhi-Mumbai,North,Express,2,7,FALSE,TRUE,FALSE,1411.08,Vehicle Breakdown,5
ORD101183,2024-09-07,XpressBees,Jaipur-Ahmedabad,North,Economy,8,8,TRUE,TRUE,TRUE,289.93,None,0
ORD101184,2024-06-15,DTDC,Lucknow-Patna,East,Standard,5,8,FALSE,TRUE,FALSE,963.02,Customs Hold,3
ORD101185,2024-11-03,XpressBees,Kolkata-Delhi,North,Express,1,4,FALSE,TRUE,FALSE,1461.87,Customs Hold,3
ORD101186,2024-12-11,Delhivery,Lucknow-Patna,East,Express,2,4,FALSE,TRUE,FALSE,1190.02,Address Issue,2
ORD101187,2024-11-21,XpressBees,Jaipur-Ahmedabad,North,Standard,4,6,FALSE,TRUE,FALSE,498.47,None,2
ORD101188,2024-06-17,Ekart,Delhi-Mumbai,North,Standard,4,5,FALSE,TRUE,FALSE,636.44,High Volume Surge,1
ORD101189,2024-02-02,DTDC,Bangalore-Hyderabad,South,Economy,6,8,FALSE,TRUE,FALSE,256.04,High Volume Surge,2
ORD101190,2024-07-10,DTDC,Delhi-Mumbai,North,Express,2,5,FALSE,TRUE,FALSE,1436.64,None,3
ORD101191,2024-09-13,XpressBees,Jaipur-Ahmedabad,North,Express,1,1,TRUE,TRUE,TRUE,1069.02,None,0
ORD101192,2024-07-12,XpressBees,Lucknow-Patna,East,Express,1,4,FALSE,TRUE,FALSE,1428.45,None,3
ORD101193,2024-10-04,Delhivery,Lucknow-Patna,East,Economy,7,8,FALSE,TRUE,FALSE,351.17,Weather Delay,1
ORD101194,2024-06-14,Delhivery,Kochi-Coimbatore,South,Express,2,2,TRUE,TRUE,TRUE,911.08,None,0
ORD101195,2024-02-17,DTDC,Lucknow-Patna,East,Economy,6,10,FALSE,TRUE,FALSE,371.46,None,4
ORD101196,2024-02-25,XpressBees,Kolkata-Delhi,North,Economy,7,10,FALSE,TRUE,FALSE,477.39,Driver Shortage,3
ORD101197,2024-11-25,Delhivery,Surat-Nagpur,West,Economy,6,7,FALSE,TRUE,FALSE,217.67,Weather Delay,1
ORD101198,2024-09-07,Ekart,Chennai-Pune,South,Express,1,1,TRUE,TRUE,TRUE,800.31,None,0
ORD101199,2024-04-29,Delhivery,Kochi-Coimbatore,South,Express,1,2,FALSE,TRUE,FALSE,845.5,High Volume Surge,1
ORD101200,2024-12-19,XpressBees,Delhi-Mumbai,North,Standard,4,8,FALSE,TRUE,FALSE,744.63,Address Issue,4
ORD101201,2024-02-23,DTDC,Kolkata-Delhi,North,Standard,5,8,FALSE,TRUE,FALSE,877.53,Weather Delay,3
ORD101202,2024-01-20,BlueDart,Lucknow-Patna,East,Standard,3,4,FALSE,TRUE,FALSE,565,Weather Delay,1
ORD101203,2024-05-18,XpressBees,Lucknow-Patna,East,Express,2,6,FALSE,TRUE,FALSE,1343.89,Driver Shortage,4
ORD101204,2024-04-14,Ekart,Bhopal-Indore,Central,Economy,7,7,TRUE,TRUE,TRUE,221.02,None,0
ORD101205,2024-06-18,Ekart,Kochi-Coimbatore,South,Economy,8,8,TRUE,TRUE,TRUE,207.27,None,0
ORD101206,2024-02-04,Delhivery,Bangalore-Hyderabad,South,Economy,8,9,FALSE,FALSE,FALSE,216.32,None,1
ORD101207,2024-02-04,Ekart,Delhi-Mumbai,North,Economy,6,7,FALSE,TRUE,FALSE,280.83,Vehicle Breakdown,1
ORD101208,2024-06-05,DTDC,Jaipur-Ahmedabad,North,Express,2,4,FALSE,TRUE,FALSE,1044.65,High Volume Surge,2
ORD101209,2024-05-14,DTDC,Jaipur-Ahmedabad,North,Standard,4,6,FALSE,FALSE,FALSE,532.19,None,2
ORD101210,2024-11-05,BlueDart,Kochi-Coimbatore,South,Express,2,2,TRUE,TRUE,TRUE,910.08,None,0
ORD101211,2024-03-16,DTDC,Chennai-Pune,South,Economy,7,7,TRUE,FALSE,FALSE,237.9,High Volume Surge,0
ORD101212,2024-03-11,Delhivery,Bangalore-Hyderabad,South,Standard,3,3,TRUE,TRUE,TRUE,492.29,None,0
ORD101213,2024-12-27,XpressBees,Bhopal-Indore,Central,Standard,5,6,FALSE,TRUE,FALSE,534.19,Customs Hold,1
ORD101214,2024-04-19,Ekart,Surat-Nagpur,West,Standard,5,5,TRUE,TRUE,TRUE,484.5,None,0
ORD101215,2024-03-02,Ekart,Bangalore-Hyderabad,South,Economy,6,7,FALSE,TRUE,FALSE,219.56,Driver Shortage,1
ORD101216,2024-06-26,XpressBees,Bhopal-Indore,Central,Economy,7,7,TRUE,TRUE,TRUE,294.78,None,0
ORD101217,2024-07-03,Delhivery,Lucknow-Patna,East,Economy,8,10,FALSE,TRUE,FALSE,382.03,None,2
ORD101218,2024-05-09,Delhivery,Bhopal-Indore,Central,Express,2,2,TRUE,TRUE,TRUE,827.71,None,0
ORD101219,2024-07-22,BlueDart,Bhopal-Indore,Central,Economy,7,7,TRUE,TRUE,TRUE,226.23,None,0
ORD101220,2024-03-29,Ekart,Delhi-Mumbai,North,Standard,5,6,FALSE,TRUE,FALSE,780.85,Customs Hold,1
ORD101221,2024-03-08,DTDC,Surat-Nagpur,West,Express,1,2,FALSE,TRUE,FALSE,1099.7,None,1
ORD101222,2024-11-10,XpressBees,Mumbai-Chennai,West,Express,1,2,FALSE,TRUE,FALSE,1032.74,Driver Shortage,1
ORD101223,2024-07-25,Ekart,Delhi-Mumbai,North,Economy,7,10,FALSE,TRUE,FALSE,353.59,Driver Shortage,3
ORD101224,2024-04-11,BlueDart,Lucknow-Patna,East,Express,1,4,FALSE,TRUE,FALSE,1113.66,None,3
ORD101225,2024-10-16,XpressBees,Bhopal-Indore,Central,Express,1,2,FALSE,TRUE,FALSE,948.57,Weather Delay,1
ORD101226,2024-10-29,BlueDart,Surat-Nagpur,West,Express,1,1,TRUE,TRUE,TRUE,796.56,None,0
ORD101227,2024-11-24,Delhivery,Delhi-Mumbai,North,Express,1,4,FALSE,TRUE,FALSE,1446.47,Driver Shortage,3
ORD101228,2024-04-06,Delhivery,Kolkata-Delhi,North,Standard,3,5,FALSE,TRUE,FALSE,581.68,None,2
ORD101229,2024-09-07,Delhivery,Chennai-Pune,South,Express,2,2,TRUE,TRUE,TRUE,809.97,None,0
ORD101230,2024-07-16,DTDC,Jaipur-Ahmedabad,North,Standard,4,7,FALSE,TRUE,FALSE,520.14,High Volume Surge,3
ORD101231,2024-12-24,DTDC,Bangalore-Hyderabad,South,Economy,6,9,FALSE,TRUE,FALSE,294.13,None,3
ORD101232,2024-02-29,DTDC,Bhopal-Indore,Central,Economy,7,7,TRUE,TRUE,TRUE,237.97,None,0
ORD101233,2024-01-18,Delhivery,Bhopal-Indore,Central,Standard,3,4,FALSE,TRUE,FALSE,438.51,High Volume Surge,1
ORD101234,2024-06-21,BlueDart,Jaipur-Ahmedabad,North,Economy,7,7,TRUE,TRUE,TRUE,218.92,None,0
ORD101235,2024-01-12,Delhivery,Mumbai-Chennai,West,Standard,4,4,TRUE,TRUE,TRUE,421.75,None,0
ORD101236,2024-06-21,DTDC,Surat-Nagpur,West,Standard,5,8,FALSE,TRUE,FALSE,510.05,High Volume Surge,3
ORD101237,2024-07-24,XpressBees,Surat-Nagpur,West,Standard,3,3,TRUE,TRUE,TRUE,615.94,None,0
ORD101238,2024-09-25,BlueDart,Kochi-Coimbatore,South,Express,1,1,TRUE,TRUE,TRUE,929.09,None,0
ORD101239,2024-08-23,DTDC,Kolkata-Delhi,North,Express,1,5,FALSE,TRUE,FALSE,1573.03,Vehicle Breakdown,4
ORD101240,2024-05-05,Delhivery,Delhi-Mumbai,North,Express,1,3,FALSE,TRUE,FALSE,1096.09,None,2
ORD101241,2024-12-08,DTDC,Bangalore-Hyderabad,South,Standard,3,4,FALSE,TRUE,FALSE,557.45,Customs Hold,1
ORD101242,2024-12-11,XpressBees,Lucknow-Patna,East,Economy,6,8,FALSE,TRUE,FALSE,396.12,None,2
ORD101243,2024-04-30,DTDC,Lucknow-Patna,East,Standard,5,8,FALSE,TRUE,FALSE,852.46,None,3
ORD101244,2024-02-09,Ekart,Jaipur-Ahmedabad,North,Standard,5,5,TRUE,TRUE,TRUE,472.65,None,0
ORD101245,2024-03-18,Delhivery,Kolkata-Delhi,North,Standard,3,4,FALSE,TRUE,FALSE,583.68,None,1
ORD101246,2024-07-22,Ekart,Chennai-Pune,South,Standard,5,6,FALSE,FALSE,FALSE,491.27,Vehicle Breakdown,1
ORD101247,2024-07-26,BlueDart,Bhopal-Indore,Central,Standard,3,3,TRUE,TRUE,TRUE,414.13,None,0
ORD101248,2024-01-28,Delhivery,Delhi-Mumbai,North,Standard,3,7,FALSE,TRUE,FALSE,604.61,Customs Hold,4
ORD101249,2024-12-30,XpressBees,Chennai-Pune,South,Standard,5,7,FALSE,TRUE,FALSE,561.58,Customs Hold,2
ORD101250,2024-06-21,DTDC,Jaipur-Ahmedabad,North,Standard,3,4,FALSE,TRUE,FALSE,548.02,None,1
ORD101251,2024-09-07,Ekart,Kochi-Coimbatore,South,Express,2,3,FALSE,FALSE,FALSE,812.89,None,1
ORD101252,2024-01-13,Ekart,Surat-Nagpur,West,Express,2,2,TRUE,TRUE,TRUE,879.75,None,0
ORD101253,2024-06-01,Ekart,Bhopal-Indore,Central,Express,2,2,TRUE,TRUE,TRUE,840.95,None,0
ORD101254,2024-05-20,DTDC,Delhi-Mumbai,North,Express,2,6,FALSE,TRUE,FALSE,1317.55,Customs Hold,4
ORD101255,2024-11-22,XpressBees,Jaipur-Ahmedabad,North,Economy,8,9,FALSE,FALSE,FALSE,232.7,Driver Shortage,1
ORD101256,2024-01-12,XpressBees,Mumbai-Chennai,West,Economy,8,8,TRUE,TRUE,TRUE,270.71,None,0
ORD101257,2024-02-29,Ekart,Bangalore-Hyderabad,South,Economy,8,8,TRUE,TRUE,TRUE,217.07,None,0
ORD101258,2024-12-18,DTDC,Kolkata-Delhi,North,Standard,4,9,FALSE,TRUE,FALSE,677.66,Address Issue,5
ORD101259,2024-12-13,Ekart,Bangalore-Hyderabad,South,Economy,8,8,TRUE,TRUE,TRUE,238.03,None,0
ORD101260,2024-05-16,Ekart,Chennai-Pune,South,Express,2,2,TRUE,FALSE,FALSE,835.44,None,0
ORD101261,2024-11-09,DTDC,Surat-Nagpur,West,Economy,7,7,TRUE,TRUE,TRUE,257.96,None,0
ORD101262,2024-06-26,DTDC,Chennai-Pune,South,Standard,5,6,FALSE,TRUE,FALSE,544.01,Address Issue,1
ORD101263,2024-07-25,Delhivery,Surat-Nagpur,West,Standard,5,6,FALSE,TRUE,FALSE,467.8,Address Issue,1
ORD101264,2024-08-27,DTDC,Delhi-Mumbai,North,Express,2,6,FALSE,TRUE,FALSE,1525.61,Driver Shortage,4
ORD101265,2024-10-11,Delhivery,Delhi-Mumbai,North,Economy,8,9,FALSE,TRUE,FALSE,330.02,Address Issue,1
ORD101266,2024-03-04,Delhivery,Surat-Nagpur,West,Standard,5,5,TRUE,TRUE,TRUE,490.39,None,0
ORD101267,2024-07-24,XpressBees,Mumbai-Chennai,West,Express,1,1,TRUE,TRUE,TRUE,1015.45,None,0
ORD101268,2024-11-21,XpressBees,Bhopal-Indore,Central,Standard,3,4,FALSE,TRUE,FALSE,486.07,Driver Shortage,1
ORD101269,2024-03-21,DTDC,Jaipur-Ahmedabad,North,Economy,8,9,FALSE,TRUE,FALSE,261.87,Customs Hold,1
ORD101270,2024-10-24,XpressBees,Bangalore-Hyderabad,South,Standard,3,5,FALSE,TRUE,FALSE,574.37,None,2
ORD101271,2024-06-15,XpressBees,Lucknow-Patna,East,Standard,3,6,FALSE,FALSE,FALSE,886.46,Weather Delay,3
ORD101272,2024-11-03,Delhivery,Kochi-Coimbatore,South,Express,2,2,TRUE,TRUE,TRUE,768.86,None,0
ORD101273,2024-03-08,DTDC,Lucknow-Patna,East,Economy,6,8,FALSE,TRUE,FALSE,375.82,None,2
ORD101274,2024-03-31,BlueDart,Chennai-Pune,South,Express,1,2,FALSE,TRUE,FALSE,881.22,Vehicle Breakdown,1
ORD101275,2024-01-04,DTDC,Surat-Nagpur,West,Economy,6,8,FALSE,TRUE,FALSE,267.6,Weather Delay,2
ORD101276,2024-01-13,XpressBees,Delhi-Mumbai,North,Economy,7,10,FALSE,TRUE,FALSE,433.68,High Volume Surge,3
ORD101277,2024-11-18,XpressBees,Surat-Nagpur,West,Economy,6,8,FALSE,TRUE,FALSE,248.7,High Volume Surge,2
ORD101278,2024-03-27,XpressBees,Surat-Nagpur,West,Express,1,1,TRUE,TRUE,TRUE,1093.85,None,0
ORD101279,2024-11-24,XpressBees,Jaipur-Ahmedabad,North,Economy,7,7,TRUE,TRUE,TRUE,231,None,0
ORD101280,2024-08-18,XpressBees,Mumbai-Chennai,West,Economy,7,7,TRUE,TRUE,TRUE,263.1,None,0
ORD101281,2024-05-29,DTDC,Chennai-Pune,South,Standard,5,5,TRUE,FALSE,FALSE,491.89,Address Issue,0
ORD101282,2024-05-30,Delhivery,Chennai-Pune,South,Economy,8,8,TRUE,TRUE,TRUE,217.35,None,0
ORD101283,2024-06-04,Delhivery,Bangalore-Hyderabad,South,Express,2,3,FALSE,TRUE,FALSE,803.75,High Volume Surge,1
ORD101284,2024-09-13,DTDC,Bangalore-Hyderabad,South,Express,2,4,FALSE,TRUE,FALSE,1190.8,High Volume Surge,2
ORD101285,2024-02-03,DTDC,Jaipur-Ahmedabad,North,Standard,4,5,FALSE,TRUE,FALSE,536.66,Driver Shortage,1
ORD101286,2024-03-02,Delhivery,Jaipur-Ahmedabad,North,Standard,3,3,TRUE,TRUE,TRUE,459.78,None,0
ORD101287,2024-04-13,Ekart,Kolkata-Delhi,North,Standard,4,7,FALSE,TRUE,FALSE,738.76,Vehicle Breakdown,3
ORD101288,2024-05-18,BlueDart,Jaipur-Ahmedabad,North,Standard,5,5,TRUE,TRUE,TRUE,450.67,None,0
ORD101289,2024-04-03,DTDC,Bhopal-Indore,Central,Economy,8,8,TRUE,TRUE,TRUE,251.48,None,0
ORD101290,2024-04-07,Delhivery,Kolkata-Delhi,North,Economy,8,10,FALSE,FALSE,FALSE,329.59,None,2
ORD101291,2024-10-24,Delhivery,Mumbai-Chennai,West,Economy,7,7,TRUE,TRUE,TRUE,208.73,None,0
ORD101292,2024-10-04,XpressBees,Surat-Nagpur,West,Express,1,2,FALSE,TRUE,FALSE,875.23,None,1
ORD101293,2024-02-27,Delhivery,Kochi-Coimbatore,South,Economy,7,7,TRUE,TRUE,TRUE,223.6,None,0
ORD101294,2024-09-09,Delhivery,Surat-Nagpur,West,Economy,8,9,FALSE,TRUE,FALSE,209.08,Address Issue,1
ORD101295,2024-09-29,Ekart,Bangalore-Hyderabad,South,Economy,7,7,TRUE,TRUE,TRUE,211.18,None,0
ORD101296,2024-01-04,Ekart,Kolkata-Delhi,North,Standard,5,8,FALSE,TRUE,FALSE,630.84,None,3
ORD101297,2024-06-24,DTDC,Jaipur-Ahmedabad,North,Standard,4,4,TRUE,FALSE,FALSE,513.02,Customs Hold,0
ORD101298,2024-06-12,Delhivery,Bhopal-Indore,Central,Express,1,1,TRUE,TRUE,TRUE,850.3,None,0
ORD101299,2024-03-21,XpressBees,Bhopal-Indore,Central,Express,2,4,FALSE,TRUE,FALSE,895.22,Vehicle Breakdown,2
ORD101300,2024-04-27,Delhivery,Kochi-Coimbatore,South,Standard,5,6,FALSE,TRUE,FALSE,475.99,Address Issue,1
ORD101301,2024-08-18,XpressBees,Chennai-Pune,South,Standard,4,4,TRUE,TRUE,TRUE,552.69,None,0
ORD101302,2024-08-21,XpressBees,Chennai-Pune,South,Economy,7,8,FALSE,TRUE,FALSE,284.13,Vehicle Breakdown,1
ORD101303,2024-07-10,BlueDart,Chennai-Pune,South,Economy,6,6,TRUE,TRUE,TRUE,209.26,None,0
ORD101304,2024-02-08,Ekart,Delhi-Mumbai,North,Standard,4,6,FALSE,TRUE,FALSE,660.36,None,2
ORD101305,2024-09-06,Delhivery,Kolkata-Delhi,North,Standard,5,8,FALSE,TRUE,FALSE,752.9,Driver Shortage,3
ORD101306,2024-02-26,Ekart,Kolkata-Delhi,North,Economy,8,10,FALSE,TRUE,FALSE,313.51,Address Issue,2
ORD101307,2024-03-18,Delhivery,Surat-Nagpur,West,Economy,6,6,TRUE,TRUE,TRUE,230.23,None,0
ORD101308,2024-12-04,DTDC,Bangalore-Hyderabad,South,Standard,5,5,TRUE,TRUE,TRUE,529.39,None,0
ORD101309,2024-06-09,DTDC,Chennai-Pune,South,Economy,7,9,FALSE,FALSE,FALSE,296.33,Driver Shortage,2
ORD101310,2024-12-12,XpressBees,Jaipur-Ahmedabad,North,Economy,6,6,TRUE,TRUE,TRUE,253.52,None,0
ORD101311,2024-08-06,Ekart,Chennai-Pune,South,Economy,8,8,TRUE,TRUE,TRUE,226.26,None,0
ORD101312,2024-09-08,XpressBees,Lucknow-Patna,East,Express,1,5,FALSE,TRUE,FALSE,1886.63,High Volume Surge,4
ORD101313,2024-09-29,DTDC,Chennai-Pune,South,Standard,5,5,TRUE,TRUE,TRUE,615.38,None,0
ORD101314,2024-08-19,DTDC,Bangalore-Hyderabad,South,Express,2,4,FALSE,TRUE,FALSE,1050.7,None,2
ORD101315,2024-08-09,Ekart,Bangalore-Hyderabad,South,Express,1,1,TRUE,TRUE,TRUE,897.79,None,0
ORD101316,2024-12-11,XpressBees,Delhi-Mumbai,North,Economy,7,11,FALSE,FALSE,FALSE,339.45,None,4
ORD101317,2024-03-19,DTDC,Jaipur-Ahmedabad,North,Standard,5,7,FALSE,TRUE,FALSE,530.81,High Volume Surge,2
ORD101318,2024-06-27,Delhivery,Kolkata-Delhi,North,Express,2,3,FALSE,FALSE,FALSE,1345.25,High Volume Surge,1
ORD101319,2024-05-18,Ekart,Mumbai-Chennai,West,Standard,3,3,TRUE,TRUE,TRUE,419.7,None,0
ORD101320,2024-04-16,Delhivery,Kolkata-Delhi,North,Standard,3,5,FALSE,TRUE,FALSE,645.31,Driver Shortage,2
ORD101321,2024-03-30,BlueDart,Lucknow-Patna,East,Standard,4,6,FALSE,TRUE,FALSE,676.4,None,2
ORD101322,2024-11-05,DTDC,Bhopal-Indore,Central,Economy,8,8,TRUE,TRUE,TRUE,246.76,None,0
ORD101323,2024-07-03,Ekart,Jaipur-Ahmedabad,North,Standard,3,3,TRUE,TRUE,TRUE,476.98,None,0
ORD101324,2024-06-30,Ekart,Surat-Nagpur,West,Economy,6,7,FALSE,FALSE,FALSE,214.72,Weather Delay,1
ORD101325,2024-11-29,Ekart,Jaipur-Ahmedabad,North,Express,2,2,TRUE,TRUE,TRUE,884.21,None,0
ORD101326,2024-12-21,XpressBees,Lucknow-Patna,East,Express,2,7,FALSE,FALSE,FALSE,1352.84,Vehicle Breakdown,5
ORD101327,2024-03-21,BlueDart,Surat-Nagpur,West,Express,1,1,TRUE,TRUE,TRUE,835.53,None,0
ORD101328,2024-04-14,Delhivery,Lucknow-Patna,East,Express,1,4,FALSE,TRUE,FALSE,1417.71,None,3
ORD101329,2024-03-14,XpressBees,Chennai-Pune,South,Economy,7,8,FALSE,FALSE,FALSE,220.21,Driver Shortage,1
ORD101330,2024-02-03,BlueDart,Lucknow-Patna,East,Economy,7,10,FALSE,TRUE,FALSE,309.78,None,3
ORD101331,2024-05-11,XpressBees,Mumbai-Chennai,West,Standard,4,7,FALSE,FALSE,FALSE,564.33,Customs Hold,3
ORD101332,2024-02-19,Ekart,Bangalore-Hyderabad,South,Economy,8,8,TRUE,TRUE,TRUE,227.41,None,0
ORD101333,2024-04-25,XpressBees,Surat-Nagpur,West,Economy,8,8,TRUE,TRUE,TRUE,269.62,None,0
ORD101334,2024-04-25,BlueDart,Mumbai-Chennai,West,Economy,7,7,TRUE,TRUE,TRUE,202.63,None,0
ORD101335,2024-12-08,Delhivery,Chennai-Pune,South,Economy,8,8,TRUE,TRUE,TRUE,240.85,None,0
ORD101336,2024-07-16,DTDC,Kochi-Coimbatore,South,Economy,8,9,FALSE,TRUE,FALSE,240.15,Weather Delay,1
ORD101337,2024-09-03,Delhivery,Delhi-Mumbai,North,Express,1,2,FALSE,TRUE,FALSE,1141.58,None,1
ORD101338,2024-08-13,Ekart,Surat-Nagpur,West,Express,2,3,FALSE,TRUE,FALSE,842.04,None,1
ORD101339,2024-05-10,Ekart,Mumbai-Chennai,West,Economy,8,8,TRUE,TRUE,TRUE,237.27,None,0
ORD101340,2024-07-06,XpressBees,Jaipur-Ahmedabad,North,Economy,7,9,FALSE,TRUE,FALSE,258.05,None,2
ORD101341,2024-06-26,BlueDart,Lucknow-Patna,East,Economy,6,7,FALSE,TRUE,FALSE,314.9,Vehicle Breakdown,1
ORD101342,2024-04-09,XpressBees,Chennai-Pune,South,Standard,5,5,TRUE,TRUE,TRUE,637.52,None,0
ORD101343,2024-10-15,Delhivery,Bangalore-Hyderabad,South,Express,1,1,TRUE,TRUE,TRUE,897.59,None,0
ORD101344,2024-12-14,DTDC,Bhopal-Indore,Central,Express,2,4,FALSE,TRUE,FALSE,1030.9,None,2
ORD101345,2024-07-18,DTDC,Bangalore-Hyderabad,South,Express,1,4,FALSE,TRUE,FALSE,1072.52,Address Issue,3
ORD101346,2024-06-08,XpressBees,Bhopal-Indore,Central,Standard,4,5,FALSE,TRUE,FALSE,477.62,Driver Shortage,1
ORD101347,2024-07-19,DTDC,Kolkata-Delhi,North,Economy,6,8,FALSE,FALSE,FALSE,452.52,Vehicle Breakdown,2
ORD101348,2024-05-21,XpressBees,Bangalore-Hyderabad,South,Standard,5,5,TRUE,TRUE,TRUE,547.81,None,0
ORD101349,2024-06-08,XpressBees,Bangalore-Hyderabad,South,Express,1,2,FALSE,FALSE,FALSE,947.95,High Volume Surge,1
ORD101350,2024-11-08,BlueDart,Bhopal-Indore,Central,Economy,8,9,FALSE,TRUE,FALSE,217.28,High Volume Surge,1
ORD101351,2024-05-10,Delhivery,Surat-Nagpur,West,Express,2,2,TRUE,TRUE,TRUE,771.97,None,0
ORD101352,2024-11-02,XpressBees,Mumbai-Chennai,West,Standard,5,6,FALSE,TRUE,FALSE,474.31,High Volume Surge,1
ORD101353,2024-05-21,Delhivery,Jaipur-Ahmedabad,North,Economy,7,8,FALSE,TRUE,FALSE,226.07,Address Issue,1
ORD101354,2024-10-26,DTDC,Chennai-Pune,South,Standard,4,6,FALSE,TRUE,FALSE,462.39,Vehicle Breakdown,2
ORD101355,2024-12-28,Delhivery,Surat-Nagpur,West,Economy,7,7,TRUE,TRUE,TRUE,232.36,None,0
ORD101356,2024-10-21,DTDC,Surat-Nagpur,West,Economy,8,10,FALSE,FALSE,FALSE,263.43,Weather Delay,2
ORD101357,2024-11-27,BlueDart,Mumbai-Chennai,West,Express,2,3,FALSE,TRUE,FALSE,887.11,None,1
ORD101358,2024-04-20,XpressBees,Surat-Nagpur,West,Economy,8,9,FALSE,TRUE,FALSE,284.61,Weather Delay,1
ORD101359,2024-01-15,Delhivery,Kochi-Coimbatore,South,Express,2,2,TRUE,TRUE,TRUE,835.06,None,0
ORD101360,2024-05-21,Ekart,Surat-Nagpur,West,Standard,5,5,TRUE,TRUE,TRUE,491.9,None,0
ORD101361,2024-10-12,BlueDart,Surat-Nagpur,West,Standard,4,4,TRUE,TRUE,TRUE,419.45,None,0
ORD101362,2024-09-12,Ekart,Bhopal-Indore,Central,Economy,7,7,TRUE,TRUE,TRUE,205.57,None,0
ORD101363,2024-02-16,Ekart,Mumbai-Chennai,West,Standard,5,5,TRUE,TRUE,TRUE,432.53,None,0
ORD101364,2024-08-12,Ekart,Lucknow-Patna,East,Economy,7,10,FALSE,TRUE,FALSE,320.65,Address Issue,3
ORD101365,2024-09-16,Delhivery,Jaipur-Ahmedabad,North,Express,2,2,TRUE,TRUE,TRUE,863.91,None,0
ORD101366,2024-04-11,Ekart,Bhopal-Indore,Central,Economy,8,8,TRUE,TRUE,TRUE,228.61,None,0
ORD101367,2024-07-22,BlueDart,Mumbai-Chennai,West,Economy,8,9,FALSE,TRUE,FALSE,204.41,Address Issue,1
ORD101368,2024-03-20,XpressBees,Bangalore-Hyderabad,South,Express,2,4,FALSE,TRUE,FALSE,1036.7,None,2
ORD101369,2024-11-27,BlueDart,Chennai-Pune,South,Standard,3,3,TRUE,TRUE,TRUE,425.32,None,0
ORD101370,2024-04-08,Delhivery,Kolkata-Delhi,North,Express,2,3,FALSE,TRUE,FALSE,1213.24,High Volume Surge,1
ORD101371,2024-08-08,Delhivery,Lucknow-Patna,East,Economy,8,11,FALSE,TRUE,FALSE,364.71,Address Issue,3
ORD101372,2024-06-13,Ekart,Jaipur-Ahmedabad,North,Express,2,2,TRUE,TRUE,TRUE,882.84,None,0
ORD101373,2024-11-26,DTDC,Kolkata-Delhi,North,Economy,6,10,FALSE,TRUE,FALSE,350.44,Driver Shortage,4
ORD101374,2024-10-29,Delhivery,Bhopal-Indore,Central,Standard,4,4,TRUE,TRUE,TRUE,444.41,None,0
ORD101375,2024-02-02,BlueDart,Lucknow-Patna,East,Express,1,5,FALSE,TRUE,FALSE,1085.55,Vehicle Breakdown,4
ORD101376,2024-11-02,BlueDart,Jaipur-Ahmedabad,North,Economy,7,7,TRUE,TRUE,TRUE,230.02,None,0
ORD101377,2024-10-18,XpressBees,Surat-Nagpur,West,Economy,6,7,FALSE,TRUE,FALSE,265.71,Vehicle Breakdown,1
ORD101378,2024-02-06,XpressBees,Bhopal-Indore,Central,Express,2,2,TRUE,TRUE,TRUE,920.17,None,0
ORD101379,2024-11-03,BlueDart,Kochi-Coimbatore,South,Economy,7,7,TRUE,TRUE,TRUE,208.95,None,0
ORD101380,2024-07-25,Delhivery,Bangalore-Hyderabad,South,Express,2,2,TRUE,TRUE,TRUE,781.01,None,0
ORD101381,2024-08-08,XpressBees,Kochi-Coimbatore,South,Standard,4,7,FALSE,FALSE,FALSE,483.39,Driver Shortage,3
ORD101382,2024-08-19,XpressBees,Chennai-Pune,South,Express,1,3,FALSE,TRUE,FALSE,1023.99,None,2
ORD101383,2024-09-27,DTDC,Mumbai-Chennai,West,Standard,3,5,FALSE,TRUE,FALSE,487.63,None,2
ORD101384,2024-03-29,BlueDart,Delhi-Mumbai,North,Standard,4,6,FALSE,TRUE,FALSE,645.13,None,2
ORD101385,2024-08-13,DTDC,Kolkata-Delhi,North,Standard,3,6,FALSE,FALSE,FALSE,746.63,None,3
ORD101386,2024-03-02,DTDC,Bangalore-Hyderabad,South,Express,2,2,TRUE,TRUE,TRUE,1149.78,None,0
ORD101387,2024-02-21,Ekart,Chennai-Pune,South,Express,2,2,TRUE,TRUE,TRUE,793.46,None,0
ORD101388,2024-10-07,Delhivery,Surat-Nagpur,West,Economy,6,6,TRUE,TRUE,TRUE,238.86,None,0
ORD101389,2024-01-31,XpressBees,Lucknow-Patna,East,Express,1,3,FALSE,FALSE,FALSE,1712.51,None,2
ORD101390,2024-11-25,DTDC,Surat-Nagpur,West,Express,1,3,FALSE,TRUE,FALSE,1072.39,High Volume Surge,2
ORD101391,2024-01-13,Ekart,Kolkata-Delhi,North,Standard,3,5,FALSE,TRUE,FALSE,656.73,Customs Hold,2
ORD101392,2024-12-16,BlueDart,Surat-Nagpur,West,Standard,5,6,FALSE,TRUE,FALSE,432.53,Address Issue,1
ORD101393,2024-06-29,DTDC,Delhi-Mumbai,North,Express,1,3,FALSE,TRUE,FALSE,1419.71,Vehicle Breakdown,2
ORD101394,2024-01-23,BlueDart,Bhopal-Indore,Central,Economy,7,7,TRUE,TRUE,TRUE,227.97,None,0
ORD101395,2024-01-24,BlueDart,Kolkata-Delhi,North,Standard,3,4,FALSE,TRUE,FALSE,576.56,Weather Delay,1
ORD101396,2024-07-18,Delhivery,Lucknow-Patna,East,Economy,6,8,FALSE,TRUE,FALSE,356.9,Vehicle Breakdown,2
ORD101397,2024-10-19,Ekart,Kolkata-Delhi,North,Standard,3,4,FALSE,TRUE,FALSE,636.59,Driver Shortage,1
ORD101398,2024-07-30,Delhivery,Chennai-Pune,South,Economy,8,8,TRUE,TRUE,TRUE,198.45,None,0
ORD101399,2024-12-19,Ekart,Lucknow-Patna,East,Express,2,4,FALSE,TRUE,FALSE,1253.11,Driver Shortage,2
ORD101400,2024-05-11,BlueDart,Kolkata-Delhi,North,Economy,6,7,FALSE,TRUE,FALSE,298.09,Driver Shortage,1
ORD101401,2024-10-11,Ekart,Lucknow-Patna,East,Economy,7,9,FALSE,TRUE,FALSE,312.86,Weather Delay,2
ORD101402,2024-07-17,Delhivery,Surat-Nagpur,West,Express,1,2,FALSE,TRUE,FALSE,783.94,None,1
ORD101403,2024-03-14,BlueDart,Bangalore-Hyderabad,South,Economy,6,6,TRUE,TRUE,TRUE,214.32,None,0
ORD101404,2024-03-30,DTDC,Surat-Nagpur,West,Express,1,1,TRUE,FALSE,FALSE,872.3,Address Issue,0
ORD101405,2024-04-09,XpressBees,Jaipur-Ahmedabad,North,Express,1,3,FALSE,TRUE,FALSE,898.68,None,2
ORD101406,2024-10-07,XpressBees,Jaipur-Ahmedabad,North,Express,2,2,TRUE,TRUE,TRUE,917.24,None,0
ORD101407,2024-06-13,BlueDart,Jaipur-Ahmedabad,North,Express,1,2,FALSE,TRUE,FALSE,767.97,Driver Shortage,1
ORD101408,2024-07-17,BlueDart,Jaipur-Ahmedabad,North,Express,1,1,TRUE,FALSE,FALSE,765.58,None,0
ORD101409,2024-11-26,BlueDart,Kochi-Coimbatore,South,Express,1,1,TRUE,FALSE,FALSE,905.08,High Volume Surge,0
ORD101410,2024-11-21,Ekart,Lucknow-Patna,East,Economy,8,11,FALSE,TRUE,FALSE,301.12,None,3
ORD101411,2024-05-11,XpressBees,Surat-Nagpur,West,Express,2,4,FALSE,TRUE,FALSE,1029.21,Customs Hold,2
ORD101412,2024-10-04,Ekart,Bangalore-Hyderabad,South,Economy,6,7,FALSE,TRUE,FALSE,204.34,Driver Shortage,1
ORD101413,2024-06-15,XpressBees,Kolkata-Delhi,North,Express,2,5,FALSE,TRUE,FALSE,1586.94,Address Issue,3
ORD101414,2024-11-12,Delhivery,Lucknow-Patna,East,Economy,8,9,FALSE,TRUE,FALSE,280.37,Driver Shortage,1
ORD101415,2024-11-15,XpressBees,Jaipur-Ahmedabad,North,Economy,7,8,FALSE,TRUE,FALSE,228.79,Address Issue,1
ORD101416,2024-12-21,BlueDart,Lucknow-Patna,East,Express,1,3,FALSE,TRUE,FALSE,1325.63,Weather Delay,2
ORD101417,2024-03-07,XpressBees,Kolkata-Delhi,North,Economy,8,10,FALSE,TRUE,FALSE,379.72,Vehicle Breakdown,2
ORD101418,2024-02-13,Ekart,Surat-Nagpur,West,Economy,8,8,TRUE,TRUE,TRUE,232.63,None,0
ORD101419,2024-02-03,BlueDart,Delhi-Mumbai,North,Express,2,3,FALSE,TRUE,FALSE,1254.22,Address Issue,1
ORD101420,2024-03-18,DTDC,Jaipur-Ahmedabad,North,Standard,5,7,FALSE,TRUE,FALSE,490.67,Vehicle Breakdown,2
ORD101421,2024-02-28,XpressBees,Bangalore-Hyderabad,South,Express,2,3,FALSE,TRUE,FALSE,1051.21,None,1
ORD101422,2024-08-13,XpressBees,Bangalore-Hyderabad,South,Express,1,2,FALSE,TRUE,FALSE,1070.36,Address Issue,1
ORD101423,2024-02-05,DTDC,Kochi-Coimbatore,South,Express,2,3,FALSE,TRUE,FALSE,1110.89,Address Issue,1
ORD101424,2024-04-10,Delhivery,Bangalore-Hyderabad,South,Economy,7,8,FALSE,TRUE,FALSE,202.88,Driver Shortage,1
ORD101425,2024-01-09,Ekart,Jaipur-Ahmedabad,North,Economy,6,6,TRUE,TRUE,TRUE,233.17,None,0
ORD101426,2024-06-12,DTDC,Kochi-Coimbatore,South,Standard,3,4,FALSE,TRUE,FALSE,522.35,Customs Hold,1
ORD101427,2024-06-21,BlueDart,Bangalore-Hyderabad,South,Economy,6,6,TRUE,TRUE,TRUE,241.83,None,0
ORD101428,2024-10-20,Ekart,Delhi-Mumbai,North,Economy,8,10,FALSE,TRUE,FALSE,309.51,Weather Delay,2
ORD101429,2024-09-19,Ekart,Delhi-Mumbai,North,Standard,3,6,FALSE,TRUE,FALSE,647.67,Address Issue,3
ORD101430,2024-12-07,XpressBees,Lucknow-Patna,East,Economy,7,9,FALSE,TRUE,FALSE,397.41,Weather Delay,2
ORD101431,2024-10-19,DTDC,Jaipur-Ahmedabad,North,Express,1,1,TRUE,TRUE,TRUE,881.14,None,0
ORD101432,2024-10-25,BlueDart,Kolkata-Delhi,North,Express,1,4,FALSE,TRUE,FALSE,1289.47,None,3
ORD101433,2024-02-11,Ekart,Surat-Nagpur,West,Economy,6,6,TRUE,TRUE,TRUE,204.1,None,0
ORD101434,2024-04-17,BlueDart,Bangalore-Hyderabad,South,Economy,6,6,TRUE,TRUE,TRUE,228.17,None,0
ORD101435,2024-08-28,BlueDart,Delhi-Mumbai,North,Standard,4,7,FALSE,TRUE,FALSE,671.32,Vehicle Breakdown,3
ORD101436,2024-04-06,DTDC,Chennai-Pune,South,Express,2,2,TRUE,FALSE,FALSE,1048.5,High Volume Surge,0
ORD101437,2024-07-21,BlueDart,Mumbai-Chennai,West,Express,1,1,TRUE,TRUE,TRUE,803.71,None,0
ORD101438,2024-06-25,Ekart,Kochi-Coimbatore,South,Economy,7,7,TRUE,TRUE,TRUE,209.04,None,0
ORD101439,2024-02-10,DTDC,Kolkata-Delhi,North,Express,2,4,FALSE,FALSE,FALSE,1437.69,Customs Hold,2
ORD101440,2024-07-04,BlueDart,Surat-Nagpur,West,Economy,8,8,TRUE,TRUE,TRUE,231.94,None,0
ORD101441,2024-09-02,BlueDart,Kochi-Coimbatore,South,Economy,7,7,TRUE,TRUE,TRUE,230.66,None,0
ORD101442,2024-06-15,XpressBees,Jaipur-Ahmedabad,North,Standard,4,5,FALSE,TRUE,FALSE,529.83,Customs Hold,1
ORD101443,2024-03-17,XpressBees,Lucknow-Patna,East,Standard,4,6,FALSE,TRUE,FALSE,639.22,Driver Shortage,2
ORD101444,2024-08-29,Ekart,Lucknow-Patna,East,Express,2,5,FALSE,TRUE,FALSE,1270.04,None,3
ORD101445,2024-10-08,Ekart,Bangalore-Hyderabad,South,Standard,3,3,TRUE,TRUE,TRUE,419.25,None,0
ORD101446,2024-12-06,Delhivery,Chennai-Pune,South,Express,2,3,FALSE,TRUE,FALSE,926.05,None,1
ORD101447,2024-08-01,Ekart,Delhi-Mumbai,North,Express,1,4,FALSE,TRUE,FALSE,1145.36,Vehicle Breakdown,3
ORD101448,2024-11-12,BlueDart,Surat-Nagpur,West,Standard,5,5,TRUE,TRUE,TRUE,432.96,None,0
ORD101449,2024-01-10,DTDC,Lucknow-Patna,East,Express,1,5,FALSE,TRUE,FALSE,1624.91,Weather Delay,4
ORD101450,2024-06-09,Ekart,Surat-Nagpur,West,Standard,3,3,TRUE,TRUE,TRUE,466.95,None,0
ORD101451,2024-06-13,Ekart,Surat-Nagpur,West,Economy,7,7,TRUE,TRUE,TRUE,237.68,None,0
ORD101452,2024-10-15,Delhivery,Kochi-Coimbatore,South,Economy,8,8,TRUE,TRUE,TRUE,208.96,None,0
ORD101453,2024-06-13,BlueDart,Surat-Nagpur,West,Standard,5,5,TRUE,TRUE,TRUE,418.35,None,0
ORD101454,2024-03-14,DTDC,Mumbai-Chennai,West,Standard,4,6,FALSE,FALSE,FALSE,497.54,Driver Shortage,2
ORD101455,2024-11-13,BlueDart,Jaipur-Ahmedabad,North,Standard,3,3,TRUE,TRUE,TRUE,434.45,None,0
ORD101456,2024-04-06,DTDC,Surat-Nagpur,West,Express,2,4,FALSE,TRUE,FALSE,1045.35,Driver Shortage,2
ORD101457,2024-07-11,DTDC,Kochi-Coimbatore,South,Express,2,4,FALSE,TRUE,FALSE,1026.01,None,2
ORD101458,2024-08-26,BlueDart,Lucknow-Patna,East,Standard,4,5,FALSE,TRUE,FALSE,605.85,Address Issue,1
ORD101459,2024-05-21,XpressBees,Bangalore-Hyderabad,South,Economy,7,9,FALSE,TRUE,FALSE,253.77,None,2
ORD101460,2024-06-10,DTDC,Kolkata-Delhi,North,Standard,4,7,FALSE,TRUE,FALSE,629.55,Vehicle Breakdown,3
ORD101461,2024-01-21,DTDC,Lucknow-Patna,East,Express,2,7,FALSE,TRUE,FALSE,1624.69,High Volume Surge,5
ORD101462,2024-03-12,BlueDart,Bhopal-Indore,Central,Economy,8,8,TRUE,TRUE,TRUE,238.79,None,0
ORD101463,2024-07-01,BlueDart,Bangalore-Hyderabad,South,Economy,6,6,TRUE,TRUE,TRUE,213.85,None,0
ORD101464,2024-09-25,BlueDart,Jaipur-Ahmedabad,North,Standard,4,4,TRUE,TRUE,TRUE,454.06,None,0
ORD101465,2024-11-26,XpressBees,Lucknow-Patna,East,Economy,6,9,FALSE,TRUE,FALSE,358.47,None,3
ORD101466,2024-03-19,BlueDart,Bhopal-Indore,Central,Express,1,2,FALSE,FALSE,FALSE,802.23,None,1
ORD101467,2024-07-31,DTDC,Bangalore-Hyderabad,South,Standard,4,6,FALSE,FALSE,FALSE,563.02,Driver Shortage,2
ORD101468,2024-01-04,BlueDart,Bhopal-Indore,Central,Express,1,1,TRUE,TRUE,TRUE,864.07,None,0
ORD101469,2024-01-04,BlueDart,Jaipur-Ahmedabad,North,Economy,7,7,TRUE,TRUE,TRUE,204.7,None,0
ORD101470,2024-04-13,Ekart,Kochi-Coimbatore,South,Standard,5,5,TRUE,TRUE,TRUE,419.39,None,0
ORD101471,2024-11-29,Ekart,Kochi-Coimbatore,South,Standard,3,3,TRUE,TRUE,TRUE,440.34,None,0
ORD101472,2024-04-15,XpressBees,Chennai-Pune,South,Express,2,5,FALSE,TRUE,FALSE,932.68,None,3
ORD101473,2024-05-09,DTDC,Kolkata-Delhi,North,Economy,8,12,FALSE,TRUE,FALSE,363,High Volume Surge,4
ORD101474,2024-11-04,DTDC,Kolkata-Delhi,North,Express,2,3,FALSE,TRUE,FALSE,1459.32,Customs Hold,1
ORD101475,2024-02-24,XpressBees,Bangalore-Hyderabad,South,Standard,5,7,FALSE,TRUE,FALSE,603.63,None,2
ORD101476,2024-02-19,BlueDart,Delhi-Mumbai,North,Economy,6,7,FALSE,TRUE,FALSE,298.77,Vehicle Breakdown,1
ORD101477,2024-06-03,Ekart,Delhi-Mumbai,North,Express,1,3,FALSE,TRUE,FALSE,1095.74,Weather Delay,2
ORD101478,2024-12-15,Ekart,Bangalore-Hyderabad,South,Standard,3,3,TRUE,TRUE,TRUE,471.98,None,0
ORD101479,2024-10-15,XpressBees,Delhi-Mumbai,North,Express,1,2,FALSE,TRUE,FALSE,1574.31,None,1
ORD101480,2024-07-12,BlueDart,Surat-Nagpur,West,Economy,8,8,TRUE,TRUE,TRUE,215.49,None,0
ORD101481,2024-12-29,BlueDart,Delhi-Mumbai,North,Standard,4,7,FALSE,TRUE,FALSE,633.43,Address Issue,3
ORD101482,2024-01-01,XpressBees,Chennai-Pune,South,Express,2,2,TRUE,TRUE,TRUE,1003.65,None,0
ORD101483,2024-10-05,DTDC,Delhi-Mumbai,North,Standard,5,9,FALSE,TRUE,FALSE,727.75,Customs Hold,4
ORD101484,2024-07-27,Ekart,Bangalore-Hyderabad,South,Economy,7,7,TRUE,TRUE,TRUE,226.13,None,0
ORD101485,2024-10-04,DTDC,Bangalore-Hyderabad,South,Standard,4,5,FALSE,TRUE,FALSE,525.84,Driver Shortage,1
ORD101486,2024-12-14,Ekart,Lucknow-Patna,East,Standard,3,6,FALSE,TRUE,FALSE,612.12,High Volume Surge,3
ORD101487,2024-03-22,BlueDart,Bangalore-Hyderabad,South,Standard,5,5,TRUE,TRUE,TRUE,453.62,None,0
ORD101488,2024-09-13,Delhivery,Kochi-Coimbatore,South,Express,2,2,TRUE,TRUE,TRUE,914.72,None,0
ORD101489,2024-03-25,BlueDart,Bhopal-Indore,Central,Economy,6,6,TRUE,TRUE,TRUE,222.22,None,0
ORD101490,2024-06-28,Ekart,Kolkata-Delhi,North,Standard,3,5,FALSE,TRUE,FALSE,658.35,High Volume Surge,2
ORD101491,2024-03-14,BlueDart,Lucknow-Patna,East,Express,2,3,FALSE,TRUE,FALSE,1457.85,Customs Hold,1
ORD101492,2024-02-19,Ekart,Mumbai-Chennai,West,Express,2,2,TRUE,TRUE,TRUE,857.13,None,0
ORD101493,2024-08-19,BlueDart,Kolkata-Delhi,North,Express,1,3,FALSE,TRUE,FALSE,1363.56,None,2
ORD101494,2024-08-07,XpressBees,Mumbai-Chennai,West,Standard,5,6,FALSE,TRUE,FALSE,510.3,None,1
ORD101495,2024-12-24,DTDC,Kochi-Coimbatore,South,Standard,5,7,FALSE,TRUE,FALSE,582.93,Address Issue,2
ORD101496,2024-02-14,XpressBees,Surat-Nagpur,West,Economy,6,7,FALSE,TRUE,FALSE,299.05,Customs Hold,1
ORD101497,2024-11-19,Ekart,Surat-Nagpur,West,Economy,6,6,TRUE,TRUE,TRUE,234.55,None,0
ORD101498,2024-08-19,XpressBees,Mumbai-Chennai,West,Standard,5,6,FALSE,TRUE,FALSE,518.2,Driver Shortage,1
ORD101499,2024-04-02,DTDC,Kolkata-Delhi,North,Standard,3,6,FALSE,TRUE,FALSE,748.53,None,3
ORD101500,2024-10-26,Ekart,Surat-Nagpur,West,Economy,8,9,FALSE,TRUE,FALSE,221.57,Address Issue,1
ORD101501,2024-03-20,DTDC,Mumbai-Chennai,West,Standard,3,4,FALSE,TRUE,FALSE,508.67,Driver Shortage,1
ORD101502,2024-07-11,Delhivery,Mumbai-Chennai,West,Standard,4,4,TRUE,FALSE,FALSE,474.82,Vehicle Breakdown,0
ORD101503,2024-03-25,Ekart,Delhi-Mumbai,North,Express,1,4,FALSE,TRUE,FALSE,1267.32,Weather Delay,3
ORD101504,2024-12-23,Delhivery,Bangalore-Hyderabad,South,Economy,8,8,TRUE,TRUE,TRUE,214.13,None,0
ORD101505,2024-10-12,BlueDart,Lucknow-Patna,East,Economy,8,11,FALSE,TRUE,FALSE,291.47,None,3
ORD101506,2024-03-02,BlueDart,Lucknow-Patna,East,Express,1,3,FALSE,TRUE,FALSE,1170.93,Vehicle Breakdown,2
ORD101507,2024-02-04,Delhivery,Delhi-Mumbai,North,Express,1,4,FALSE,TRUE,FALSE,1324.68,None,3
ORD101508,2024-07-09,DTDC,Bangalore-Hyderabad,South,Standard,3,5,FALSE,TRUE,FALSE,470.98,Weather Delay,2
ORD101509,2024-04-19,DTDC,Delhi-Mumbai,North,Express,1,6,FALSE,TRUE,FALSE,1310.38,Customs Hold,5
ORD101510,2024-03-06,XpressBees,Kolkata-Delhi,North,Standard,4,5,FALSE,TRUE,FALSE,859.4,None,1
ORD101511,2024-07-30,Delhivery,Bhopal-Indore,Central,Express,2,2,TRUE,TRUE,TRUE,807,None,0
ORD101512,2024-06-13,Delhivery,Jaipur-Ahmedabad,North,Standard,4,4,TRUE,TRUE,TRUE,408.86,None,0
ORD101513,2024-11-10,BlueDart,Lucknow-Patna,East,Express,2,5,FALSE,TRUE,FALSE,1392,None,3
ORD101514,2024-08-09,XpressBees,Bhopal-Indore,Central,Economy,8,8,TRUE,TRUE,TRUE,268.56,None,0
ORD101515,2024-11-24,BlueDart,Kochi-Coimbatore,South,Standard,3,3,TRUE,TRUE,TRUE,474.93,None,0
ORD101516,2024-06-16,Ekart,Delhi-Mumbai,North,Standard,4,7,FALSE,TRUE,FALSE,695.43,High Volume Surge,3
ORD101517,2024-11-11,XpressBees,Chennai-Pune,South,Economy,7,8,FALSE,TRUE,FALSE,245.5,High Volume Surge,1
ORD101518,2024-04-26,Ekart,Mumbai-Chennai,West,Economy,7,7,TRUE,TRUE,TRUE,224.16,None,0
ORD101519,2024-06-20,Ekart,Jaipur-Ahmedabad,North,Express,1,1,TRUE,TRUE,TRUE,797.61,None,0
ORD101520,2024-05-31,XpressBees,Bhopal-Indore,Central,Standard,4,7,FALSE,TRUE,FALSE,523.53,Driver Shortage,3
ORD101521,2024-05-29,Ekart,Kolkata-Delhi,North,Economy,8,11,FALSE,TRUE,FALSE,317.81,None,3
ORD101522,2024-05-18,Delhivery,Kolkata-Delhi,North,Economy,8,10,FALSE,TRUE,FALSE,330.95,Driver Shortage,2
ORD101523,2024-10-08,XpressBees,Kochi-Coimbatore,South,Economy,7,7,TRUE,TRUE,TRUE,276.73,None,0
ORD101524,2024-10-17,BlueDart,Lucknow-Patna,East,Express,1,4,FALSE,TRUE,FALSE,1380.36,None,3
ORD101525,2024-04-02,Delhivery,Lucknow-Patna,East,Standard,3,6,FALSE,TRUE,FALSE,634.62,None,3
ORD101526,2024-05-17,Ekart,Mumbai-Chennai,West,Express,1,1,TRUE,TRUE,TRUE,858.24,None,0
ORD101527,2024-02-27,BlueDart,Bangalore-Hyderabad,South,Economy,8,9,FALSE,TRUE,FALSE,237.22,Weather Delay,1
ORD101528,2024-06-30,DTDC,Jaipur-Ahmedabad,North,Economy,7,9,FALSE,TRUE,FALSE,256.92,High Volume Surge,2
ORD101529,2024-02-16,Delhivery,Kolkata-Delhi,North,Express,2,3,FALSE,TRUE,FALSE,1237.31,Vehicle Breakdown,1
ORD101530,2024-11-08,DTDC,Kochi-Coimbatore,South,Standard,4,4,TRUE,TRUE,TRUE,504.15,None,0
ORD101531,2024-07-16,Delhivery,Bangalore-Hyderabad,South,Express,2,2,TRUE,FALSE,FALSE,879.1,High Volume Surge,0
ORD101532,2024-03-17,Delhivery,Surat-Nagpur,West,Express,1,1,TRUE,TRUE,TRUE,840.5,None,0
ORD101533,2024-09-16,DTDC,Lucknow-Patna,East,Standard,3,7,FALSE,TRUE,FALSE,823.27,Customs Hold,4
ORD101534,2024-07-25,XpressBees,Kochi-Coimbatore,South,Standard,5,5,TRUE,FALSE,FALSE,535.79,Vehicle Breakdown,0
ORD101535,2024-01-13,Delhivery,Kolkata-Delhi,North,Standard,4,6,FALSE,TRUE,FALSE,590.64,Customs Hold,2
ORD101536,2024-07-18,Delhivery,Kochi-Coimbatore,South,Economy,8,8,TRUE,TRUE,TRUE,233.2,None,0
ORD101537,2024-08-05,Ekart,Kochi-Coimbatore,South,Standard,4,4,TRUE,TRUE,TRUE,470.18,None,0
ORD101538,2024-03-27,XpressBees,Mumbai-Chennai,West,Standard,4,4,TRUE,TRUE,TRUE,582.23,None,0
ORD101539,2024-03-22,DTDC,Kolkata-Delhi,North,Economy,8,13,FALSE,TRUE,FALSE,432.7,None,5
ORD101540,2024-08-11,DTDC,Mumbai-Chennai,West,Economy,8,8,TRUE,FALSE,FALSE,280.35,None,0
ORD101541,2024-02-17,Delhivery,Chennai-Pune,South,Express,2,2,TRUE,TRUE,TRUE,776.35,None,0
ORD101542,2024-08-04,BlueDart,Kochi-Coimbatore,South,Economy,8,8,TRUE,TRUE,TRUE,218.69,None,0
ORD101543,2024-04-01,Delhivery,Bangalore-Hyderabad,South,Express,1,1,TRUE,TRUE,TRUE,782.26,None,0
ORD101544,2024-04-05,BlueDart,Bhopal-Indore,Central,Standard,5,5,TRUE,TRUE,TRUE,418.74,None,0
ORD101545,2024-08-28,BlueDart,Kolkata-Delhi,North,Standard,3,5,FALSE,TRUE,FALSE,690.81,None,2
ORD101546,2024-12-29,Delhivery,Bangalore-Hyderabad,South,Express,2,2,TRUE,TRUE,TRUE,842.34,None,0
ORD101547,2024-05-27,Delhivery,Mumbai-Chennai,West,Express,1,1,TRUE,TRUE,TRUE,788.1,None,0
ORD101548,2024-10-22,DTDC,Surat-Nagpur,West,Standard,5,7,FALSE,TRUE,FALSE,552.82,High Volume Surge,2
ORD101549,2024-02-29,Ekart,Lucknow-Patna,East,Economy,7,9,FALSE,TRUE,FALSE,263.8,Address Issue,2
ORD101550,2024-11-22,XpressBees,Kochi-Coimbatore,South,Standard,4,5,FALSE,FALSE,FALSE,565.83,None,1
ORD101551,2024-08-12,XpressBees,Bangalore-Hyderabad,South,Economy,8,8,TRUE,TRUE,TRUE,268.15,None,0
ORD101552,2024-03-15,XpressBees,Chennai-Pune,South,Standard,4,7,FALSE,TRUE,FALSE,475.47,Vehicle Breakdown,3
ORD101553,2024-11-30,Ekart,Mumbai-Chennai,West,Standard,3,3,TRUE,TRUE,TRUE,439.79,None,0
ORD101554,2024-06-18,BlueDart,Lucknow-Patna,East,Economy,7,10,FALSE,FALSE,FALSE,375.13,None,3
ORD101555,2024-04-21,Ekart,Kolkata-Delhi,North,Economy,6,7,FALSE,TRUE,FALSE,317.59,None,1
ORD101556,2024-05-25,Ekart,Bhopal-Indore,Central,Express,2,3,FALSE,TRUE,FALSE,869.2,Address Issue,1
ORD101557,2024-08-09,BlueDart,Jaipur-Ahmedabad,North,Economy,8,8,TRUE,TRUE,TRUE,231.37,None,0
ORD101558,2024-07-12,BlueDart,Bhopal-Indore,Central,Economy,8,8,TRUE,TRUE,TRUE,204.75,None,0
ORD101559,2024-07-20,XpressBees,Jaipur-Ahmedabad,North,Economy,8,10,FALSE,FALSE,FALSE,258.8,Address Issue,2
ORD101560,2024-08-06,BlueDart,Kolkata-Delhi,North,Express,2,3,FALSE,TRUE,FALSE,1229.56,Vehicle Breakdown,1
ORD101561,2024-02-03,DTDC,Bhopal-Indore,Central,Standard,3,3,TRUE,TRUE,TRUE,521.02,None,0
ORD101562,2024-10-22,XpressBees,Kolkata-Delhi,North,Express,2,4,FALSE,TRUE,FALSE,1447.24,Address Issue,2
ORD101563,2024-05-22,DTDC,Bhopal-Indore,Central,Economy,7,9,FALSE,TRUE,FALSE,289.58,Driver Shortage,2
ORD101564,2024-07-26,Delhivery,Kochi-Coimbatore,South,Express,1,2,FALSE,TRUE,FALSE,820.79,Customs Hold,1
ORD101565,2024-02-20,DTDC,Delhi-Mumbai,North,Standard,4,5,FALSE,TRUE,FALSE,787.88,None,1
ORD101566,2024-09-03,DTDC,Bhopal-Indore,Central,Standard,4,7,FALSE,TRUE,FALSE,480.84,None,3
ORD101567,2024-06-19,Ekart,Mumbai-Chennai,West,Express,2,3,FALSE,TRUE,FALSE,791.19,Weather Delay,1
ORD101568,2024-04-19,BlueDart,Jaipur-Ahmedabad,North,Standard,3,4,FALSE,TRUE,FALSE,449.27,High Volume Surge,1
ORD101569,2024-02-12,XpressBees,Lucknow-Patna,East,Express,2,5,FALSE,TRUE,FALSE,1640.74,None,3
ORD101570,2024-01-27,Delhivery,Delhi-Mumbai,North,Economy,7,9,FALSE,TRUE,FALSE,351.73,None,2
ORD101571,2024-03-25,XpressBees,Delhi-Mumbai,North,Express,1,3,FALSE,TRUE,FALSE,1715.64,None,2
ORD101572,2024-04-08,Ekart,Chennai-Pune,South,Express,1,1,TRUE,TRUE,TRUE,869.44,None,0
ORD101573,2024-02-03,XpressBees,Bangalore-Hyderabad,South,Standard,3,4,FALSE,TRUE,FALSE,578.34,None,1
ORD101574,2024-12-06,DTDC,Surat-Nagpur,West,Standard,3,5,FALSE,TRUE,FALSE,492.86,Address Issue,2
ORD101575,2024-06-07,XpressBees,Bangalore-Hyderabad,South,Standard,4,6,FALSE,TRUE,FALSE,547.46,Vehicle Breakdown,2
ORD101576,2024-01-31,Delhivery,Jaipur-Ahmedabad,North,Express,2,2,TRUE,TRUE,TRUE,771.26,None,0
ORD101577,2024-06-19,BlueDart,Kochi-Coimbatore,South,Express,1,2,FALSE,TRUE,FALSE,887.87,None,1
ORD101578,2024-06-03,DTDC,Jaipur-Ahmedabad,North,Express,2,4,FALSE,FALSE,FALSE,1136.99,High Volume Surge,2
ORD101579,2024-04-05,XpressBees,Kolkata-Delhi,North,Economy,6,9,FALSE,TRUE,FALSE,343.9,None,3
ORD101580,2024-06-10,XpressBees,Surat-Nagpur,West,Economy,7,9,FALSE,TRUE,FALSE,291.53,Driver Shortage,2
ORD101581,2024-06-20,Delhivery,Kochi-Coimbatore,South,Express,1,1,TRUE,TRUE,TRUE,847.77,None,0
ORD101582,2024-01-20,BlueDart,Bangalore-Hyderabad,South,Express,1,2,FALSE,TRUE,FALSE,919.24,Customs Hold,1
ORD101583,2024-04-18,Ekart,Delhi-Mumbai,North,Economy,7,10,FALSE,TRUE,FALSE,308.81,Vehicle Breakdown,3
ORD101584,2024-10-29,Ekart,Bangalore-Hyderabad,South,Economy,8,8,TRUE,TRUE,TRUE,237.14,None,0
ORD101585,2024-01-23,DTDC,Kochi-Coimbatore,South,Express,2,4,FALSE,TRUE,FALSE,1067.21,Customs Hold,2
ORD101586,2024-08-25,Ekart,Chennai-Pune,South,Express,2,2,TRUE,TRUE,TRUE,914.3,None,0
ORD101587,2024-04-27,DTDC,Kochi-Coimbatore,South,Express,2,4,FALSE,TRUE,FALSE,1016.03,None,2
ORD101588,2024-08-18,Ekart,Kochi-Coimbatore,South,Standard,4,4,TRUE,TRUE,TRUE,408.65,None,0
ORD101589,2024-11-23,XpressBees,Kolkata-Delhi,North,Express,2,3,FALSE,TRUE,FALSE,1552.4,Driver Shortage,1
ORD101590,2024-10-14,DTDC,Chennai-Pune,South,Economy,6,7,FALSE,TRUE,FALSE,281.2,Customs Hold,1
ORD101591,2024-09-02,Delhivery,Jaipur-Ahmedabad,North,Economy,8,8,TRUE,FALSE,FALSE,216.9,Vehicle Breakdown,0
ORD101592,2024-03-24,BlueDart,Delhi-Mumbai,North,Express,2,3,FALSE,TRUE,FALSE,1309.29,None,1
ORD101593,2024-03-03,BlueDart,Jaipur-Ahmedabad,North,Standard,4,4,TRUE,TRUE,TRUE,419,None,0
ORD101594,2024-08-26,Delhivery,Delhi-Mumbai,North,Express,2,3,FALSE,TRUE,FALSE,1191.18,High Volume Surge,1
ORD101595,2024-02-17,BlueDart,Bhopal-Indore,Central,Standard,5,5,TRUE,TRUE,TRUE,437.06,None,0
ORD101596,2024-11-13,Delhivery,Jaipur-Ahmedabad,North,Standard,3,3,TRUE,TRUE,TRUE,486.98,None,0
ORD101597,2024-09-30,BlueDart,Mumbai-Chennai,West,Express,1,1,TRUE,TRUE,TRUE,903.59,None,0
ORD101598,2024-04-07,XpressBees,Kolkata-Delhi,North,Economy,7,10,FALSE,TRUE,FALSE,418.67,Vehicle Breakdown,3
ORD101599,2024-10-12,XpressBees,Kochi-Coimbatore,South,Economy,8,10,FALSE,TRUE,FALSE,293.15,Customs Hold,2
ORD101600,2024-12-06,XpressBees,Surat-Nagpur,West,Standard,5,6,FALSE,TRUE,FALSE,467.19,Weather Delay,1
ORD101601,2024-02-13,Ekart,Jaipur-Ahmedabad,North,Standard,5,5,TRUE,TRUE,TRUE,482.58,None,0
ORD101602,2024-10-10,BlueDart,Bangalore-Hyderabad,South,Economy,8,8,TRUE,TRUE,TRUE,218.83,None,0
ORD101603,2024-08-05,Ekart,Bhopal-Indore,Central,Express,1,1,TRUE,TRUE,TRUE,856.3,None,0
ORD101604,2024-12-22,BlueDart,Chennai-Pune,South,Express,1,1,TRUE,TRUE,TRUE,934.73,None,0
ORD101605,2024-06-02,XpressBees,Chennai-Pune,South,Express,2,4,FALSE,TRUE,FALSE,1070.78,Driver Shortage,2
ORD101606,2024-07-04,BlueDart,Lucknow-Patna,East,Express,2,4,FALSE,TRUE,FALSE,1441.2,Weather Delay,2
ORD101607,2024-04-18,BlueDart,Mumbai-Chennai,West,Standard,4,4,TRUE,TRUE,TRUE,421.44,None,0
ORD101608,2024-10-04,BlueDart,Kochi-Coimbatore,South,Express,1,1,TRUE,TRUE,TRUE,894.31,None,0
ORD101609,2024-06-08,DTDC,Mumbai-Chennai,West,Economy,8,10,FALSE,TRUE,FALSE,249.3,Weather Delay,2
ORD101610,2024-09-01,BlueDart,Lucknow-Patna,East,Economy,7,9,FALSE,TRUE,FALSE,318.22,None,2
ORD101611,2024-11-28,XpressBees,Delhi-Mumbai,North,Standard,4,7,FALSE,TRUE,FALSE,864.5,Vehicle Breakdown,3
ORD101612,2024-12-15,BlueDart,Kochi-Coimbatore,South,Economy,6,7,FALSE,TRUE,FALSE,229.16,None,1
ORD101613,2024-04-06,Delhivery,Bhopal-Indore,Central,Standard,3,3,TRUE,TRUE,TRUE,470.69,None,0
ORD101614,2024-03-10,DTDC,Surat-Nagpur,West,Express,1,2,FALSE,TRUE,FALSE,1066.11,None,1
ORD101615,2024-02-28,DTDC,Lucknow-Patna,East,Standard,5,8,FALSE,TRUE,FALSE,832.4,Weather Delay,3
ORD101616,2024-05-07,DTDC,Lucknow-Patna,East,Express,2,5,FALSE,TRUE,FALSE,1539.19,Vehicle Breakdown,3
ORD101617,2024-02-26,BlueDart,Delhi-Mumbai,North,Economy,7,8,FALSE,TRUE,FALSE,264.25,None,1
ORD101618,2024-12-03,XpressBees,Delhi-Mumbai,North,Express,2,4,FALSE,FALSE,FALSE,1391.07,Customs Hold,2
ORD101619,2024-07-18,Ekart,Bhopal-Indore,Central,Standard,5,5,TRUE,TRUE,TRUE,418.13,None,0
ORD101620,2024-08-11,Delhivery,Jaipur-Ahmedabad,North,Economy,8,8,TRUE,TRUE,TRUE,239.76,None,0
ORD101621,2024-04-14,Ekart,Delhi-Mumbai,North,Express,2,4,FALSE,TRUE,FALSE,1214.38,Address Issue,2
ORD101622,2024-10-27,BlueDart,Lucknow-Patna,East,Standard,3,5,FALSE,TRUE,FALSE,685.13,Weather Delay,2
ORD101623,2024-05-21,Ekart,Surat-Nagpur,West,Standard,5,5,TRUE,TRUE,TRUE,466.96,None,0
ORD101624,2024-04-22,XpressBees,Surat-Nagpur,West,Standard,3,4,FALSE,TRUE,FALSE,535.51,Customs Hold,1
ORD101625,2024-05-19,DTDC,Bhopal-Indore,Central,Economy,6,6,TRUE,TRUE,TRUE,275.03,None,0
ORD101626,2024-02-24,Ekart,Bhopal-Indore,Central,Economy,7,7,TRUE,TRUE,TRUE,240.11,None,0
ORD101627,2024-12-19,Ekart,Kolkata-Delhi,North,Standard,3,6,FALSE,TRUE,FALSE,645.74,Address Issue,3
ORD101628,2024-12-22,XpressBees,Bhopal-Indore,Central,Economy,7,8,FALSE,TRUE,FALSE,237.21,Address Issue,1
ORD101629,2024-01-24,DTDC,Chennai-Pune,South,Express,2,4,FALSE,FALSE,FALSE,953.54,None,2
ORD101630,2024-10-14,Ekart,Jaipur-Ahmedabad,North,Standard,3,3,TRUE,TRUE,TRUE,443.77,None,0
ORD101631,2024-02-22,BlueDart,Delhi-Mumbai,North,Express,1,3,FALSE,TRUE,FALSE,1136.98,Weather Delay,2
ORD101632,2024-10-27,XpressBees,Bhopal-Indore,Central,Economy,6,6,TRUE,TRUE,TRUE,234.27,None,0
ORD101633,2024-05-08,BlueDart,Lucknow-Patna,East,Standard,5,9,FALSE,TRUE,FALSE,648.25,Weather Delay,4
ORD101634,2024-12-22,DTDC,Kochi-Coimbatore,South,Economy,8,8,TRUE,TRUE,TRUE,237.26,None,0
ORD101635,2024-08-19,XpressBees,Delhi-Mumbai,North,Express,2,4,FALSE,TRUE,FALSE,1272.43,Address Issue,2
ORD101636,2024-03-21,Delhivery,Bhopal-Indore,Central,Express,1,1,TRUE,TRUE,TRUE,797.73,None,0
ORD101637,2024-03-09,BlueDart,Kolkata-Delhi,North,Economy,6,7,FALSE,TRUE,FALSE,278.67,High Volume Surge,1
ORD101638,2024-12-18,BlueDart,Delhi-Mumbai,North,Economy,8,9,FALSE,TRUE,FALSE,330.3,Vehicle Breakdown,1
ORD101639,2024-03-30,Delhivery,Mumbai-Chennai,West,Standard,4,4,TRUE,TRUE,TRUE,408.16,None,0
ORD101640,2024-09-23,BlueDart,Lucknow-Patna,East,Express,1,2,FALSE,TRUE,FALSE,1071.32,Address Issue,1
ORD101641,2024-08-05,DTDC,Bhopal-Indore,Central,Economy,8,10,FALSE,TRUE,FALSE,287.76,Customs Hold,2
ORD101642,2024-07-26,DTDC,Bangalore-Hyderabad,South,Standard,4,5,FALSE,TRUE,FALSE,612.86,Vehicle Breakdown,1
ORD101643,2024-12-24,XpressBees,Chennai-Pune,South,Economy,7,7,TRUE,TRUE,TRUE,225.48,None,0
ORD101644,2024-01-28,BlueDart,Bhopal-Indore,Central,Economy,7,8,FALSE,TRUE,FALSE,223.55,Vehicle Breakdown,1
ORD101645,2024-11-06,Delhivery,Bhopal-Indore,Central,Economy,6,6,TRUE,TRUE,TRUE,200.23,None,0
ORD101646,2024-05-13,BlueDart,Bhopal-Indore,Central,Express,1,1,TRUE,TRUE,TRUE,780.9,None,0
ORD101647,2024-11-21,DTDC,Jaipur-Ahmedabad,North,Express,1,2,FALSE,TRUE,FALSE,999.81,Driver Shortage,1
ORD101648,2024-12-14,DTDC,Mumbai-Chennai,West,Express,2,3,FALSE,TRUE,FALSE,1076.82,Vehicle Breakdown,1
ORD101649,2024-12-19,Ekart,Chennai-Pune,South,Express,1,1,TRUE,TRUE,TRUE,896.8,None,0
ORD101650,2024-10-02,BlueDart,Delhi-Mumbai,North,Express,2,3,FALSE,TRUE,FALSE,1258.09,None,1
ORD101651,2024-06-09,BlueDart,Jaipur-Ahmedabad,North,Economy,8,8,TRUE,TRUE,TRUE,241.49,None,0
ORD101652,2024-10-03,BlueDart,Lucknow-Patna,East,Economy,8,10,FALSE,TRUE,FALSE,309.85,High Volume Surge,2
ORD101653,2024-05-27,Ekart,Surat-Nagpur,West,Standard,5,5,TRUE,TRUE,TRUE,479.19,None,0
ORD101654,2024-12-04,DTDC,Bhopal-Indore,Central,Express,2,4,FALSE,FALSE,FALSE,913.3,Weather Delay,2
ORD101655,2024-05-20,Delhivery,Chennai-Pune,South,Standard,4,4,TRUE,TRUE,TRUE,470.15,None,0
ORD101656,2024-05-17,Delhivery,Bhopal-Indore,Central,Standard,4,4,TRUE,TRUE,TRUE,418.43,None,0
ORD101657,2024-10-22,Delhivery,Bhopal-Indore,Central,Standard,4,4,TRUE,TRUE,TRUE,478.94,None,0
ORD101658,2024-08-23,BlueDart,Lucknow-Patna,East,Economy,8,10,FALSE,TRUE,FALSE,294.34,High Volume Surge,2
ORD101659,2024-01-25,Ekart,Kochi-Coimbatore,South,Express,1,1,TRUE,TRUE,TRUE,810.53,None,0
ORD101660,2024-11-25,XpressBees,Mumbai-Chennai,West,Standard,5,5,TRUE,TRUE,TRUE,612.85,None,0
ORD101661,2024-02-02,DTDC,Bangalore-Hyderabad,South,Standard,4,4,TRUE,TRUE,TRUE,566.94,None,0
ORD101662,2024-10-19,Ekart,Lucknow-Patna,East,Express,1,4,FALSE,TRUE,FALSE,1249.97,High Volume Surge,3
ORD101663,2024-09-27,XpressBees,Chennai-Pune,South,Standard,3,3,TRUE,TRUE,TRUE,521.47,None,0
ORD101664,2024-07-18,Delhivery,Lucknow-Patna,East,Express,2,4,FALSE,TRUE,FALSE,1090.9,Driver Shortage,2
ORD101665,2024-12-11,Ekart,Bangalore-Hyderabad,South,Standard,4,4,TRUE,TRUE,TRUE,475.98,None,0
ORD101666,2024-01-12,Ekart,Jaipur-Ahmedabad,North,Economy,8,8,TRUE,TRUE,TRUE,240.21,None,0
ORD101667,2024-04-25,XpressBees,Mumbai-Chennai,West,Standard,4,5,FALSE,TRUE,FALSE,590.95,Weather Delay,1
ORD101668,2024-08-26,Ekart,Mumbai-Chennai,West,Express,1,1,TRUE,TRUE,TRUE,930.32,None,0
ORD101669,2024-05-29,BlueDart,Kochi-Coimbatore,South,Economy,8,8,TRUE,FALSE,FALSE,228.22,None,0
ORD101670,2024-04-23,Delhivery,Kolkata-Delhi,North,Express,1,3,FALSE,TRUE,FALSE,1127.42,Customs Hold,2
ORD101671,2024-01-25,BlueDart,Bangalore-Hyderabad,South,Express,1,2,FALSE,TRUE,FALSE,887.61,High Volume Surge,1
ORD101672,2024-11-25,Delhivery,Kochi-Coimbatore,South,Express,1,1,TRUE,TRUE,TRUE,787.9,None,0
ORD101673,2024-11-09,Delhivery,Jaipur-Ahmedabad,North,Express,2,2,TRUE,TRUE,TRUE,927.56,None,0
ORD101674,2024-01-05,XpressBees,Bhopal-Indore,Central,Standard,4,5,FALSE,TRUE,FALSE,604.18,High Volume Surge,1
ORD101675,2024-01-07,Delhivery,Delhi-Mumbai,North,Express,1,2,FALSE,TRUE,FALSE,1222.88,High Volume Surge,1
ORD101676,2024-01-02,XpressBees,Kolkata-Delhi,North,Standard,4,10,FALSE,TRUE,FALSE,746.23,Customs Hold,6
ORD101677,2024-06-08,Delhivery,Kochi-Coimbatore,South,Standard,4,4,TRUE,TRUE,TRUE,410.22,None,0
ORD101678,2024-07-22,BlueDart,Kochi-Coimbatore,South,Express,2,2,TRUE,TRUE,TRUE,803.39,None,0
ORD101679,2024-11-06,XpressBees,Bhopal-Indore,Central,Standard,3,5,FALSE,TRUE,FALSE,496.63,Vehicle Breakdown,2
ORD101680,2024-01-19,DTDC,Kochi-Coimbatore,South,Express,1,2,FALSE,TRUE,FALSE,908.4,None,1
ORD101681,2024-06-21,Delhivery,Chennai-Pune,South,Economy,8,9,FALSE,TRUE,FALSE,199.89,Weather Delay,1
ORD101682,2024-04-08,XpressBees,Kolkata-Delhi,North,Standard,4,8,FALSE,TRUE,FALSE,736.03,Weather Delay,4
ORD101683,2024-04-18,DTDC,Delhi-Mumbai,North,Express,2,5,FALSE,TRUE,FALSE,1586.42,None,3
ORD101684,2024-09-17,Delhivery,Mumbai-Chennai,West,Express,2,2,TRUE,TRUE,TRUE,903.96,None,0
ORD101685,2024-08-05,Delhivery,Bhopal-Indore,Central,Standard,5,5,TRUE,TRUE,TRUE,481.27,None,0
ORD101686,2024-02-29,Delhivery,Bhopal-Indore,Central,Economy,6,6,TRUE,TRUE,TRUE,240.38,None,0
ORD101687,2024-09-27,Ekart,Kolkata-Delhi,North,Economy,6,10,FALSE,TRUE,FALSE,292.41,High Volume Surge,4
ORD101688,2024-07-08,XpressBees,Bangalore-Hyderabad,South,Express,1,1,TRUE,TRUE,TRUE,880.09,None,0
ORD101689,2024-02-03,BlueDart,Surat-Nagpur,West,Economy,6,6,TRUE,TRUE,TRUE,223.56,None,0
ORD101690,2024-05-10,Ekart,Chennai-Pune,South,Economy,6,6,TRUE,TRUE,TRUE,217.94,None,0
ORD101691,2024-05-31,Delhivery,Kochi-Coimbatore,South,Standard,5,6,FALSE,TRUE,FALSE,456.54,Driver Shortage,1
ORD101692,2024-07-15,DTDC,Bhopal-Indore,Central,Economy,8,11,FALSE,FALSE,FALSE,246.17,High Volume Surge,3
ORD101693,2024-06-07,Delhivery,Kochi-Coimbatore,South,Express,2,2,TRUE,TRUE,TRUE,896.29,None,0
ORD101694,2024-05-30,DTDC,Kochi-Coimbatore,South,Express,1,1,TRUE,TRUE,TRUE,1135.85,None,0
ORD101695,2024-11-23,XpressBees,Bangalore-Hyderabad,South,Standard,5,7,FALSE,TRUE,FALSE,612.65,Customs Hold,2
ORD101696,2024-09-23,XpressBees,Mumbai-Chennai,West,Standard,3,6,FALSE,TRUE,FALSE,520.78,Vehicle Breakdown,3
ORD101697,2024-09-23,Delhivery,Kochi-Coimbatore,South,Standard,5,5,TRUE,TRUE,TRUE,485.87,None,0
ORD101698,2024-03-13,DTDC,Bangalore-Hyderabad,South,Express,2,2,TRUE,TRUE,TRUE,1002.84,None,0
ORD101699,2024-03-16,DTDC,Kochi-Coimbatore,South,Standard,4,4,TRUE,TRUE,TRUE,568.7,None,0
ORD101700,2024-10-14,Ekart,Lucknow-Patna,East,Express,2,6,FALSE,TRUE,FALSE,1372.94,None,4
ORD101701,2024-05-08,XpressBees,Surat-Nagpur,West,Express,1,1,TRUE,TRUE,TRUE,1156.86,None,0
ORD101702,2024-01-21,Ekart,Kolkata-Delhi,North,Standard,5,6,FALSE,TRUE,FALSE,737.6,None,1
ORD101703,2024-02-02,Delhivery,Delhi-Mumbai,North,Standard,3,4,FALSE,TRUE,FALSE,667.52,Customs Hold,1
ORD101704,2024-01-25,BlueDart,Delhi-Mumbai,North,Standard,5,6,FALSE,TRUE,FALSE,624.78,Weather Delay,1
ORD101705,2024-08-20,XpressBees,Mumbai-Chennai,West,Economy,6,8,FALSE,FALSE,FALSE,246.69,Weather Delay,2
ORD101706,2024-05-23,Delhivery,Lucknow-Patna,East,Economy,8,10,FALSE,TRUE,FALSE,297.94,Driver Shortage,2
ORD101707,2024-08-17,BlueDart,Chennai-Pune,South,Standard,4,5,FALSE,TRUE,FALSE,440.17,None,1
ORD101708,2024-09-08,XpressBees,Bangalore-Hyderabad,South,Standard,5,5,TRUE,TRUE,TRUE,500.53,None,0
ORD101709,2024-05-14,XpressBees,Surat-Nagpur,West,Express,1,3,FALSE,TRUE,FALSE,959.67,High Volume Surge,2
ORD101710,2024-07-02,Delhivery,Mumbai-Chennai,West,Express,1,2,FALSE,TRUE,FALSE,924.33,Address Issue,1
ORD101711,2024-08-25,Delhivery,Bangalore-Hyderabad,South,Standard,4,4,TRUE,TRUE,TRUE,488.45,None,0
ORD101712,2024-09-19,Delhivery,Delhi-Mumbai,North,Express,1,2,FALSE,FALSE,FALSE,1190.48,None,1
ORD101713,2024-08-17,Delhivery,Jaipur-Ahmedabad,North,Standard,4,4,TRUE,TRUE,TRUE,422.13,None,0
ORD101714,2024-07-21,DTDC,Mumbai-Chennai,West,Standard,4,5,FALSE,TRUE,FALSE,518.22,None,1
ORD101715,2024-07-22,DTDC,Chennai-Pune,South,Express,1,2,FALSE,TRUE,FALSE,934.88,Weather Delay,1
ORD101716,2024-03-23,DTDC,Surat-Nagpur,West,Express,1,3,FALSE,TRUE,FALSE,903.54,None,2
ORD101717,2024-08-02,XpressBees,Mumbai-Chennai,West,Economy,8,8,TRUE,TRUE,TRUE,275.32,None,0
ORD101718,2024-10-03,DTDC,Bangalore-Hyderabad,South,Economy,7,10,FALSE,TRUE,FALSE,268.84,Vehicle Breakdown,3
ORD101719,2024-01-12,BlueDart,Kolkata-Delhi,North,Economy,6,9,FALSE,TRUE,FALSE,312.81,Driver Shortage,3
ORD101720,2024-07-25,DTDC,Surat-Nagpur,West,Economy,8,11,FALSE,TRUE,FALSE,261.24,Weather Delay,3
ORD101721,2024-01-02,Delhivery,Surat-Nagpur,West,Standard,5,5,TRUE,TRUE,TRUE,406.39,None,0
ORD101722,2024-07-06,DTDC,Lucknow-Patna,East,Express,1,4,FALSE,TRUE,FALSE,1352.39,Driver Shortage,3
ORD101723,2024-02-07,Ekart,Delhi-Mumbai,North,Economy,7,8,FALSE,TRUE,FALSE,270.64,Vehicle Breakdown,1
ORD101724,2024-10-29,Delhivery,Kochi-Coimbatore,South,Standard,5,6,FALSE,TRUE,FALSE,472.95,High Volume Surge,1
ORD101725,2024-03-22,Ekart,Bhopal-Indore,Central,Express,2,2,TRUE,TRUE,TRUE,912.57,None,0
ORD101726,2024-11-02,BlueDart,Bangalore-Hyderabad,South,Standard,3,3,TRUE,TRUE,TRUE,453.81,None,0
ORD101727,2024-09-19,DTDC,Chennai-Pune,South,Standard,5,5,TRUE,TRUE,TRUE,550.13,None,0
ORD101728,2024-09-16,BlueDart,Bhopal-Indore,Central,Economy,6,6,TRUE,TRUE,TRUE,225.55,None,0
ORD101729,2024-10-05,BlueDart,Surat-Nagpur,West,Economy,8,9,FALSE,TRUE,FALSE,238.64,None,1
ORD101730,2024-11-17,XpressBees,Lucknow-Patna,East,Standard,4,7,FALSE,FALSE,FALSE,814.9,Weather Delay,3
ORD101731,2024-03-19,XpressBees,Surat-Nagpur,West,Economy,8,10,FALSE,TRUE,FALSE,283.88,Customs Hold,2
ORD101732,2024-11-25,Ekart,Bangalore-Hyderabad,South,Economy,8,8,TRUE,TRUE,TRUE,230.99,None,0
ORD101733,2024-11-16,Ekart,Bhopal-Indore,Central,Economy,8,8,TRUE,TRUE,TRUE,206.19,None,0
ORD101734,2024-10-18,Ekart,Kolkata-Delhi,North,Express,2,3,FALSE,TRUE,FALSE,1259.34,Customs Hold,1
ORD101735,2024-05-08,BlueDart,Delhi-Mumbai,North,Economy,6,7,FALSE,TRUE,FALSE,312.28,Address Issue,1
ORD101736,2024-11-22,DTDC,Bangalore-Hyderabad,South,Standard,4,7,FALSE,TRUE,FALSE,559.98,None,3
ORD101737,2024-10-20,Delhivery,Kolkata-Delhi,North,Economy,8,11,FALSE,TRUE,FALSE,321.87,High Volume Surge,3
ORD101738,2024-06-16,Ekart,Mumbai-Chennai,West,Standard,3,3,TRUE,TRUE,TRUE,466.25,None,0
ORD101739,2024-10-28,DTDC,Bangalore-Hyderabad,South,Standard,5,6,FALSE,TRUE,FALSE,490.95,Customs Hold,1
ORD101740,2024-12-29,Delhivery,Kolkata-Delhi,North,Standard,5,8,FALSE,TRUE,FALSE,762.8,None,3
ORD101741,2024-11-08,Ekart,Lucknow-Patna,East,Standard,3,7,FALSE,TRUE,FALSE,778.3,Weather Delay,4
ORD101742,2024-10-22,XpressBees,Jaipur-Ahmedabad,North,Economy,7,8,FALSE,FALSE,FALSE,261.79,High Volume Surge,1
ORD101743,2024-10-24,BlueDart,Mumbai-Chennai,West,Standard,5,6,FALSE,TRUE,FALSE,422.92,Address Issue,1
ORD101744,2024-06-16,Ekart,Kolkata-Delhi,North,Express,1,3,FALSE,TRUE,FALSE,1080.96,None,2
ORD101745,2024-08-06,BlueDart,Kolkata-Delhi,North,Express,1,3,FALSE,TRUE,FALSE,1311.18,Vehicle Breakdown,2
ORD101746,2024-11-25,Ekart,Surat-Nagpur,West,Express,1,1,TRUE,TRUE,TRUE,790.45,None,0
ORD101747,2024-09-27,Ekart,Mumbai-Chennai,West,Express,1,1,TRUE,TRUE,TRUE,830.1,None,0
ORD101748,2024-07-03,DTDC,Mumbai-Chennai,West,Economy,7,9,FALSE,TRUE,FALSE,293.11,None,2
ORD101749,2024-06-18,Delhivery,Bangalore-Hyderabad,South,Economy,8,8,TRUE,TRUE,TRUE,237.17,None,0
ORD101750,2024-03-26,XpressBees,Bhopal-Indore,Central,Standard,3,5,FALSE,TRUE,FALSE,529.29,None,2
ORD101751,2024-10-28,XpressBees,Bangalore-Hyderabad,South,Economy,7,9,FALSE,TRUE,FALSE,268.9,Driver Shortage,2
ORD101752,2024-12-20,Ekart,Lucknow-Patna,East,Standard,5,8,FALSE,TRUE,FALSE,657.58,Weather Delay,3
ORD101753,2024-11-27,Ekart,Lucknow-Patna,East,Express,1,2,FALSE,FALSE,FALSE,1276.02,None,1
ORD101754,2024-06-23,BlueDart,Kolkata-Delhi,North,Express,1,4,FALSE,TRUE,FALSE,1212.19,None,3
ORD101755,2024-06-04,BlueDart,Surat-Nagpur,West,Economy,6,7,FALSE,TRUE,FALSE,206.01,None,1
ORD101756,2024-04-23,DTDC,Chennai-Pune,South,Economy,8,10,FALSE,TRUE,FALSE,285.25,Driver Shortage,2
ORD101757,2024-07-07,XpressBees,Lucknow-Patna,East,Economy,7,12,FALSE,FALSE,FALSE,337.07,Vehicle Breakdown,5
ORD101758,2024-02-24,Delhivery,Chennai-Pune,South,Express,1,1,TRUE,TRUE,TRUE,902.31,None,0
ORD101759,2024-11-26,Delhivery,Bangalore-Hyderabad,South,Express,1,1,TRUE,TRUE,TRUE,914.37,None,0
ORD101760,2024-03-22,Ekart,Delhi-Mumbai,North,Economy,6,8,FALSE,TRUE,FALSE,345.79,Customs Hold,2
ORD101761,2024-04-02,DTDC,Kolkata-Delhi,North,Standard,4,7,FALSE,TRUE,FALSE,820.04,None,3
ORD101762,2024-10-19,XpressBees,Jaipur-Ahmedabad,North,Standard,4,5,FALSE,TRUE,FALSE,481.1,None,1
ORD101763,2024-01-28,Ekart,Delhi-Mumbai,North,Express,1,5,FALSE,TRUE,FALSE,1206.8,None,4
ORD101764,2024-08-22,Delhivery,Bhopal-Indore,Central,Economy,7,7,TRUE,TRUE,TRUE,205.72,None,0
ORD101765,2024-06-15,Delhivery,Kolkata-Delhi,North,Standard,5,8,FALSE,TRUE,FALSE,736.33,Weather Delay,3
ORD101766,2024-12-02,Delhivery,Bangalore-Hyderabad,South,Express,1,2,FALSE,TRUE,FALSE,927.41,Address Issue,1
ORD101767,2024-03-26,BlueDart,Kochi-Coimbatore,South,Economy,7,7,TRUE,TRUE,TRUE,204.33,None,0
ORD101768,2024-05-16,Ekart,Jaipur-Ahmedabad,North,Economy,6,6,TRUE,TRUE,TRUE,239.35,None,0
ORD101769,2024-05-06,BlueDart,Lucknow-Patna,East,Standard,5,9,FALSE,TRUE,FALSE,664.55,Address Issue,4
ORD101770,2024-08-12,DTDC,Delhi-Mumbai,North,Standard,4,9,FALSE,TRUE,FALSE,767.56,High Volume Surge,5
ORD101771,2024-09-11,Delhivery,Delhi-Mumbai,North,Economy,6,8,FALSE,TRUE,FALSE,318.12,High Volume Surge,2
ORD101772,2024-09-22,Delhivery,Mumbai-Chennai,West,Standard,5,5,TRUE,TRUE,TRUE,490.61,None,0
ORD101773,2024-10-07,Delhivery,Kolkata-Delhi,North,Express,1,4,FALSE,TRUE,FALSE,1252.81,Weather Delay,3
ORD101774,2024-10-18,Delhivery,Kolkata-Delhi,North,Express,1,4,FALSE,TRUE,FALSE,1448.12,High Volume Surge,3
ORD101775,2024-05-01,Ekart,Surat-Nagpur,West,Economy,6,6,TRUE,TRUE,TRUE,213.72,None,0
ORD101776,2024-11-26,XpressBees,Bhopal-Indore,Central,Express,1,1,TRUE,TRUE,TRUE,1069.71,None,0
ORD101777,2024-10-19,DTDC,Mumbai-Chennai,West,Economy,7,8,FALSE,FALSE,FALSE,259.96,None,1
ORD101778,2024-04-11,BlueDart,Mumbai-Chennai,West,Express,1,1,TRUE,TRUE,TRUE,780.72,None,0
ORD101779,2024-01-03,Ekart,Surat-Nagpur,West,Economy,8,8,TRUE,TRUE,TRUE,234.22,None,0
ORD101780,2024-03-18,XpressBees,Kochi-Coimbatore,South,Standard,3,4,FALSE,FALSE,FALSE,540.76,None,1
ORD101781,2024-08-23,BlueDart,Bangalore-Hyderabad,South,Express,1,1,TRUE,TRUE,TRUE,922.08,None,0
ORD101782,2024-11-12,XpressBees,Lucknow-Patna,East,Economy,6,7,FALSE,FALSE,FALSE,377.72,None,1
ORD101783,2024-10-19,XpressBees,Delhi-Mumbai,North,Express,2,8,FALSE,TRUE,FALSE,1479.99,None,6
ORD101784,2024-03-17,XpressBees,Kolkata-Delhi,North,Standard,4,7,FALSE,TRUE,FALSE,875.82,Weather Delay,3
ORD101785,2024-03-12,Delhivery,Chennai-Pune,South,Express,1,1,TRUE,FALSE,FALSE,859.93,High Volume Surge,0
ORD101786,2024-05-26,BlueDart,Jaipur-Ahmedabad,North,Economy,8,8,TRUE,TRUE,TRUE,204.61,None,0
ORD101787,2024-12-01,Delhivery,Lucknow-Patna,East,Express,1,4,FALSE,TRUE,FALSE,1165.7,Driver Shortage,3
ORD101788,2024-02-19,Delhivery,Delhi-Mumbai,North,Economy,8,11,FALSE,TRUE,FALSE,331.61,None,3
ORD101789,2024-04-18,XpressBees,Kolkata-Delhi,North,Express,1,4,FALSE,TRUE,FALSE,1470.2,Vehicle Breakdown,3
ORD101790,2024-09-02,Ekart,Delhi-Mumbai,North,Express,1,2,FALSE,TRUE,FALSE,1321.38,Vehicle Breakdown,1
ORD101791,2024-04-26,DTDC,Kolkata-Delhi,North,Standard,4,5,FALSE,TRUE,FALSE,751.05,Customs Hold,1
ORD101792,2024-03-22,Delhivery,Bangalore-Hyderabad,South,Standard,5,5,TRUE,TRUE,TRUE,428.5,None,0
ORD101793,2024-09-11,Delhivery,Delhi-Mumbai,North,Economy,8,10,FALSE,TRUE,FALSE,301.06,Customs Hold,2
ORD101794,2024-08-05,XpressBees,Kochi-Coimbatore,South,Standard,4,5,FALSE,TRUE,FALSE,578.63,Address Issue,1
ORD101795,2024-08-24,Delhivery,Bangalore-Hyderabad,South,Standard,4,4,TRUE,TRUE,TRUE,477.91,None,0
ORD101796,2024-01-14,BlueDart,Lucknow-Patna,East,Express,1,4,FALSE,TRUE,FALSE,1312.01,None,3
ORD101797,2024-02-19,DTDC,Lucknow-Patna,East,Express,1,4,FALSE,TRUE,FALSE,1281.42,High Volume Surge,3
ORD101798,2024-02-13,XpressBees,Jaipur-Ahmedabad,North,Express,1,3,FALSE,TRUE,FALSE,923.4,None,2
ORD101799,2024-07-03,DTDC,Kolkata-Delhi,North,Express,2,4,FALSE,FALSE,FALSE,1641.58,Address Issue,2
ORD101800,2024-12-26,Ekart,Bhopal-Indore,Central,Standard,4,4,TRUE,TRUE,TRUE,420.75,None,0
ORD101801,2024-11-01,BlueDart,Kolkata-Delhi,North,Express,2,3,FALSE,TRUE,FALSE,1203.8,Customs Hold,1
ORD101802,2024-04-12,XpressBees,Chennai-Pune,South,Express,1,1,TRUE,TRUE,TRUE,1172.06,None,0
ORD101803,2024-09-25,XpressBees,Kochi-Coimbatore,South,Express,2,4,FALSE,TRUE,FALSE,938.39,Weather Delay,2
ORD101804,2024-06-18,Delhivery,Kolkata-Delhi,North,Economy,7,8,FALSE,TRUE,FALSE,298.38,None,1
ORD101805,2024-08-27,BlueDart,Kochi-Coimbatore,South,Express,1,1,TRUE,TRUE,TRUE,847.56,None,0
ORD101806,2024-10-09,Ekart,Mumbai-Chennai,West,Express,1,1,TRUE,TRUE,TRUE,857.46,None,0
ORD101807,2024-03-29,DTDC,Mumbai-Chennai,West,Economy,8,10,FALSE,TRUE,FALSE,264.44,Address Issue,2
ORD101808,2024-11-06,Ekart,Delhi-Mumbai,North,Economy,8,11,FALSE,TRUE,FALSE,325.82,Customs Hold,3
ORD101809,2024-11-04,XpressBees,Bhopal-Indore,Central,Economy,6,8,FALSE,TRUE,FALSE,277.9,Customs Hold,2
ORD101810,2024-09-05,Ekart,Bhopal-Indore,Central,Express,2,3,FALSE,TRUE,FALSE,790.23,Weather Delay,1
ORD101811,2024-12-18,DTDC,Surat-Nagpur,West,Standard,3,3,TRUE,TRUE,TRUE,503.43,None,0
ORD101812,2024-03-25,DTDC,Bhopal-Indore,Central,Economy,7,9,FALSE,TRUE,FALSE,236.23,Address Issue,2
ORD101813,2024-02-15,Delhivery,Lucknow-Patna,East,Express,1,3,FALSE,TRUE,FALSE,1324.71,None,2
ORD101814,2024-04-30,BlueDart,Lucknow-Patna,East,Express,1,4,FALSE,TRUE,FALSE,1459.57,Weather Delay,3
ORD101815,2024-10-02,DTDC,Jaipur-Ahmedabad,North,Economy,8,11,FALSE,TRUE,FALSE,258.04,Weather Delay,3
ORD101816,2024-06-04,DTDC,Bhopal-Indore,Central,Standard,5,7,FALSE,TRUE,FALSE,625.42,Address Issue,2
ORD101817,2024-04-29,Delhivery,Bhopal-Indore,Central,Express,1,2,FALSE,TRUE,FALSE,915.19,Driver Shortage,1
ORD101818,2024-08-30,XpressBees,Kochi-Coimbatore,South,Economy,7,8,FALSE,TRUE,FALSE,221.5,Customs Hold,1
ORD101819,2024-02-16,XpressBees,Jaipur-Ahmedabad,North,Economy,6,6,TRUE,TRUE,TRUE,250.45,None,0
ORD101820,2024-08-04,Delhivery,Mumbai-Chennai,West,Economy,7,7,TRUE,TRUE,TRUE,224.4,None,0
ORD101821,2024-01-26,DTDC,Bhopal-Indore,Central,Express,2,5,FALSE,TRUE,FALSE,1199.9,Driver Shortage,3
ORD101822,2024-02-15,BlueDart,Chennai-Pune,South,Economy,7,7,TRUE,TRUE,TRUE,209.38,None,0
ORD101823,2024-12-19,XpressBees,Kochi-Coimbatore,South,Express,2,3,FALSE,TRUE,FALSE,976.98,Driver Shortage,1
ORD101824,2024-12-09,DTDC,Bhopal-Indore,Central,Express,2,5,FALSE,TRUE,FALSE,1058.95,Driver Shortage,3
ORD101825,2024-05-15,Delhivery,Lucknow-Patna,East,Standard,5,7,FALSE,TRUE,FALSE,636.9,Vehicle Breakdown,2
ORD101826,2024-03-13,XpressBees,Kochi-Coimbatore,South,Express,2,3,FALSE,TRUE,FALSE,940.33,Customs Hold,1
ORD101827,2024-10-20,Ekart,Bangalore-Hyderabad,South,Economy,6,7,FALSE,TRUE,FALSE,222.06,None,1
ORD101828,2024-09-02,Ekart,Kolkata-Delhi,North,Economy,7,10,FALSE,TRUE,FALSE,319.15,None,3
ORD101829,2024-04-19,DTDC,Bangalore-Hyderabad,South,Standard,5,7,FALSE,TRUE,FALSE,502.97,None,2
ORD101830,2024-04-19,DTDC,Mumbai-Chennai,West,Economy,6,7,FALSE,TRUE,FALSE,292.46,None,1
ORD101831,2024-06-19,XpressBees,Surat-Nagpur,West,Express,2,2,TRUE,FALSE,FALSE,989.28,None,0
ORD101832,2024-04-08,Delhivery,Delhi-Mumbai,North,Standard,4,7,FALSE,TRUE,FALSE,553.35,Weather Delay,3
ORD101833,2024-02-03,Ekart,Chennai-Pune,South,Express,2,3,FALSE,TRUE,FALSE,844.91,Driver Shortage,1
ORD101834,2024-01-02,Delhivery,Bhopal-Indore,Central,Economy,7,7,TRUE,TRUE,TRUE,240.08,None,0
ORD101835,2024-06-16,XpressBees,Lucknow-Patna,East,Economy,6,8,FALSE,TRUE,FALSE,366.3,None,2
ORD101836,2024-11-12,Delhivery,Kochi-Coimbatore,South,Standard,5,6,FALSE,TRUE,FALSE,454.13,High Volume Surge,1
ORD101837,2024-06-23,DTDC,Kolkata-Delhi,North,Standard,5,11,FALSE,TRUE,FALSE,822.8,Address Issue,6
ORD101838,2024-11-02,Ekart,Kochi-Coimbatore,South,Standard,5,5,TRUE,TRUE,TRUE,460.23,None,0
ORD101839,2024-12-21,BlueDart,Bangalore-Hyderabad,South,Economy,7,7,TRUE,TRUE,TRUE,238.86,None,0
ORD101840,2024-07-21,Ekart,Delhi-Mumbai,North,Express,1,3,FALSE,TRUE,FALSE,1220.24,High Volume Surge,2
ORD101841,2024-01-26,XpressBees,Kolkata-Delhi,North,Standard,3,7,FALSE,FALSE,FALSE,788.36,Weather Delay,4
ORD101842,2024-12-15,DTDC,Delhi-Mumbai,North,Economy,8,12,FALSE,TRUE,FALSE,366.15,Customs Hold,4
ORD101843,2024-06-08,DTDC,Chennai-Pune,South,Economy,7,9,FALSE,TRUE,FALSE,253.09,None,2
ORD101844,2024-04-23,XpressBees,Jaipur-Ahmedabad,North,Standard,4,5,FALSE,TRUE,FALSE,492.71,Address Issue,1
ORD101845,2024-04-04,DTDC,Kolkata-Delhi,North,Economy,6,8,FALSE,TRUE,FALSE,420.42,Driver Shortage,2
ORD101846,2024-01-28,Ekart,Lucknow-Patna,East,Economy,7,8,FALSE,TRUE,FALSE,314.71,None,1
ORD101847,2024-12-02,XpressBees,Delhi-Mumbai,North,Express,1,2,FALSE,TRUE,FALSE,1676.88,Driver Shortage,1
ORD101848,2024-02-23,Ekart,Surat-Nagpur,West,Standard,3,3,TRUE,TRUE,TRUE,440.11,None,0
ORD101849,2024-09-14,Delhivery,Mumbai-Chennai,West,Standard,5,5,TRUE,TRUE,TRUE,486.96,None,0
ORD101850,2024-10-28,DTDC,Chennai-Pune,South,Economy,8,9,FALSE,FALSE,FALSE,283.87,None,1
ORD101851,2024-08-15,XpressBees,Bhopal-Indore,Central,Standard,5,6,FALSE,TRUE,FALSE,509.94,Address Issue,1
ORD101852,2024-02-26,Ekart,Delhi-Mumbai,North,Standard,3,7,FALSE,TRUE,FALSE,719.53,Vehicle Breakdown,4
ORD101853,2024-06-24,BlueDart,Bangalore-Hyderabad,South,Express,2,2,TRUE,TRUE,TRUE,915.36,None,0
ORD101854,2024-07-07,XpressBees,Kolkata-Delhi,North,Standard,5,11,FALSE,TRUE,FALSE,759.7,Vehicle Breakdown,6
ORD101855,2024-06-15,DTDC,Chennai-Pune,South,Express,2,2,TRUE,TRUE,TRUE,996.77,None,0
ORD101856,2024-06-05,Ekart,Chennai-Pune,South,Standard,3,3,TRUE,TRUE,TRUE,443.63,None,0
ORD101857,2024-02-09,Ekart,Jaipur-Ahmedabad,North,Economy,7,7,TRUE,TRUE,TRUE,236.27,None,0
ORD101858,2024-09-08,Delhivery,Mumbai-Chennai,West,Express,1,2,FALSE,TRUE,FALSE,856.34,Driver Shortage,1
ORD101859,2024-11-24,BlueDart,Kochi-Coimbatore,South,Standard,4,5,FALSE,TRUE,FALSE,426.86,None,1
ORD101860,2024-12-01,XpressBees,Bangalore-Hyderabad,South,Express,1,2,FALSE,TRUE,FALSE,1159.8,Weather Delay,1
ORD101861,2024-11-21,BlueDart,Bhopal-Indore,Central,Express,2,2,TRUE,TRUE,TRUE,808.34,None,0
ORD101862,2024-06-18,BlueDart,Kolkata-Delhi,North,Standard,5,6,FALSE,TRUE,FALSE,606.53,Vehicle Breakdown,1
ORD101863,2024-09-20,Ekart,Kolkata-Delhi,North,Express,1,4,FALSE,TRUE,FALSE,1260.67,Address Issue,3
ORD101864,2024-01-28,XpressBees,Mumbai-Chennai,West,Standard,3,4,FALSE,TRUE,FALSE,539.69,None,1
ORD101865,2024-08-18,Delhivery,Bhopal-Indore,Central,Economy,7,7,TRUE,TRUE,TRUE,225.26,None,0
ORD101866,2024-10-01,BlueDart,Bhopal-Indore,Central,Express,2,2,TRUE,TRUE,TRUE,785.97,None,0
ORD101867,2024-03-20,DTDC,Surat-Nagpur,West,Economy,8,10,FALSE,TRUE,FALSE,263.01,High Volume Surge,2
ORD101868,2024-08-18,BlueDart,Kochi-Coimbatore,South,Standard,4,5,FALSE,TRUE,FALSE,416.96,Address Issue,1
ORD101869,2024-11-02,Ekart,Bangalore-Hyderabad,South,Standard,3,3,TRUE,TRUE,TRUE,482.57,None,0
ORD101870,2024-08-18,XpressBees,Bhopal-Indore,Central,Economy,7,7,TRUE,FALSE,FALSE,253.81,None,0
ORD101871,2024-07-19,DTDC,Bangalore-Hyderabad,South,Express,1,3,FALSE,TRUE,FALSE,982.04,Weather Delay,2
ORD101872,2024-01-23,DTDC,Bangalore-Hyderabad,South,Express,1,3,FALSE,TRUE,FALSE,970.41,None,2
ORD101873,2024-12-20,BlueDart,Mumbai-Chennai,West,Express,1,1,TRUE,TRUE,TRUE,767.77,None,0
ORD101874,2024-12-12,XpressBees,Bhopal-Indore,Central,Standard,4,5,FALSE,FALSE,FALSE,531.65,High Volume Surge,1
ORD101875,2024-02-01,XpressBees,Surat-Nagpur,West,Express,1,3,FALSE,TRUE,FALSE,944.7,None,2
ORD101876,2024-11-24,DTDC,Kolkata-Delhi,North,Standard,4,7,FALSE,TRUE,FALSE,825.02,High Volume Surge,3
ORD101877,2024-01-18,Delhivery,Bangalore-Hyderabad,South,Standard,4,5,FALSE,TRUE,FALSE,457.98,Weather Delay,1
ORD101878,2024-06-17,Delhivery,Delhi-Mumbai,North,Economy,6,9,FALSE,TRUE,FALSE,304.4,None,3
ORD101879,2024-08-04,XpressBees,Kochi-Coimbatore,South,Standard,3,4,FALSE,TRUE,FALSE,492.44,Customs Hold,1
ORD101880,2024-02-16,BlueDart,Chennai-Pune,South,Express,1,2,FALSE,TRUE,FALSE,815.85,None,1
ORD101881,2024-08-28,Ekart,Kolkata-Delhi,North,Express,2,5,FALSE,TRUE,FALSE,1368.18,High Volume Surge,3
ORD101882,2024-10-16,DTDC,Delhi-Mumbai,North,Economy,6,10,FALSE,TRUE,FALSE,346.54,High Volume Surge,4
ORD101883,2024-11-21,XpressBees,Kochi-Coimbatore,South,Express,2,5,FALSE,TRUE,FALSE,1032.94,High Volume Surge,3
ORD101884,2024-10-29,BlueDart,Kochi-Coimbatore,South,Standard,5,6,FALSE,TRUE,FALSE,411.54,None,1
ORD101885,2024-02-14,Delhivery,Lucknow-Patna,East,Standard,4,6,FALSE,TRUE,FALSE,599.3,None,2
ORD101886,2024-07-07,XpressBees,Bangalore-Hyderabad,South,Economy,7,8,FALSE,TRUE,FALSE,233.8,High Volume Surge,1
ORD101887,2024-03-01,BlueDart,Bangalore-Hyderabad,South,Standard,4,4,TRUE,TRUE,TRUE,492.44,None,0
ORD101888,2024-02-19,XpressBees,Surat-Nagpur,West,Standard,4,6,FALSE,TRUE,FALSE,486.8,Weather Delay,2
ORD101889,2024-09-01,DTDC,Bhopal-Indore,Central,Express,2,3,FALSE,TRUE,FALSE,943.9,None,1
ORD101890,2024-07-06,DTDC,Jaipur-Ahmedabad,North,Economy,6,7,FALSE,TRUE,FALSE,304.01,None,1
ORD101891,2024-01-24,Delhivery,Chennai-Pune,South,Express,2,2,TRUE,TRUE,TRUE,906.68,None,0
ORD101892,2024-10-21,XpressBees,Jaipur-Ahmedabad,North,Economy,6,6,TRUE,FALSE,FALSE,280.09,None,0
ORD101893,2024-03-10,BlueDart,Delhi-Mumbai,North,Express,2,3,FALSE,TRUE,FALSE,1336.46,None,1
ORD101894,2024-09-05,XpressBees,Chennai-Pune,South,Express,1,3,FALSE,TRUE,FALSE,1037.77,None,2
ORD101895,2024-10-04,DTDC,Bhopal-Indore,Central,Express,1,3,FALSE,TRUE,FALSE,904.87,Customs Hold,2
ORD101896,2024-11-24,BlueDart,Jaipur-Ahmedabad,North,Standard,3,3,TRUE,TRUE,TRUE,489.87,None,0
ORD101897,2024-06-10,BlueDart,Delhi-Mumbai,North,Express,2,3,FALSE,TRUE,FALSE,1226.88,Weather Delay,1
ORD101898,2024-10-18,XpressBees,Bangalore-Hyderabad,South,Express,1,3,FALSE,TRUE,FALSE,1137.01,None,2
ORD101899,2024-01-03,Delhivery,Bangalore-Hyderabad,South,Express,1,2,FALSE,TRUE,FALSE,838.13,Weather Delay,1
ORD101900,2024-06-08,Ekart,Surat-Nagpur,West,Economy,8,8,TRUE,TRUE,TRUE,223.26,None,0
ORD101901,2024-10-17,Ekart,Bhopal-Indore,Central,Economy,7,7,TRUE,TRUE,TRUE,204.2,None,0
ORD101902,2024-08-29,XpressBees,Bhopal-Indore,Central,Standard,5,7,FALSE,TRUE,FALSE,492.88,None,2
ORD101903,2024-02-06,XpressBees,Mumbai-Chennai,West,Economy,6,8,FALSE,TRUE,FALSE,241.4,Vehicle Breakdown,2
ORD101904,2024-08-27,Ekart,Delhi-Mumbai,North,Standard,3,4,FALSE,TRUE,FALSE,661.59,Weather Delay,1
ORD101905,2024-03-18,Delhivery,Chennai-Pune,South,Economy,7,8,FALSE,TRUE,FALSE,231.61,Address Issue,1
ORD101906,2024-06-02,DTDC,Lucknow-Patna,East,Express,2,7,FALSE,FALSE,FALSE,1396.24,Address Issue,5
ORD101907,2024-11-18,DTDC,Bhopal-Indore,Central,Express,2,2,TRUE,TRUE,TRUE,1096.33,None,0
ORD101908,2024-07-03,XpressBees,Chennai-Pune,South,Express,1,2,FALSE,FALSE,FALSE,1165.47,Customs Hold,1
ORD101909,2024-01-05,DTDC,Surat-Nagpur,West,Standard,4,4,TRUE,TRUE,TRUE,515.93,None,0
ORD101910,2024-12-24,BlueDart,Kochi-Coimbatore,South,Economy,7,7,TRUE,TRUE,TRUE,219.71,None,0
ORD101911,2024-02-12,BlueDart,Chennai-Pune,South,Economy,8,8,TRUE,TRUE,TRUE,202.39,None,0
ORD101912,2024-01-28,XpressBees,Mumbai-Chennai,West,Economy,7,7,TRUE,FALSE,FALSE,288.77,Customs Hold,0
ORD101913,2024-05-17,Delhivery,Bangalore-Hyderabad,South,Economy,6,7,FALSE,TRUE,FALSE,214.32,None,1
ORD101914,2024-10-16,Delhivery,Mumbai-Chennai,West,Express,1,1,TRUE,TRUE,TRUE,918.19,None,0
ORD101915,2024-06-12,BlueDart,Jaipur-Ahmedabad,North,Express,1,2,FALSE,TRUE,FALSE,883.94,None,1
ORD101916,2024-12-17,Ekart,Mumbai-Chennai,West,Express,1,1,TRUE,TRUE,TRUE,876.29,None,0
ORD101917,2024-02-21,Ekart,Kochi-Coimbatore,South,Standard,5,5,TRUE,FALSE,FALSE,430.43,Customs Hold,0
ORD101918,2024-10-29,Delhivery,Surat-Nagpur,West,Express,2,2,TRUE,TRUE,TRUE,885.41,None,0
ORD101919,2024-04-20,BlueDart,Jaipur-Ahmedabad,North,Express,1,1,TRUE,FALSE,FALSE,831.75,High Volume Surge,0
ORD101920,2024-01-17,BlueDart,Chennai-Pune,South,Express,1,1,TRUE,TRUE,TRUE,786.43,None,0
ORD101921,2024-11-11,XpressBees,Kolkata-Delhi,North,Express,2,3,FALSE,TRUE,FALSE,1895.53,High Volume Surge,1
ORD101922,2024-07-17,DTDC,Bangalore-Hyderabad,South,Standard,4,4,TRUE,TRUE,TRUE,477.88,None,0
ORD101923,2024-10-19,BlueDart,Mumbai-Chennai,West,Express,2,3,FALSE,TRUE,FALSE,863.19,Customs Hold,1
ORD101924,2024-12-21,DTDC,Lucknow-Patna,East,Express,1,6,FALSE,TRUE,FALSE,1311.66,Address Issue,5
ORD101925,2024-07-10,Delhivery,Bangalore-Hyderabad,South,Economy,6,6,TRUE,TRUE,TRUE,228.75,None,0
ORD101926,2024-03-23,BlueDart,Kolkata-Delhi,North,Express,2,5,FALSE,TRUE,FALSE,1230.67,Vehicle Breakdown,3
ORD101927,2024-03-07,BlueDart,Jaipur-Ahmedabad,North,Express,2,2,TRUE,TRUE,TRUE,818.23,None,0
ORD101928,2024-03-17,Delhivery,Lucknow-Patna,East,Standard,3,5,FALSE,TRUE,FALSE,556.09,Driver Shortage,2
ORD101929,2024-12-12,Delhivery,Kolkata-Delhi,North,Standard,4,5,FALSE,FALSE,FALSE,701.17,Customs Hold,1
ORD101930,2024-07-15,Ekart,Delhi-Mumbai,North,Express,1,5,FALSE,TRUE,FALSE,1085.61,Weather Delay,4
ORD101931,2024-10-11,XpressBees,Lucknow-Patna,East,Express,1,4,FALSE,TRUE,FALSE,1668.55,High Volume Surge,3
ORD101932,2024-06-08,XpressBees,Bhopal-Indore,Central,Standard,5,5,TRUE,TRUE,TRUE,591.76,None,0
ORD101933,2024-08-22,XpressBees,Bangalore-Hyderabad,South,Express,1,2,FALSE,TRUE,FALSE,1149.51,Vehicle Breakdown,1
ORD101934,2024-01-13,Ekart,Jaipur-Ahmedabad,North,Economy,6,6,TRUE,TRUE,TRUE,241.27,None,0
ORD101935,2024-03-23,Delhivery,Kochi-Coimbatore,South,Express,2,2,TRUE,TRUE,TRUE,823.52,None,0
ORD101936,2024-03-04,DTDC,Kolkata-Delhi,North,Express,1,3,FALSE,FALSE,FALSE,1521.17,High Volume Surge,2
ORD101937,2024-09-14,DTDC,Bhopal-Indore,Central,Standard,5,5,TRUE,TRUE,TRUE,563.17,None,0
ORD101938,2024-03-26,Delhivery,Lucknow-Patna,East,Economy,7,9,FALSE,TRUE,FALSE,348.88,Customs Hold,2
ORD101939,2024-09-02,XpressBees,Mumbai-Chennai,West,Economy,8,8,TRUE,TRUE,TRUE,299.05,None,0
ORD101940,2024-09-17,DTDC,Bhopal-Indore,Central,Express,1,4,FALSE,TRUE,FALSE,1039.84,Vehicle Breakdown,3
ORD101941,2024-09-01,Ekart,Chennai-Pune,South,Standard,3,3,TRUE,TRUE,TRUE,417.43,None,0
ORD101942,2024-11-16,BlueDart,Bangalore-Hyderabad,South,Express,1,1,TRUE,TRUE,TRUE,856.23,None,0
ORD101943,2024-03-08,Delhivery,Kolkata-Delhi,North,Economy,6,7,FALSE,TRUE,FALSE,334.07,Driver Shortage,1
ORD101944,2024-12-24,BlueDart,Bhopal-Indore,Central,Express,2,2,TRUE,TRUE,TRUE,885.79,None,0
ORD101945,2024-12-22,Delhivery,Delhi-Mumbai,North,Economy,8,11,FALSE,TRUE,FALSE,359.23,None,3
ORD101946,2024-02-22,Delhivery,Bangalore-Hyderabad,South,Express,1,2,FALSE,TRUE,FALSE,909.58,None,1
ORD101947,2024-04-10,Ekart,Kolkata-Delhi,North,Economy,6,7,FALSE,TRUE,FALSE,337.81,Customs Hold,1
ORD101948,2024-02-19,BlueDart,Delhi-Mumbai,North,Standard,5,8,FALSE,TRUE,FALSE,639.19,High Volume Surge,3
ORD101949,2024-12-15,DTDC,Kochi-Coimbatore,South,Express,1,1,TRUE,TRUE,TRUE,1012.86,None,0
ORD101950,2024-01-15,XpressBees,Mumbai-Chennai,West,Standard,4,6,FALSE,TRUE,FALSE,534.69,Weather Delay,2
ORD101951,2024-03-24,Delhivery,Chennai-Pune,South,Economy,8,8,TRUE,TRUE,TRUE,215.03,None,0
ORD101952,2024-08-01,DTDC,Bangalore-Hyderabad,South,Express,1,2,FALSE,TRUE,FALSE,993.03,Address Issue,1
ORD101953,2024-10-24,XpressBees,Lucknow-Patna,East,Express,2,6,FALSE,TRUE,FALSE,1325.68,Address Issue,4
ORD101954,2024-04-10,Ekart,Chennai-Pune,South,Standard,5,5,TRUE,TRUE,TRUE,443.83,None,0
ORD101955,2024-04-07,DTDC,Chennai-Pune,South,Express,1,4,FALSE,TRUE,FALSE,1007.01,None,3
ORD101956,2024-03-16,Delhivery,Bangalore-Hyderabad,South,Standard,3,4,FALSE,TRUE,FALSE,415.57,None,1
ORD101957,2024-12-01,Delhivery,Chennai-Pune,South,Standard,5,5,TRUE,TRUE,TRUE,471.5,None,0
ORD101958,2024-09-19,Ekart,Bhopal-Indore,Central,Standard,5,5,TRUE,TRUE,TRUE,451.32,None,0
ORD101959,2024-02-13,DTDC,Delhi-Mumbai,North,Economy,7,12,FALSE,TRUE,FALSE,371.99,Driver Shortage,5
ORD101960,2024-05-24,DTDC,Kochi-Coimbatore,South,Economy,7,8,FALSE,TRUE,FALSE,243.52,None,1
ORD101961,2024-05-05,Delhivery,Surat-Nagpur,West,Standard,5,5,TRUE,TRUE,TRUE,426.23,None,0
ORD101962,2024-12-08,Delhivery,Chennai-Pune,South,Express,1,1,TRUE,TRUE,TRUE,906.86,None,0
ORD101963,2024-12-11,XpressBees,Bhopal-Indore,Central,Standard,3,4,FALSE,TRUE,FALSE,561.48,High Volume Surge,1
ORD101964,2024-07-03,XpressBees,Chennai-Pune,South,Standard,4,5,FALSE,TRUE,FALSE,628.11,Vehicle Breakdown,1
ORD101965,2024-04-16,XpressBees,Kolkata-Delhi,North,Standard,5,9,FALSE,TRUE,FALSE,837.61,Customs Hold,4
ORD101966,2024-12-23,Delhivery,Chennai-Pune,South,Express,1,1,TRUE,TRUE,TRUE,768.76,None,0
ORD101967,2024-10-21,DTDC,Delhi-Mumbai,North,Standard,5,9,FALSE,TRUE,FALSE,668.27,Address Issue,4
ORD101968,2024-03-01,XpressBees,Lucknow-Patna,East,Standard,4,5,FALSE,FALSE,FALSE,769.25,High Volume Surge,1
ORD101969,2024-05-15,Delhivery,Chennai-Pune,South,Standard,3,3,TRUE,TRUE,TRUE,465.09,None,0
ORD101970,2024-01-29,DTDC,Bhopal-Indore,Central,Express,1,2,FALSE,TRUE,FALSE,950.02,Driver Shortage,1
ORD101971,2024-09-30,DTDC,Surat-Nagpur,West,Standard,3,6,FALSE,TRUE,FALSE,602.51,None,3
ORD101972,2024-08-16,XpressBees,Mumbai-Chennai,West,Economy,7,7,TRUE,TRUE,TRUE,256.78,None,0
ORD101973,2024-03-31,DTDC,Mumbai-Chennai,West,Standard,4,4,TRUE,TRUE,TRUE,556.56,None,0
ORD101974,2024-01-13,DTDC,Lucknow-Patna,East,Standard,4,9,FALSE,FALSE,FALSE,747.27,Driver Shortage,5
ORD101975,2024-08-08,XpressBees,Bhopal-Indore,Central,Standard,5,5,TRUE,TRUE,TRUE,497.16,None,0
ORD101976,2024-12-24,Ekart,Lucknow-Patna,East,Standard,3,5,FALSE,FALSE,FALSE,568.07,Driver Shortage,2
ORD101977,2024-12-03,Delhivery,Jaipur-Ahmedabad,North,Standard,5,5,TRUE,FALSE,FALSE,489.24,High Volume Surge,0
ORD101978,2024-03-02,BlueDart,Delhi-Mumbai,North,Express,1,3,FALSE,TRUE,FALSE,1051.38,Vehicle Breakdown,2
ORD101979,2024-02-14,BlueDart,Lucknow-Patna,East,Economy,7,8,FALSE,TRUE,FALSE,294.24,Driver Shortage,1
ORD101980,2024-06-28,Delhivery,Surat-Nagpur,West,Express,1,1,TRUE,TRUE,TRUE,870.81,None,0
ORD101981,2024-06-25,DTDC,Bangalore-Hyderabad,South,Standard,3,5,FALSE,TRUE,FALSE,534.94,Vehicle Breakdown,2
ORD101982,2024-03-18,Ekart,Bangalore-Hyderabad,South,Economy,7,7,TRUE,TRUE,TRUE,204.53,None,0
ORD101983,2024-03-30,Delhivery,Surat-Nagpur,West,Economy,8,8,TRUE,TRUE,TRUE,224.55,None,0
ORD101984,2024-06-28,Ekart,Delhi-Mumbai,North,Standard,4,7,FALSE,TRUE,FALSE,581.79,High Volume Surge,3
ORD101985,2024-09-15,XpressBees,Delhi-Mumbai,North,Standard,3,7,FALSE,FALSE,FALSE,788.37,None,4
ORD101986,2024-11-26,Delhivery,Bangalore-Hyderabad,South,Standard,3,3,TRUE,FALSE,FALSE,416.22,Address Issue,0
ORD101987,2024-09-09,Delhivery,Bhopal-Indore,Central,Economy,8,8,TRUE,TRUE,TRUE,240.4,None,0
ORD101988,2024-04-20,Ekart,Lucknow-Patna,East,Economy,7,10,FALSE,TRUE,FALSE,300.25,None,3
ORD101989,2024-03-19,Delhivery,Bangalore-Hyderabad,South,Express,1,1,TRUE,TRUE,TRUE,814.65,None,0
ORD101990,2024-06-30,DTDC,Jaipur-Ahmedabad,North,Economy,8,10,FALSE,TRUE,FALSE,281.31,Vehicle Breakdown,2
ORD101991,2024-11-21,BlueDart,Lucknow-Patna,East,Standard,3,6,FALSE,TRUE,FALSE,727.49,None,3
ORD101992,2024-09-08,Delhivery,Surat-Nagpur,West,Express,1,1,TRUE,TRUE,TRUE,881.22,None,0
ORD101993,2024-03-03,BlueDart,Chennai-Pune,South,Express,1,2,FALSE,TRUE,FALSE,803.95,Address Issue,1
ORD101994,2024-07-24,Ekart,Bhopal-Indore,Central,Express,1,1,TRUE,TRUE,TRUE,830.51,None,0
ORD101995,2024-06-12,DTDC,Delhi-Mumbai,North,Standard,5,8,FALSE,TRUE,FALSE,707.76,Address Issue,3
ORD101996,2024-10-16,DTDC,Chennai-Pune,South,Express,1,3,FALSE,TRUE,FALSE,1052.2,None,2
ORD101997,2024-10-22,Ekart,Jaipur-Ahmedabad,North,Standard,4,4,TRUE,TRUE,TRUE,465.35,None,0
ORD101998,2024-05-09,DTDC,Lucknow-Patna,East,Express,2,7,FALSE,TRUE,FALSE,1239.72,None,5
ORD101999,2024-10-19,XpressBees,Bangalore-Hyderabad,South,Express,1,2,FALSE,FALSE,FALSE,972.05,Vehicle Breakdown,1
ORD102000,2024-09-08,XpressBees,Kolkata-Delhi,North,Economy,7,12,FALSE,TRUE,FALSE,367.4,None,5
ORD102001,2024-01-15,Delhivery,Surat-Nagpur,West,Express,1,1,TRUE,TRUE,TRUE,831.2,None,0
ORD102002,2024-11-22,Ekart,Surat-Nagpur,West,Economy,8,9,FALSE,TRUE,FALSE,216.5,None,1
ORD102003,2024-09-19,DTDC,Kolkata-Delhi,North,Economy,8,10,FALSE,TRUE,FALSE,370.64,None,2
ORD102004,2024-10-27,Ekart,Kochi-Coimbatore,South,Express,1,1,TRUE,TRUE,TRUE,791.95,None,0
ORD102005,2024-11-23,Ekart,Mumbai-Chennai,West,Express,2,3,FALSE,TRUE,FALSE,811.29,None,1
ORD102006,2024-06-05,Ekart,Surat-Nagpur,West,Standard,3,3,TRUE,FALSE,FALSE,442.88,Customs Hold,0
ORD102007,2024-08-02,DTDC,Chennai-Pune,South,Economy,7,9,FALSE,TRUE,FALSE,259.09,Weather Delay,2
ORD102008,2024-04-11,XpressBees,Kolkata-Delhi,North,Standard,4,7,FALSE,TRUE,FALSE,675.88,Customs Hold,3
ORD102009,2024-07-02,DTDC,Delhi-Mumbai,North,Economy,7,12,FALSE,TRUE,FALSE,382.96,Driver Shortage,5
ORD102010,2024-01-05,DTDC,Bangalore-Hyderabad,South,Economy,7,7,TRUE,TRUE,TRUE,277.67,None,0
ORD102011,2024-12-11,Ekart,Bangalore-Hyderabad,South,Standard,3,3,TRUE,TRUE,TRUE,446.64,None,0
ORD102012,2024-06-27,XpressBees,Kolkata-Delhi,North,Standard,3,5,FALSE,TRUE,FALSE,821.87,Customs Hold,2
ORD102013,2024-05-29,XpressBees,Chennai-Pune,South,Economy,7,7,TRUE,TRUE,TRUE,295.78,None,0
ORD102014,2024-05-04,Ekart,Kolkata-Delhi,North,Economy,7,8,FALSE,TRUE,FALSE,338.82,High Volume Surge,1
ORD102015,2024-07-28,Ekart,Chennai-Pune,South,Economy,7,7,TRUE,TRUE,TRUE,236.76,None,0
ORD102016,2024-06-17,BlueDart,Chennai-Pune,South,Economy,8,8,TRUE,TRUE,TRUE,200.1,None,0
ORD102017,2024-10-25,XpressBees,Bhopal-Indore,Central,Express,2,4,FALSE,TRUE,FALSE,1055.69,High Volume Surge,2
ORD102018,2024-10-19,BlueDart,Chennai-Pune,South,Express,1,1,TRUE,TRUE,TRUE,934.61,None,0
ORD102019,2024-09-02,Delhivery,Surat-Nagpur,West,Express,1,1,TRUE,TRUE,TRUE,894.49,None,0
ORD102020,2024-07-30,Ekart,Jaipur-Ahmedabad,North,Economy,7,7,TRUE,TRUE,TRUE,229.23,None,0
ORD102021,2024-05-05,Ekart,Jaipur-Ahmedabad,North,Standard,5,5,TRUE,TRUE,TRUE,416.31,None,0
ORD102022,2024-10-17,BlueDart,Delhi-Mumbai,North,Standard,4,8,FALSE,TRUE,FALSE,581.01,Vehicle Breakdown,4
ORD102023,2024-07-01,BlueDart,Delhi-Mumbai,North,Express,2,3,FALSE,TRUE,FALSE,1241.21,Customs Hold,1
ORD102024,2024-02-10,DTDC,Bhopal-Indore,Central,Standard,3,4,FALSE,TRUE,FALSE,623.49,Customs Hold,1
ORD102025,2024-02-13,DTDC,Kochi-Coimbatore,South,Express,1,2,FALSE,TRUE,FALSE,1005.02,Vehicle Breakdown,1
ORD102026,2024-07-27,Delhivery,Mumbai-Chennai,West,Economy,8,8,TRUE,FALSE,FALSE,207.01,Vehicle Breakdown,0
ORD102027,2024-05-15,Delhivery,Bangalore-Hyderabad,South,Express,1,1,TRUE,TRUE,TRUE,814.77,None,0
ORD102028,2024-12-11,Delhivery,Lucknow-Patna,East,Economy,6,7,FALSE,TRUE,FALSE,320.77,Driver Shortage,1
ORD102029,2024-03-19,DTDC,Lucknow-Patna,East,Express,1,6,FALSE,TRUE,FALSE,1547.92,Weather Delay,5
ORD102030,2024-03-20,XpressBees,Mumbai-Chennai,West,Standard,4,5,FALSE,TRUE,FALSE,561.29,Weather Delay,1
ORD102031,2024-04-11,DTDC,Kolkata-Delhi,North,Standard,3,4,FALSE,TRUE,FALSE,725.82,Vehicle Breakdown,1
ORD102032,2024-04-20,Delhivery,Kolkata-Delhi,North,Economy,6,9,FALSE,FALSE,FALSE,277.32,Weather Delay,3
ORD102033,2024-08-07,BlueDart,Kolkata-Delhi,North,Express,1,2,FALSE,TRUE,FALSE,1118.59,Driver Shortage,1
ORD102034,2024-05-07,Ekart,Surat-Nagpur,West,Express,2,3,FALSE,TRUE,FALSE,846.33,Address Issue,1
ORD102035,2024-10-24,Delhivery,Delhi-Mumbai,North,Standard,5,7,FALSE,TRUE,FALSE,665.54,None,2
ORD102036,2024-01-24,Ekart,Bhopal-Indore,Central,Standard,3,3,TRUE,FALSE,FALSE,429.38,Vehicle Breakdown,0
ORD102037,2024-05-29,DTDC,Bangalore-Hyderabad,South,Standard,4,4,TRUE,FALSE,FALSE,610.81,Vehicle Breakdown,0
ORD102038,2024-08-31,Ekart,Delhi-Mumbai,North,Express,2,6,FALSE,TRUE,FALSE,1260.75,Weather Delay,4
ORD102039,2024-04-03,Ekart,Surat-Nagpur,West,Standard,4,4,TRUE,TRUE,TRUE,479.92,None,0
ORD102040,2024-03-19,BlueDart,Chennai-Pune,South,Standard,4,4,TRUE,TRUE,TRUE,487.84,None,0
ORD102041,2024-01-21,Delhivery,Surat-Nagpur,West,Standard,5,5,TRUE,TRUE,TRUE,433.5,None,0
ORD102042,2024-03-16,Ekart,Kochi-Coimbatore,South,Standard,4,4,TRUE,TRUE,TRUE,487.34,None,0
ORD102043,2024-08-22,XpressBees,Kolkata-Delhi,North,Express,1,5,FALSE,TRUE,FALSE,1383.62,None,4
ORD102044,2024-02-07,BlueDart,Bhopal-Indore,Central,Express,2,3,FALSE,TRUE,FALSE,891.27,None,1
ORD102045,2024-11-02,BlueDart,Surat-Nagpur,West,Standard,4,4,TRUE,TRUE,TRUE,488.93,None,0
ORD102046,2024-02-26,Ekart,Bangalore-Hyderabad,South,Express,2,2,TRUE,TRUE,TRUE,819.12,None,0
ORD102047,2024-05-10,BlueDart,Surat-Nagpur,West,Express,1,1,TRUE,TRUE,TRUE,925.71,None,0
ORD102048,2024-03-31,Delhivery,Kolkata-Delhi,North,Economy,7,8,FALSE,FALSE,FALSE,318.57,None,1
ORD102049,2024-10-03,Ekart,Lucknow-Patna,East,Economy,7,11,FALSE,TRUE,FALSE,280.49,Driver Shortage,4
ORD102050,2024-09-17,Delhivery,Kolkata-Delhi,North,Standard,4,7,FALSE,TRUE,FALSE,670.28,Customs Hold,3
ORD102051,2024-09-16,DTDC,Kochi-Coimbatore,South,Standard,3,5,FALSE,FALSE,FALSE,546.69,Customs Hold,2
ORD102052,2024-05-11,BlueDart,Jaipur-Ahmedabad,North,Economy,7,7,TRUE,TRUE,TRUE,217.72,None,0
ORD102053,2024-06-11,Delhivery,Kochi-Coimbatore,South,Standard,4,4,TRUE,TRUE,TRUE,483.99,None,0
ORD102054,2024-01-09,Delhivery,Lucknow-Patna,East,Standard,3,6,FALSE,TRUE,FALSE,645.22,Vehicle Breakdown,3
ORD102055,2024-03-21,BlueDart,Lucknow-Patna,East,Standard,4,7,FALSE,TRUE,FALSE,603.66,Driver Shortage,3
ORD102056,2024-04-21,DTDC,Bangalore-Hyderabad,South,Standard,3,3,TRUE,TRUE,TRUE,612.16,None,0
ORD102057,2024-07-28,Delhivery,Delhi-Mumbai,North,Economy,7,10,FALSE,TRUE,FALSE,312.3,Driver Shortage,3
ORD102058,2024-09-20,DTDC,Bangalore-Hyderabad,South,Economy,7,9,FALSE,FALSE,FALSE,250.07,None,2
ORD102059,2024-12-26,DTDC,Delhi-Mumbai,North,Standard,3,4,FALSE,TRUE,FALSE,759.16,Vehicle Breakdown,1
ORD102060,2024-03-29,BlueDart,Bangalore-Hyderabad,South,Economy,6,6,TRUE,TRUE,TRUE,202.15,None,0
ORD102061,2024-08-10,Ekart,Mumbai-Chennai,West,Economy,7,7,TRUE,TRUE,TRUE,221.69,None,0
ORD102062,2024-10-11,XpressBees,Bhopal-Indore,Central,Economy,7,8,FALSE,TRUE,FALSE,250.66,Address Issue,1
ORD102063,2024-12-10,BlueDart,Bhopal-Indore,Central,Standard,4,4,TRUE,TRUE,TRUE,480.35,None,0
ORD102064,2024-07-17,BlueDart,Delhi-Mumbai,North,Standard,3,7,FALSE,TRUE,FALSE,622.29,Address Issue,4
ORD102065,2024-11-08,Ekart,Lucknow-Patna,East,Standard,5,7,FALSE,TRUE,FALSE,644.22,Weather Delay,2
ORD102066,2024-05-25,XpressBees,Bangalore-Hyderabad,South,Express,1,1,TRUE,TRUE,TRUE,900.89,None,0
ORD102067,2024-10-17,DTDC,Bangalore-Hyderabad,South,Standard,5,5,TRUE,TRUE,TRUE,539.9,None,0
ORD102068,2024-11-09,BlueDart,Mumbai-Chennai,West,Standard,5,6,FALSE,TRUE,FALSE,473.43,High Volume Surge,1
ORD102069,2024-01-11,DTDC,Chennai-Pune,South,Economy,8,8,TRUE,TRUE,TRUE,262.57,None,0
ORD102070,2024-06-27,Delhivery,Delhi-Mumbai,North,Standard,4,6,FALSE,TRUE,FALSE,713.87,None,2
ORD102071,2024-04-01,Delhivery,Kolkata-Delhi,North,Economy,7,9,FALSE,TRUE,FALSE,281.94,None,2
ORD102072,2024-03-23,Delhivery,Chennai-Pune,South,Economy,6,6,TRUE,TRUE,TRUE,222.34,None,0
ORD102073,2024-03-31,DTDC,Lucknow-Patna,East,Express,1,4,FALSE,TRUE,FALSE,1615.43,Vehicle Breakdown,3
ORD102074,2024-09-04,Delhivery,Bhopal-Indore,Central,Economy,8,9,FALSE,TRUE,FALSE,236.84,None,1
ORD102075,2024-03-31,BlueDart,Lucknow-Patna,East,Economy,7,10,FALSE,TRUE,FALSE,378.47,Customs Hold,3
ORD102076,2024-04-12,XpressBees,Lucknow-Patna,East,Express,1,5,FALSE,TRUE,FALSE,1375.48,Vehicle Breakdown,4
ORD102077,2024-09-01,DTDC,Kolkata-Delhi,North,Express,1,6,FALSE,TRUE,FALSE,1503.51,None,5
ORD102078,2024-07-08,BlueDart,Jaipur-Ahmedabad,North,Standard,4,5,FALSE,TRUE,FALSE,463.56,Driver Shortage,1
ORD102079,2024-03-06,Delhivery,Kochi-Coimbatore,South,Express,1,1,TRUE,TRUE,TRUE,777.76,None,0
ORD102080,2024-09-30,DTDC,Surat-Nagpur,West,Standard,4,5,FALSE,TRUE,FALSE,541.07,High Volume Surge,1
ORD102081,2024-07-19,DTDC,Kolkata-Delhi,North,Economy,7,12,FALSE,TRUE,FALSE,456.78,None,5
ORD102082,2024-06-14,Ekart,Lucknow-Patna,East,Economy,7,11,FALSE,TRUE,FALSE,316.83,Vehicle Breakdown,4
ORD102083,2024-05-19,Delhivery,Surat-Nagpur,West,Standard,5,5,TRUE,TRUE,TRUE,425.12,None,0
ORD102084,2024-11-12,BlueDart,Lucknow-Patna,East,Standard,5,7,FALSE,TRUE,FALSE,659.73,Vehicle Breakdown,2
ORD102085,2024-09-11,XpressBees,Lucknow-Patna,East,Economy,7,10,FALSE,TRUE,FALSE,398.64,Driver Shortage,3
ORD102086,2024-06-03,DTDC,Chennai-Pune,South,Standard,5,7,FALSE,TRUE,FALSE,502.68,High Volume Surge,2
ORD102087,2024-09-30,XpressBees,Mumbai-Chennai,West,Standard,3,5,FALSE,TRUE,FALSE,519.28,High Volume Surge,2
ORD102088,2024-11-23,XpressBees,Mumbai-Chennai,West,Standard,5,7,FALSE,TRUE,FALSE,554.05,None,2
ORD102089,2024-03-12,XpressBees,Bhopal-Indore,Central,Express,2,2,TRUE,TRUE,TRUE,1028.62,None,0
ORD102090,2024-01-10,BlueDart,Surat-Nagpur,West,Standard,4,4,TRUE,TRUE,TRUE,486.16,None,0
ORD102091,2024-04-23,Delhivery,Bhopal-Indore,Central,Standard,5,5,TRUE,TRUE,TRUE,414.39,None,0
ORD102092,2024-08-30,DTDC,Delhi-Mumbai,North,Economy,8,11,FALSE,TRUE,FALSE,390.59,Driver Shortage,3
ORD102093,2024-08-16,BlueDart,Chennai-Pune,South,Economy,7,8,FALSE,TRUE,FALSE,208.41,None,1
ORD102094,2024-07-25,BlueDart,Jaipur-Ahmedabad,North,Express,1,1,TRUE,FALSE,FALSE,823.64,Driver Shortage,0
ORD102095,2024-10-12,DTDC,Mumbai-Chennai,West,Economy,7,9,FALSE,FALSE,FALSE,276.49,None,2
ORD102096,2024-01-10,DTDC,Chennai-Pune,South,Express,2,4,FALSE,TRUE,FALSE,1032.36,Driver Shortage,2
ORD102097,2024-03-03,DTDC,Mumbai-Chennai,West,Standard,3,4,FALSE,FALSE,FALSE,519.13,Driver Shortage,1
ORD102098,2024-06-24,Delhivery,Delhi-Mumbai,North,Standard,4,6,FALSE,TRUE,FALSE,604.59,Driver Shortage,2
ORD102099,2024-08-11,DTDC,Lucknow-Patna,East,Standard,4,6,FALSE,TRUE,FALSE,750.41,High Volume Surge,2
ORD102100,2024-03-04,Delhivery,Surat-Nagpur,West,Standard,4,4,TRUE,TRUE,TRUE,481.96,None,0
ORD102101,2024-05-30,BlueDart,Kochi-Coimbatore,South,Standard,3,3,TRUE,TRUE,TRUE,463.28,None,0
ORD102102,2024-10-04,BlueDart,Surat-Nagpur,West,Standard,4,4,TRUE,TRUE,TRUE,439.99,None,0
ORD102103,2024-02-19,Ekart,Chennai-Pune,South,Standard,5,5,TRUE,TRUE,TRUE,434.36,None,0
ORD102104,2024-11-01,DTDC,Kolkata-Delhi,North,Express,2,4,FALSE,TRUE,FALSE,1385.11,None,2
ORD102105,2024-08-29,BlueDart,Delhi-Mumbai,North,Economy,6,8,FALSE,TRUE,FALSE,378.47,None,2
ORD102106,2024-06-26,Delhivery,Kolkata-Delhi,North,Economy,7,9,FALSE,TRUE,FALSE,312.53,High Volume Surge,2
ORD102107,2024-10-26,Ekart,Bhopal-Indore,Central,Economy,8,8,TRUE,TRUE,TRUE,205.52,None,0
ORD102108,2024-07-26,Delhivery,Chennai-Pune,South,Economy,7,7,TRUE,TRUE,TRUE,211.76,None,0
ORD102109,2024-01-25,DTDC,Mumbai-Chennai,West,Standard,4,5,FALSE,TRUE,FALSE,541.54,Driver Shortage,1
ORD102110,2024-08-29,Ekart,Jaipur-Ahmedabad,North,Economy,6,6,TRUE,TRUE,TRUE,211.52,None,0
ORD102111,2024-02-27,Ekart,Kolkata-Delhi,North,Economy,6,8,FALSE,TRUE,FALSE,359.61,Address Issue,2
ORD102112,2024-08-23,BlueDart,Surat-Nagpur,West,Standard,5,5,TRUE,TRUE,TRUE,493.2,None,0
ORD102113,2024-03-04,Ekart,Kolkata-Delhi,North,Standard,5,6,FALSE,TRUE,FALSE,655.39,None,1
ORD102114,2024-11-25,Delhivery,Bhopal-Indore,Central,Standard,3,3,TRUE,TRUE,TRUE,426.57,None,0
ORD102115,2024-03-30,DTDC,Bhopal-Indore,Central,Express,2,3,FALSE,TRUE,FALSE,1154.04,Address Issue,1
ORD102116,2024-02-02,DTDC,Surat-Nagpur,West,Standard,3,3,TRUE,TRUE,TRUE,514.47,None,0
ORD102117,2024-04-18,Delhivery,Jaipur-Ahmedabad,North,Express,2,2,TRUE,TRUE,TRUE,906.39,None,0
ORD102118,2024-02-24,Delhivery,Jaipur-Ahmedabad,North,Standard,5,5,TRUE,TRUE,TRUE,455.81,None,0
ORD102119,2024-09-02,XpressBees,Jaipur-Ahmedabad,North,Economy,7,7,TRUE,TRUE,TRUE,237.44,None,0
ORD102120,2024-11-05,XpressBees,Surat-Nagpur,West,Express,2,4,FALSE,TRUE,FALSE,1034.21,None,2
ORD102121,2024-10-27,Ekart,Kochi-Coimbatore,South,Standard,5,6,FALSE,TRUE,FALSE,486.54,None,1
ORD102122,2024-10-22,DTDC,Kochi-Coimbatore,South,Express,1,1,TRUE,TRUE,TRUE,1025.02,None,0
ORD102123,2024-05-30,DTDC,Delhi-Mumbai,North,Express,2,3,FALSE,TRUE,FALSE,1574.55,None,1
ORD102124,2024-10-25,Ekart,Lucknow-Patna,East,Economy,8,11,FALSE,TRUE,FALSE,371.6,Customs Hold,3
ORD102125,2024-09-22,XpressBees,Jaipur-Ahmedabad,North,Express,2,3,FALSE,TRUE,FALSE,1084.55,None,1
ORD102126,2024-11-07,DTDC,Mumbai-Chennai,West,Express,1,1,TRUE,TRUE,TRUE,1082.06,None,0
ORD102127,2024-08-19,Delhivery,Mumbai-Chennai,West,Standard,5,5,TRUE,TRUE,TRUE,486.66,None,0
ORD102128,2024-05-16,XpressBees,Mumbai-Chennai,West,Express,2,4,FALSE,TRUE,FALSE,946.1,None,2
ORD102129,2024-10-01,XpressBees,Kolkata-Delhi,North,Standard,3,7,FALSE,FALSE,FALSE,789.86,Customs Hold,4
ORD102130,2024-10-22,BlueDart,Mumbai-Chennai,West,Economy,6,7,FALSE,TRUE,FALSE,201.51,Address Issue,1
ORD102131,2024-10-13,BlueDart,Delhi-Mumbai,North,Economy,8,11,FALSE,TRUE,FALSE,320.25,Vehicle Breakdown,3
ORD102132,2024-08-25,XpressBees,Lucknow-Patna,East,Economy,6,8,FALSE,TRUE,FALSE,414.5,None,2
ORD102133,2024-10-26,Ekart,Delhi-Mumbai,North,Express,1,5,FALSE,FALSE,FALSE,1196.9,None,4
ORD102134,2024-05-04,BlueDart,Mumbai-Chennai,West,Express,1,2,FALSE,TRUE,FALSE,874.87,Weather Delay,1
ORD102135,2024-05-25,BlueDart,Lucknow-Patna,East,Economy,6,9,FALSE,TRUE,FALSE,362.72,Weather Delay,3
ORD102136,2024-02-05,BlueDart,Jaipur-Ahmedabad,North,Express,2,2,TRUE,TRUE,TRUE,800.12,None,0
ORD102137,2024-11-02,DTDC,Jaipur-Ahmedabad,North,Standard,3,5,FALSE,FALSE,FALSE,504.33,Driver Shortage,2
ORD102138,2024-02-16,DTDC,Lucknow-Patna,East,Express,1,3,FALSE,TRUE,FALSE,1674.41,Customs Hold,2
ORD102139,2024-07-16,Ekart,Jaipur-Ahmedabad,North,Standard,5,5,TRUE,TRUE,TRUE,435.09,None,0
ORD102140,2024-07-20,Delhivery,Lucknow-Patna,East,Economy,7,10,FALSE,TRUE,FALSE,312.14,Vehicle Breakdown,3
ORD102141,2024-01-15,BlueDart,Kochi-Coimbatore,South,Economy,6,6,TRUE,TRUE,TRUE,206,None,0
ORD102142,2024-02-12,DTDC,Bangalore-Hyderabad,South,Economy,7,10,FALSE,TRUE,FALSE,244.21,None,3
ORD102143,2024-11-20,Ekart,Lucknow-Patna,East,Standard,3,7,FALSE,TRUE,FALSE,723.02,Address Issue,4
ORD102144,2024-04-06,Ekart,Kolkata-Delhi,North,Economy,8,11,FALSE,TRUE,FALSE,281.51,None,3
ORD102145,2024-02-22,DTDC,Bhopal-Indore,Central,Express,1,2,FALSE,FALSE,FALSE,943.85,High Volume Surge,1
ORD102146,2024-06-11,Ekart,Chennai-Pune,South,Economy,7,8,FALSE,TRUE,FALSE,231.22,None,1
ORD102147,2024-11-06,BlueDart,Kolkata-Delhi,North,Economy,7,10,FALSE,TRUE,FALSE,324.74,Driver Shortage,3
ORD102148,2024-02-27,DTDC,Delhi-Mumbai,North,Express,1,6,FALSE,TRUE,FALSE,1662.17,Address Issue,5
ORD102149,2024-11-24,Ekart,Kolkata-Delhi,North,Economy,8,10,FALSE,TRUE,FALSE,280.36,None,2
ORD102150,2024-09-14,DTDC,Lucknow-Patna,East,Economy,6,8,FALSE,TRUE,FALSE,358.03,None,2
ORD102151,2024-07-02,BlueDart,Bhopal-Indore,Central,Economy,7,7,TRUE,TRUE,TRUE,217.5,None,0
ORD102152,2024-08-18,Delhivery,Bhopal-Indore,Central,Economy,6,6,TRUE,TRUE,TRUE,231.48,None,0
ORD102153,2024-09-19,Ekart,Delhi-Mumbai,North,Express,1,4,FALSE,TRUE,FALSE,1165.9,Vehicle Breakdown,3
ORD102154,2024-12-01,BlueDart,Lucknow-Patna,East,Express,1,3,FALSE,TRUE,FALSE,1428.54,Weather Delay,2
ORD102155,2024-05-17,Delhivery,Bangalore-Hyderabad,South,Express,1,1,TRUE,TRUE,TRUE,787.77,None,0
ORD102156,2024-10-16,BlueDart,Chennai-Pune,South,Express,1,2,FALSE,TRUE,FALSE,907.61,None,1
ORD102157,2024-11-20,Delhivery,Kolkata-Delhi,North,Standard,4,5,FALSE,TRUE,FALSE,665.27,None,1
ORD102158,2024-07-18,Delhivery,Bangalore-Hyderabad,South,Standard,5,6,FALSE,FALSE,FALSE,470.72,Vehicle Breakdown,1
ORD102159,2024-03-14,DTDC,Chennai-Pune,South,Standard,3,3,TRUE,TRUE,TRUE,624.23,None,0
ORD102160,2024-09-30,Ekart,Bangalore-Hyderabad,South,Express,2,2,TRUE,TRUE,TRUE,781.95,None,0
ORD102161,2024-12-18,BlueDart,Kochi-Coimbatore,South,Express,1,1,TRUE,TRUE,TRUE,838.38,None,0
ORD102162,2024-03-18,Delhivery,Lucknow-Patna,East,Express,2,3,FALSE,TRUE,FALSE,1256.67,None,1
ORD102163,2024-07-28,BlueDart,Delhi-Mumbai,North,Economy,7,9,FALSE,TRUE,FALSE,290.49,Vehicle Breakdown,2
ORD102164,2024-06-19,DTDC,Bhopal-Indore,Central,Express,1,3,FALSE,TRUE,FALSE,901.23,Vehicle Breakdown,2
ORD102165,2024-01-18,BlueDart,Kochi-Coimbatore,South,Express,2,2,TRUE,TRUE,TRUE,780.21,None,0
ORD102166,2024-10-16,Delhivery,Surat-Nagpur,West,Express,1,1,TRUE,TRUE,TRUE,903.21,None,0
ORD102167,2024-05-23,DTDC,Delhi-Mumbai,North,Standard,3,8,FALSE,FALSE,FALSE,720.7,Driver Shortage,5
ORD102168,2024-05-11,BlueDart,Lucknow-Patna,East,Standard,3,6,FALSE,TRUE,FALSE,656.96,Customs Hold,3
ORD102169,2024-05-30,Delhivery,Chennai-Pune,South,Standard,3,3,TRUE,TRUE,TRUE,473.36,None,0
ORD102170,2024-06-24,Delhivery,Bangalore-Hyderabad,South,Standard,3,3,TRUE,TRUE,TRUE,406.39,None,0
ORD102171,2024-12-06,Delhivery,Bangalore-Hyderabad,South,Economy,7,7,TRUE,TRUE,TRUE,230.23,None,0
ORD102172,2024-06-29,DTDC,Delhi-Mumbai,North,Standard,4,9,FALSE,TRUE,FALSE,726.68,Driver Shortage,5
ORD102173,2024-10-12,BlueDart,Jaipur-Ahmedabad,North,Express,1,2,FALSE,TRUE,FALSE,875.76,Address Issue,1
ORD102174,2024-02-24,Delhivery,Delhi-Mumbai,North,Standard,4,7,FALSE,TRUE,FALSE,617.46,None,3
ORD102175,2024-07-26,BlueDart,Kochi-Coimbatore,South,Standard,5,5,TRUE,TRUE,TRUE,443.69,None,0
ORD102176,2024-03-05,DTDC,Chennai-Pune,South,Economy,7,9,FALSE,TRUE,FALSE,299.42,Customs Hold,2
ORD102177,2024-02-15,XpressBees,Kolkata-Delhi,North,Standard,3,6,FALSE,TRUE,FALSE,705.17,High Volume Surge,3
ORD102178,2024-08-11,BlueDart,Kochi-Coimbatore,South,Economy,6,7,FALSE,TRUE,FALSE,235.24,None,1
ORD102179,2024-11-16,BlueDart,Chennai-Pune,South,Express,2,2,TRUE,TRUE,TRUE,928.53,None,0
ORD102180,2024-05-18,Delhivery,Bangalore-Hyderabad,South,Standard,3,3,TRUE,TRUE,TRUE,450.89,None,0
ORD102181,2024-07-29,BlueDart,Surat-Nagpur,West,Economy,6,6,TRUE,TRUE,TRUE,240.48,None,0
ORD102182,2024-02-03,Ekart,Jaipur-Ahmedabad,North,Standard,3,3,TRUE,TRUE,TRUE,405.88,None,0
ORD102183,2024-06-17,Delhivery,Bangalore-Hyderabad,South,Economy,8,9,FALSE,TRUE,FALSE,230.67,Address Issue,1
ORD102184,2024-07-25,Delhivery,Delhi-Mumbai,North,Express,1,2,FALSE,FALSE,FALSE,1175.15,None,1
ORD102185,2024-02-16,Delhivery,Surat-Nagpur,West,Economy,6,6,TRUE,FALSE,FALSE,220.93,High Volume Surge,0
ORD102186,2024-10-17,Ekart,Mumbai-Chennai,West,Express,2,2,TRUE,FALSE,FALSE,927.34,Customs Hold,0
ORD102187,2024-10-24,Delhivery,Bangalore-Hyderabad,South,Express,2,2,TRUE,TRUE,TRUE,891.17,None,0
ORD102188,2024-10-07,DTDC,Bhopal-Indore,Central,Economy,7,9,FALSE,TRUE,FALSE,278.23,Weather Delay,2
ORD102189,2024-04-22,XpressBees,Lucknow-Patna,East,Standard,4,5,FALSE,FALSE,FALSE,859.19,None,1
ORD102190,2024-11-26,XpressBees,Kolkata-Delhi,North,Express,1,5,FALSE,FALSE,FALSE,1389.41,High Volume Surge,4
ORD102191,2024-06-07,Ekart,Jaipur-Ahmedabad,North,Standard,5,5,TRUE,TRUE,TRUE,491.66,None,0
ORD102192,2024-05-02,BlueDart,Bangalore-Hyderabad,South,Express,2,2,TRUE,TRUE,TRUE,799.59,None,0
ORD102193,2024-12-26,XpressBees,Chennai-Pune,South,Standard,3,4,FALSE,TRUE,FALSE,557.36,None,1
ORD102194,2024-03-12,XpressBees,Chennai-Pune,South,Standard,4,4,TRUE,FALSE,FALSE,519.17,Weather Delay,0
ORD102195,2024-09-19,BlueDart,Bhopal-Indore,Central,Economy,8,8,TRUE,TRUE,TRUE,226.72,None,0
ORD102196,2024-05-14,DTDC,Surat-Nagpur,West,Standard,3,4,FALSE,FALSE,FALSE,542.87,None,1
ORD102197,2024-06-08,Delhivery,Jaipur-Ahmedabad,North,Standard,3,3,TRUE,TRUE,TRUE,422.34,None,0
ORD102198,2024-03-12,Delhivery,Bangalore-Hyderabad,South,Standard,4,4,TRUE,FALSE,FALSE,412.85,High Volume Surge,0
ORD102199,2024-06-26,Ekart,Bhopal-Indore,Central,Express,1,2,FALSE,TRUE,FALSE,871.82,Address Issue,1
ORD102200,2024-04-22,BlueDart,Kochi-Coimbatore,South,Standard,5,6,FALSE,TRUE,FALSE,407.85,Vehicle Breakdown,1
ORD102201,2024-02-15,Ekart,Delhi-Mumbai,North,Standard,4,5,FALSE,TRUE,FALSE,663.77,Weather Delay,1
ORD102202,2024-12-01,Delhivery,Bangalore-Hyderabad,South,Express,2,2,TRUE,TRUE,TRUE,786.27,None,0
ORD102203,2024-05-12,DTDC,Chennai-Pune,South,Economy,7,8,FALSE,TRUE,FALSE,252.02,Driver Shortage,1
ORD102204,2024-11-20,XpressBees,Chennai-Pune,South,Economy,6,7,FALSE,TRUE,FALSE,280.43,None,1
ORD102205,2024-04-14,XpressBees,Chennai-Pune,South,Express,1,3,FALSE,TRUE,FALSE,936.02,Driver Shortage,2
ORD102206,2024-07-28,XpressBees,Chennai-Pune,South,Express,2,2,TRUE,TRUE,TRUE,1004.94,None,0
ORD102207,2024-08-22,Delhivery,Bhopal-Indore,Central,Express,2,2,TRUE,TRUE,TRUE,786.46,None,0
ORD102208,2024-07-23,XpressBees,Bangalore-Hyderabad,South,Standard,3,6,FALSE,TRUE,FALSE,545.75,Driver Shortage,3
ORD102209,2024-05-18,Delhivery,Bangalore-Hyderabad,South,Standard,3,4,FALSE,TRUE,FALSE,441.79,High Volume Surge,1
ORD102210,2024-11-23,Ekart,Kochi-Coimbatore,South,Standard,4,4,TRUE,TRUE,TRUE,457.04,None,0
ORD102211,2024-03-05,Ekart,Kolkata-Delhi,North,Express,1,3,FALSE,TRUE,FALSE,1197.86,Vehicle Breakdown,2
ORD102212,2024-02-26,Ekart,Kolkata-Delhi,North,Standard,3,5,FALSE,TRUE,FALSE,672.26,Vehicle Breakdown,2
ORD102213,2024-07-01,BlueDart,Bangalore-Hyderabad,South,Standard,5,6,FALSE,TRUE,FALSE,459.41,Vehicle Breakdown,1
ORD102214,2024-12-09,DTDC,Chennai-Pune,South,Express,1,2,FALSE,TRUE,FALSE,958.22,None,1
ORD102215,2024-04-25,XpressBees,Kochi-Coimbatore,South,Express,1,3,FALSE,TRUE,FALSE,966.99,None,2
ORD102216,2024-01-12,DTDC,Jaipur-Ahmedabad,North,Standard,5,7,FALSE,TRUE,FALSE,518.37,High Volume Surge,2
ORD102217,2024-05-22,XpressBees,Lucknow-Patna,East,Standard,3,5,FALSE,TRUE,FALSE,742.31,Driver Shortage,2
ORD102218,2024-11-08,Delhivery,Mumbai-Chennai,West,Express,1,1,TRUE,TRUE,TRUE,773.66,None,0
ORD102219,2024-04-13,XpressBees,Bhopal-Indore,Central,Express,1,2,FALSE,FALSE,FALSE,1137.96,Weather Delay,1
ORD102220,2024-10-30,BlueDart,Bangalore-Hyderabad,South,Economy,6,6,TRUE,TRUE,TRUE,222.23,None,0
ORD102221,2024-05-03,DTDC,Kochi-Coimbatore,South,Express,1,1,TRUE,FALSE,FALSE,899.35,Weather Delay,0
ORD102222,2024-07-17,XpressBees,Mumbai-Chennai,West,Economy,6,9,FALSE,TRUE,FALSE,242.2,Driver Shortage,3
ORD102223,2024-10-24,Ekart,Bangalore-Hyderabad,South,Economy,8,8,TRUE,TRUE,TRUE,209.37,None,0
ORD102224,2024-09-28,XpressBees,Chennai-Pune,South,Economy,7,8,FALSE,TRUE,FALSE,267.88,Address Issue,1
ORD102225,2024-08-15,BlueDart,Bangalore-Hyderabad,South,Express,2,2,TRUE,TRUE,TRUE,879.92,None,0
ORD102226,2024-02-27,BlueDart,Bhopal-Indore,Central,Standard,3,4,FALSE,TRUE,FALSE,410.06,None,1
ORD102227,2024-04-13,BlueDart,Lucknow-Patna,East,Standard,3,6,FALSE,TRUE,FALSE,691.87,None,3
ORD102228,2024-01-21,DTDC,Kochi-Coimbatore,South,Economy,7,9,FALSE,TRUE,FALSE,232.37,Vehicle Breakdown,2
ORD102229,2024-10-08,XpressBees,Surat-Nagpur,West,Economy,6,6,TRUE,TRUE,TRUE,275.31,None,0
ORD102230,2024-04-09,Ekart,Jaipur-Ahmedabad,North,Standard,5,5,TRUE,FALSE,FALSE,463.62,Address Issue,0
ORD102231,2024-10-26,Delhivery,Bangalore-Hyderabad,South,Standard,3,3,TRUE,TRUE,TRUE,415.94,None,0
ORD102232,2024-12-15,XpressBees,Delhi-Mumbai,North,Economy,8,12,FALSE,TRUE,FALSE,337.95,Driver Shortage,4
ORD102233,2024-07-05,BlueDart,Jaipur-Ahmedabad,North,Standard,5,5,TRUE,TRUE,TRUE,481.47,None,0
ORD102234,2024-03-15,BlueDart,Bangalore-Hyderabad,South,Standard,3,3,TRUE,TRUE,TRUE,485.52,None,0
ORD102235,2024-05-12,BlueDart,Lucknow-Patna,East,Express,2,3,FALSE,TRUE,FALSE,1215.35,High Volume Surge,1
ORD102236,2024-05-29,Ekart,Bangalore-Hyderabad,South,Express,1,1,TRUE,TRUE,TRUE,814.05,None,0
ORD102237,2024-08-05,BlueDart,Bhopal-Indore,Central,Express,1,1,TRUE,TRUE,TRUE,783.21,None,0
ORD102238,2024-08-31,BlueDart,Kochi-Coimbatore,South,Express,2,2,TRUE,FALSE,FALSE,782.16,Customs Hold,0
ORD102239,2024-04-29,DTDC,Jaipur-Ahmedabad,North,Standard,5,7,FALSE,TRUE,FALSE,534.4,Address Issue,2
ORD102240,2024-05-12,DTDC,Chennai-Pune,South,Express,1,1,TRUE,FALSE,FALSE,1005.01,Customs Hold,0
ORD102241,2024-03-11,XpressBees,Bangalore-Hyderabad,South,Economy,8,9,FALSE,TRUE,FALSE,244.61,Weather Delay,1
ORD102242,2024-10-30,BlueDart,Bhopal-Indore,Central,Standard,4,4,TRUE,TRUE,TRUE,417.06,None,0
ORD102243,2024-11-23,DTDC,Jaipur-Ahmedabad,North,Standard,5,5,TRUE,TRUE,TRUE,544.97,None,0
ORD102244,2024-05-23,DTDC,Delhi-Mumbai,North,Standard,3,7,FALSE,FALSE,FALSE,761.4,Address Issue,4
ORD102245,2024-07-15,XpressBees,Lucknow-Patna,East,Standard,3,5,FALSE,TRUE,FALSE,715.43,Address Issue,2
ORD102246,2024-09-28,XpressBees,Chennai-Pune,South,Economy,8,9,FALSE,TRUE,FALSE,225.01,Vehicle Breakdown,1
ORD102247,2024-01-26,Delhivery,Delhi-Mumbai,North,Standard,4,5,FALSE,TRUE,FALSE,623.63,None,1
ORD102248,2024-09-21,DTDC,Bangalore-Hyderabad,South,Express,2,4,FALSE,TRUE,FALSE,932.74,High Volume Surge,2
ORD102249,2024-12-15,BlueDart,Chennai-Pune,South,Standard,4,5,FALSE,TRUE,FALSE,405.93,Customs Hold,1
ORD102250,2024-08-01,Delhivery,Kolkata-Delhi,North,Standard,3,6,FALSE,TRUE,FALSE,619.06,Customs Hold,3
ORD102251,2024-09-15,Ekart,Bangalore-Hyderabad,South,Economy,6,6,TRUE,TRUE,TRUE,216.97,None,0
ORD102252,2024-12-13,DTDC,Surat-Nagpur,West,Express,2,4,FALSE,TRUE,FALSE,1112.11,High Volume Surge,2
ORD102253,2024-03-15,Delhivery,Kolkata-Delhi,North,Express,2,4,FALSE,TRUE,FALSE,1080.17,High Volume Surge,2
ORD102254,2024-08-18,Delhivery,Surat-Nagpur,West,Economy,7,7,TRUE,TRUE,TRUE,212.4,None,0
ORD102255,2024-09-12,Ekart,Lucknow-Patna,East,Express,2,3,FALSE,TRUE,FALSE,1113.84,Customs Hold,1
ORD102256,2024-09-26,Ekart,Jaipur-Ahmedabad,North,Standard,3,4,FALSE,TRUE,FALSE,457.8,Vehicle Breakdown,1
ORD102257,2024-03-07,Delhivery,Chennai-Pune,South,Express,2,2,TRUE,TRUE,TRUE,892.43,None,0
ORD102258,2024-09-03,Delhivery,Surat-Nagpur,West,Express,1,1,TRUE,TRUE,TRUE,874.39,None,0
ORD102259,2024-11-06,BlueDart,Mumbai-Chennai,West,Express,2,2,TRUE,TRUE,TRUE,848.32,None,0
ORD102260,2024-07-09,XpressBees,Mumbai-Chennai,West,Express,2,2,TRUE,TRUE,TRUE,1035.48,None,0
ORD102261,2024-08-05,Ekart,Mumbai-Chennai,West,Standard,5,6,FALSE,TRUE,FALSE,425.94,Weather Delay,1
ORD102262,2024-10-08,BlueDart,Kochi-Coimbatore,South,Express,1,1,TRUE,FALSE,FALSE,795.63,High Volume Surge,0
ORD102263,2024-08-18,BlueDart,Delhi-Mumbai,North,Standard,3,7,FALSE,TRUE,FALSE,635.64,Weather Delay,4
ORD102264,2024-12-16,BlueDart,Surat-Nagpur,West,Express,1,2,FALSE,TRUE,FALSE,840.76,Address Issue,1
ORD102265,2024-10-22,BlueDart,Delhi-Mumbai,North,Standard,5,6,FALSE,TRUE,FALSE,653.58,Customs Hold,1
ORD102266,2024-04-23,BlueDart,Kolkata-Delhi,North,Standard,3,6,FALSE,TRUE,FALSE,610.24,High Volume Surge,3
ORD102267,2024-06-28,BlueDart,Kochi-Coimbatore,South,Economy,7,7,TRUE,TRUE,TRUE,204.88,None,0
ORD102268,2024-03-21,DTDC,Kochi-Coimbatore,South,Economy,7,7,TRUE,TRUE,TRUE,249.98,None,0
ORD102269,2024-07-17,Delhivery,Surat-Nagpur,West,Economy,6,6,TRUE,TRUE,TRUE,203.19,None,0
ORD102270,2024-06-18,Ekart,Kolkata-Delhi,North,Economy,6,9,FALSE,TRUE,FALSE,355.7,Driver Shortage,3
ORD102271,2024-08-19,XpressBees,Bangalore-Hyderabad,South,Express,2,3,FALSE,TRUE,FALSE,1028.8,Weather Delay,1
ORD102272,2024-01-23,DTDC,Delhi-Mumbai,North,Economy,7,10,FALSE,TRUE,FALSE,470.2,None,3
ORD102273,2024-03-28,BlueDart,Bhopal-Indore,Central,Economy,8,8,TRUE,TRUE,TRUE,235.07,None,0
ORD102274,2024-06-02,BlueDart,Kochi-Coimbatore,South,Express,1,1,TRUE,TRUE,TRUE,897.03,None,0
ORD102275,2024-03-29,DTDC,Kolkata-Delhi,North,Express,2,6,FALSE,TRUE,FALSE,1419.05,None,4
ORD102276,2024-02-28,Delhivery,Delhi-Mumbai,North,Express,2,3,FALSE,TRUE,FALSE,1236.92,Weather Delay,1
ORD102277,2024-01-18,Delhivery,Kochi-Coimbatore,South,Standard,4,4,TRUE,TRUE,TRUE,466.47,None,0
ORD102278,2024-03-24,XpressBees,Kolkata-Delhi,North,Economy,8,13,FALSE,TRUE,FALSE,360.14,None,5
ORD102279,2024-10-15,Delhivery,Chennai-Pune,South,Standard,3,4,FALSE,TRUE,FALSE,478.07,None,1
ORD102280,2024-10-23,Delhivery,Bhopal-Indore,Central,Express,1,1,TRUE,TRUE,TRUE,780.38,None,0
ORD102281,2024-09-03,XpressBees,Delhi-Mumbai,North,Standard,5,8,FALSE,TRUE,FALSE,689.69,None,3
ORD102282,2024-07-15,Ekart,Surat-Nagpur,West,Economy,7,7,TRUE,TRUE,TRUE,237.88,None,0
ORD102283,2024-02-20,DTDC,Bangalore-Hyderabad,South,Standard,5,5,TRUE,TRUE,TRUE,576.87,None,0
ORD102284,2024-07-24,Delhivery,Kochi-Coimbatore,South,Express,2,3,FALSE,TRUE,FALSE,803.94,Vehicle Breakdown,1
ORD102285,2024-02-22,XpressBees,Bangalore-Hyderabad,South,Standard,4,5,FALSE,TRUE,FALSE,585.97,None,1
ORD102286,2024-01-14,BlueDart,Bangalore-Hyderabad,South,Economy,7,7,TRUE,TRUE,TRUE,231.72,None,0
ORD102287,2024-06-30,DTDC,Delhi-Mumbai,North,Economy,6,11,FALSE,TRUE,FALSE,306.27,None,5
ORD102288,2024-06-02,Ekart,Kolkata-Delhi,North,Standard,3,5,FALSE,TRUE,FALSE,633,Weather Delay,2
ORD102289,2024-12-20,BlueDart,Kolkata-Delhi,North,Economy,7,10,FALSE,TRUE,FALSE,309.62,None,3
ORD102290,2024-12-11,Delhivery,Chennai-Pune,South,Express,1,1,TRUE,TRUE,TRUE,808.24,None,0
ORD102291,2024-07-14,DTDC,Jaipur-Ahmedabad,North,Express,1,3,FALSE,TRUE,FALSE,1025.75,Driver Shortage,2
ORD102292,2024-08-08,Delhivery,Kochi-Coimbatore,South,Express,1,1,TRUE,TRUE,TRUE,932.65,None,0
ORD102293,2024-10-04,BlueDart,Jaipur-Ahmedabad,North,Standard,5,5,TRUE,TRUE,TRUE,447.05,None,0
ORD102294,2024-10-04,XpressBees,Chennai-Pune,South,Standard,3,5,FALSE,TRUE,FALSE,549.78,Vehicle Breakdown,2
ORD102295,2024-09-17,Ekart,Bangalore-Hyderabad,South,Economy,7,8,FALSE,TRUE,FALSE,232.7,None,1
ORD102296,2024-07-10,XpressBees,Chennai-Pune,South,Standard,3,5,FALSE,TRUE,FALSE,620.05,Address Issue,2
ORD102297,2024-04-03,DTDC,Mumbai-Chennai,West,Standard,3,5,FALSE,TRUE,FALSE,516.92,None,2
ORD102298,2024-01-07,XpressBees,Jaipur-Ahmedabad,North,Express,2,3,FALSE,TRUE,FALSE,1017.46,Driver Shortage,1
ORD102299,2024-03-30,Delhivery,Mumbai-Chennai,West,Express,1,1,TRUE,TRUE,TRUE,861.85,None,0
ORD102300,2024-07-28,BlueDart,Kochi-Coimbatore,South,Express,2,3,FALSE,TRUE,FALSE,882.92,None,1
ORD102301,2024-01-21,BlueDart,Lucknow-Patna,East,Standard,4,5,FALSE,TRUE,FALSE,607.21,None,1
ORD102302,2024-03-09,Delhivery,Delhi-Mumbai,North,Economy,6,7,FALSE,TRUE,FALSE,318.11,Vehicle Breakdown,1
ORD102303,2024-01-03,Ekart,Bangalore-Hyderabad,South,Standard,3,3,TRUE,TRUE,TRUE,425,None,0
ORD102304,2024-08-30,XpressBees,Delhi-Mumbai,North,Express,1,4,FALSE,TRUE,FALSE,1369.29,Weather Delay,3
ORD102305,2024-05-18,Delhivery,Lucknow-Patna,East,Standard,4,5,FALSE,FALSE,FALSE,626.29,None,1
ORD102306,2024-07-29,BlueDart,Lucknow-Patna,East,Standard,4,7,FALSE,TRUE,FALSE,636.1,Vehicle Breakdown,3
ORD102307,2024-08-10,BlueDart,Mumbai-Chennai,West,Economy,8,8,TRUE,TRUE,TRUE,202.1,None,0
ORD102308,2024-04-10,Delhivery,Chennai-Pune,South,Express,1,2,FALSE,TRUE,FALSE,917.99,None,1
ORD102309,2024-08-04,Delhivery,Surat-Nagpur,West,Standard,4,5,FALSE,TRUE,FALSE,447.89,Weather Delay,1
ORD102310,2024-02-21,Ekart,Kolkata-Delhi,North,Economy,7,8,FALSE,TRUE,FALSE,365.33,Address Issue,1
ORD102311,2024-03-27,DTDC,Bhopal-Indore,Central,Standard,3,4,FALSE,TRUE,FALSE,510.06,Weather Delay,1
ORD102312,2024-06-25,DTDC,Chennai-Pune,South,Express,2,3,FALSE,TRUE,FALSE,947.5,None,1
ORD102313,2024-10-01,Ekart,Lucknow-Patna,East,Express,2,5,FALSE,TRUE,FALSE,1171.92,Address Issue,3
ORD102314,2024-04-11,Delhivery,Jaipur-Ahmedabad,North,Standard,3,4,FALSE,TRUE,FALSE,408.73,Vehicle Breakdown,1
ORD102315,2024-06-21,XpressBees,Bhopal-Indore,Central,Economy,8,9,FALSE,TRUE,FALSE,256.76,High Volume Surge,1
ORD102316,2024-10-29,XpressBees,Jaipur-Ahmedabad,North,Economy,7,7,TRUE,TRUE,TRUE,245.17,None,0
ORD102317,2024-09-07,BlueDart,Kochi-Coimbatore,South,Express,1,2,FALSE,TRUE,FALSE,809.51,Address Issue,1
ORD102318,2024-08-19,BlueDart,Lucknow-Patna,East,Standard,3,5,FALSE,TRUE,FALSE,633.27,High Volume Surge,2
ORD102319,2024-07-07,XpressBees,Jaipur-Ahmedabad,North,Standard,4,5,FALSE,TRUE,FALSE,501.69,Weather Delay,1
ORD102320,2024-08-31,BlueDart,Chennai-Pune,South,Economy,7,7,TRUE,TRUE,TRUE,204.56,None,0
ORD102321,2024-01-11,DTDC,Bangalore-Hyderabad,South,Express,1,3,FALSE,TRUE,FALSE,1085.14,Customs Hold,2
ORD102322,2024-05-06,Delhivery,Chennai-Pune,South,Standard,4,5,FALSE,FALSE,FALSE,485.95,None,1
ORD102323,2024-11-26,Ekart,Surat-Nagpur,West,Standard,5,5,TRUE,TRUE,TRUE,440.67,None,0
ORD102324,2024-03-10,Delhivery,Surat-Nagpur,West,Express,2,3,FALSE,TRUE,FALSE,915.9,None,1
ORD102325,2024-01-09,Delhivery,Bangalore-Hyderabad,South,Standard,4,5,FALSE,TRUE,FALSE,462.81,High Volume Surge,1
ORD102326,2024-07-17,XpressBees,Bhopal-Indore,Central,Economy,8,11,FALSE,TRUE,FALSE,255.1,Weather Delay,3
ORD102327,2024-12-22,Delhivery,Surat-Nagpur,West,Economy,7,7,TRUE,TRUE,TRUE,233.78,None,0
ORD102328,2024-12-09,DTDC,Bhopal-Indore,Central,Economy,7,8,FALSE,TRUE,FALSE,281.15,Weather Delay,1
ORD102329,2024-10-06,DTDC,Chennai-Pune,South,Express,1,2,FALSE,FALSE,FALSE,1057.9,Weather Delay,1
ORD102330,2024-01-08,XpressBees,Lucknow-Patna,East,Express,2,4,FALSE,TRUE,FALSE,1430.49,Driver Shortage,2
ORD102331,2024-11-11,Delhivery,Surat-Nagpur,West,Economy,8,8,TRUE,TRUE,TRUE,220.39,None,0
ORD102332,2024-04-29,DTDC,Mumbai-Chennai,West,Economy,6,7,FALSE,TRUE,FALSE,251.2,Vehicle Breakdown,1
ORD102333,2024-06-06,BlueDart,Surat-Nagpur,West,Standard,5,5,TRUE,TRUE,TRUE,479.01,None,0
ORD102334,2024-12-22,Ekart,Kochi-Coimbatore,South,Express,2,2,TRUE,TRUE,TRUE,800.06,None,0
ORD102335,2024-12-17,DTDC,Kochi-Coimbatore,South,Economy,8,8,TRUE,TRUE,TRUE,243.7,None,0
ORD102336,2024-08-02,BlueDart,Kochi-Coimbatore,South,Express,2,2,TRUE,TRUE,TRUE,868.78,None,0
ORD102337,2024-10-02,BlueDart,Surat-Nagpur,West,Standard,5,5,TRUE,TRUE,TRUE,435.6,None,0
ORD102338,2024-05-19,Delhivery,Surat-Nagpur,West,Express,2,2,TRUE,TRUE,TRUE,855.19,None,0
ORD102339,2024-08-26,DTDC,Kolkata-Delhi,North,Economy,8,12,FALSE,TRUE,FALSE,433.38,Weather Delay,4
ORD102340,2024-11-24,BlueDart,Bhopal-Indore,Central,Standard,4,4,TRUE,TRUE,TRUE,438.92,None,0
ORD102341,2024-01-27,Delhivery,Chennai-Pune,South,Economy,6,6,TRUE,TRUE,TRUE,221.22,None,0
ORD102342,2024-08-17,XpressBees,Mumbai-Chennai,West,Economy,7,9,FALSE,TRUE,FALSE,248.75,None,2
ORD102343,2024-01-16,BlueDart,Delhi-Mumbai,North,Standard,3,6,FALSE,TRUE,FALSE,618.56,None,3
ORD102344,2024-11-29,DTDC,Bhopal-Indore,Central,Express,1,2,FALSE,TRUE,FALSE,1045.51,Vehicle Breakdown,1
ORD102345,2024-03-16,Ekart,Chennai-Pune,South,Economy,7,7,TRUE,TRUE,TRUE,198.85,None,0
ORD102346,2024-10-03,DTDC,Bhopal-Indore,Central,Economy,8,9,FALSE,TRUE,FALSE,250.76,None,1
ORD102347,2024-01-17,XpressBees,Delhi-Mumbai,North,Economy,8,12,FALSE,TRUE,FALSE,347.45,None,4
ORD102348,2024-03-30,Delhivery,Bhopal-Indore,Central,Express,1,1,TRUE,TRUE,TRUE,873.05,None,0
ORD102349,2024-05-09,Delhivery,Lucknow-Patna,East,Economy,7,9,FALSE,TRUE,FALSE,330.97,Driver Shortage,2
ORD102350,2024-12-04,DTDC,Jaipur-Ahmedabad,North,Economy,7,7,TRUE,TRUE,TRUE,263.14,None,0
ORD102351,2024-02-16,Ekart,Bangalore-Hyderabad,South,Express,2,2,TRUE,TRUE,TRUE,768.16,None,0
ORD102352,2024-08-19,Delhivery,Bangalore-Hyderabad,South,Standard,4,4,TRUE,FALSE,FALSE,454.62,None,0
ORD102353,2024-12-19,BlueDart,Lucknow-Patna,East,Express,2,6,FALSE,FALSE,FALSE,1283.9,Vehicle Breakdown,4
ORD102354,2024-09-13,BlueDart,Chennai-Pune,South,Standard,4,4,TRUE,TRUE,TRUE,443.24,None,0
ORD102355,2024-09-18,DTDC,Mumbai-Chennai,West,Standard,4,5,FALSE,TRUE,FALSE,611.16,None,1
ORD102356,2024-07-23,Delhivery,Bhopal-Indore,Central,Express,2,3,FALSE,TRUE,FALSE,807.29,Driver Shortage,1
ORD102357,2024-07-27,Delhivery,Lucknow-Patna,East,Express,1,3,FALSE,FALSE,FALSE,1199.03,High Volume Surge,2
ORD102358,2024-03-10,DTDC,Chennai-Pune,South,Express,1,2,FALSE,TRUE,FALSE,1101.09,Vehicle Breakdown,1
ORD102359,2024-02-07,Ekart,Delhi-Mumbai,North,Express,2,3,FALSE,TRUE,FALSE,1156.03,Customs Hold,1
ORD102360,2024-11-03,DTDC,Surat-Nagpur,West,Economy,7,7,TRUE,TRUE,TRUE,283.68,None,0
ORD102361,2024-10-11,DTDC,Bangalore-Hyderabad,South,Economy,8,10,FALSE,TRUE,FALSE,287.98,Customs Hold,2
ORD102362,2024-05-10,XpressBees,Bhopal-Indore,Central,Economy,7,8,FALSE,TRUE,FALSE,249.41,None,1
ORD102363,2024-09-27,Delhivery,Bhopal-Indore,Central,Express,2,2,TRUE,TRUE,TRUE,799.02,None,0
ORD102364,2024-08-26,DTDC,Kolkata-Delhi,North,Express,1,3,FALSE,FALSE,FALSE,1405.21,Driver Shortage,2
ORD102365,2024-01-18,Delhivery,Lucknow-Patna,East,Economy,8,11,FALSE,TRUE,FALSE,315.44,None,3
ORD102366,2024-10-05,DTDC,Chennai-Pune,South,Express,1,2,FALSE,FALSE,FALSE,1038.14,Driver Shortage,1
ORD102367,2024-03-22,Delhivery,Surat-Nagpur,West,Express,2,2,TRUE,TRUE,TRUE,830.24,None,0
ORD102368,2024-06-21,Ekart,Bangalore-Hyderabad,South,Express,2,2,TRUE,TRUE,TRUE,796.05,None,0
ORD102369,2024-11-13,BlueDart,Kolkata-Delhi,North,Economy,7,10,FALSE,TRUE,FALSE,347.12,None,3
ORD102370,2024-05-05,Delhivery,Lucknow-Patna,East,Economy,8,9,FALSE,TRUE,FALSE,265.48,Address Issue,1
ORD102371,2024-05-28,XpressBees,Delhi-Mumbai,North,Economy,7,10,FALSE,TRUE,FALSE,417.3,Driver Shortage,3
ORD102372,2024-04-09,Ekart,Delhi-Mumbai,North,Express,2,4,FALSE,TRUE,FALSE,1083.72,None,2
ORD102373,2024-09-11,DTDC,Surat-Nagpur,West,Standard,4,4,TRUE,FALSE,FALSE,506.39,None,0
ORD102374,2024-04-01,BlueDart,Jaipur-Ahmedabad,North,Express,2,2,TRUE,TRUE,TRUE,894.51,None,0
ORD102375,2024-06-01,Delhivery,Delhi-Mumbai,North,Economy,7,10,FALSE,TRUE,FALSE,300.41,Vehicle Breakdown,3
ORD102376,2024-08-08,Ekart,Bangalore-Hyderabad,South,Standard,4,5,FALSE,TRUE,FALSE,459.8,Customs Hold,1
ORD102377,2024-06-13,XpressBees,Delhi-Mumbai,North,Economy,8,10,FALSE,TRUE,FALSE,338.44,Customs Hold,2
ORD102378,2024-09-04,DTDC,Mumbai-Chennai,West,Express,2,4,FALSE,TRUE,FALSE,1126.31,Weather Delay,2
ORD102379,2024-02-07,Delhivery,Kolkata-Delhi,North,Economy,8,10,FALSE,TRUE,FALSE,340.68,None,2
ORD102380,2024-02-18,Ekart,Bhopal-Indore,Central,Economy,6,6,TRUE,TRUE,TRUE,230.65,None,0
ORD102381,2024-11-27,XpressBees,Jaipur-Ahmedabad,North,Standard,4,7,FALSE,TRUE,FALSE,534.62,Weather Delay,3
ORD102382,2024-06-08,XpressBees,Surat-Nagpur,West,Express,1,2,FALSE,TRUE,FALSE,1152.14,Address Issue,1
ORD102383,2024-04-17,DTDC,Mumbai-Chennai,West,Standard,3,3,TRUE,TRUE,TRUE,513.38,None,0
ORD102384,2024-05-22,XpressBees,Kochi-Coimbatore,South,Standard,3,5,FALSE,TRUE,FALSE,562.36,Driver Shortage,2
ORD102385,2024-08-11,XpressBees,Delhi-Mumbai,North,Economy,8,10,FALSE,TRUE,FALSE,416.65,Driver Shortage,2
ORD102386,2024-01-29,Delhivery,Kochi-Coimbatore,South,Express,1,1,TRUE,TRUE,TRUE,787.47,None,0
ORD102387,2024-09-04,DTDC,Kolkata-Delhi,North,Standard,4,6,FALSE,TRUE,FALSE,837.32,High Volume Surge,2
ORD102388,2024-04-23,DTDC,Delhi-Mumbai,North,Express,1,6,FALSE,TRUE,FALSE,1592.5,Address Issue,5
ORD102389,2024-06-22,BlueDart,Mumbai-Chennai,West,Express,1,2,FALSE,TRUE,FALSE,781.36,High Volume Surge,1
ORD102390,2024-12-01,BlueDart,Bhopal-Indore,Central,Standard,3,4,FALSE,TRUE,FALSE,464.23,None,1
ORD102391,2024-08-31,BlueDart,Lucknow-Patna,East,Standard,4,7,FALSE,TRUE,FALSE,639.95,Weather Delay,3
ORD102392,2024-01-30,Ekart,Surat-Nagpur,West,Standard,5,5,TRUE,TRUE,TRUE,470.38,None,0
ORD102393,2024-07-18,Delhivery,Bhopal-Indore,Central,Economy,6,6,TRUE,TRUE,TRUE,200.8,None,0
ORD102394,2024-03-08,DTDC,Mumbai-Chennai,West,Economy,7,9,FALSE,TRUE,FALSE,275.78,Customs Hold,2
ORD102395,2024-07-15,Delhivery,Lucknow-Patna,East,Express,2,6,FALSE,TRUE,FALSE,1311.71,None,4
ORD102396,2024-04-20,DTDC,Mumbai-Chennai,West,Standard,3,3,TRUE,TRUE,TRUE,539.38,None,0
ORD102397,2024-09-28,DTDC,Lucknow-Patna,East,Standard,3,6,FALSE,TRUE,FALSE,781.08,Vehicle Breakdown,3
ORD102398,2024-03-25,XpressBees,Mumbai-Chennai,West,Standard,3,5,FALSE,FALSE,FALSE,467.53,None,2
ORD102399,2024-07-08,Delhivery,Delhi-Mumbai,North,Economy,6,7,FALSE,TRUE,FALSE,315.64,Customs Hold,1
ORD102400,2024-01-26,XpressBees,Kochi-Coimbatore,South,Economy,8,9,FALSE,TRUE,FALSE,284.62,Weather Delay,1
ORD102401,2024-06-13,DTDC,Kochi-Coimbatore,South,Standard,3,4,FALSE,TRUE,FALSE,567.53,None,1
ORD102402,2024-05-24,Ekart,Chennai-Pune,South,Economy,8,8,TRUE,FALSE,FALSE,210.58,High Volume Surge,0
ORD102403,2024-03-02,Ekart,Chennai-Pune,South,Express,1,1,TRUE,TRUE,TRUE,872.21,None,0
ORD102404,2024-06-18,DTDC,Bhopal-Indore,Central,Standard,4,6,FALSE,TRUE,FALSE,555.79,None,2
ORD102405,2024-04-30,XpressBees,Lucknow-Patna,East,Express,1,6,FALSE,FALSE,FALSE,1421.1,Weather Delay,5
ORD102406,2024-07-26,BlueDart,Lucknow-Patna,East,Standard,3,6,FALSE,FALSE,FALSE,580.42,Customs Hold,3
ORD102407,2024-01-03,Delhivery,Delhi-Mumbai,North,Express,2,3,FALSE,TRUE,FALSE,1084.01,None,1
ORD102408,2024-02-01,XpressBees,Mumbai-Chennai,West,Express,1,3,FALSE,TRUE,FALSE,900.53,High Volume Surge,2
ORD102409,2024-06-16,Delhivery,Jaipur-Ahmedabad,North,Express,2,2,TRUE,TRUE,TRUE,806.7,None,0
ORD102410,2024-06-12,XpressBees,Chennai-Pune,South,Economy,7,8,FALSE,TRUE,FALSE,266.82,None,1
ORD102411,2024-11-22,DTDC,Surat-Nagpur,West,Express,2,5,FALSE,FALSE,FALSE,1001.83,High Volume Surge,3
ORD102412,2024-10-10,DTDC,Kochi-Coimbatore,South,Standard,4,6,FALSE,TRUE,FALSE,501.1,Weather Delay,2
ORD102413,2024-07-10,Delhivery,Kolkata-Delhi,North,Standard,5,9,FALSE,TRUE,FALSE,670.12,Weather Delay,4
ORD102414,2024-05-15,BlueDart,Surat-Nagpur,West,Express,1,2,FALSE,TRUE,FALSE,901.22,None,1
ORD102415,2024-04-07,BlueDart,Kolkata-Delhi,North,Economy,6,9,FALSE,TRUE,FALSE,321.43,None,3
ORD102416,2024-05-12,DTDC,Bangalore-Hyderabad,South,Economy,7,7,TRUE,TRUE,TRUE,280.48,None,0
ORD102417,2024-07-11,Delhivery,Delhi-Mumbai,North,Economy,6,8,FALSE,TRUE,FALSE,369.37,Customs Hold,2
ORD102418,2024-09-30,DTDC,Kochi-Coimbatore,South,Economy,6,7,FALSE,TRUE,FALSE,289.3,Vehicle Breakdown,1
ORD102419,2024-02-18,Delhivery,Jaipur-Ahmedabad,North,Express,1,1,TRUE,TRUE,TRUE,768.69,None,0
ORD102420,2024-09-21,BlueDart,Chennai-Pune,South,Express,2,2,TRUE,TRUE,TRUE,900.72,None,0
ORD102421,2024-10-29,Ekart,Chennai-Pune,South,Express,1,1,TRUE,TRUE,TRUE,777,None,0
ORD102422,2024-05-17,Delhivery,Bhopal-Indore,Central,Economy,6,7,FALSE,TRUE,FALSE,212.13,None,1
ORD102423,2024-04-13,Delhivery,Jaipur-Ahmedabad,North,Standard,3,4,FALSE,TRUE,FALSE,456.16,Weather Delay,1
ORD102424,2024-05-25,Delhivery,Bhopal-Indore,Central,Express,1,1,TRUE,TRUE,TRUE,831.87,None,0
ORD102425,2024-08-18,Delhivery,Kolkata-Delhi,North,Economy,6,8,FALSE,TRUE,FALSE,310.5,None,2
ORD102426,2024-06-01,XpressBees,Surat-Nagpur,West,Express,1,2,FALSE,TRUE,FALSE,1115.02,Customs Hold,1
ORD102427,2024-07-12,BlueDart,Surat-Nagpur,West,Standard,3,3,TRUE,TRUE,TRUE,409.71,None,0
ORD102428,2024-08-30,Ekart,Delhi-Mumbai,North,Economy,7,8,FALSE,TRUE,FALSE,318.89,None,1
ORD102429,2024-09-16,BlueDart,Chennai-Pune,South,Express,2,2,TRUE,FALSE,FALSE,875.16,Address Issue,0
ORD102430,2024-03-22,XpressBees,Bangalore-Hyderabad,South,Standard,4,4,TRUE,TRUE,TRUE,537.41,None,0
ORD102431,2024-07-29,BlueDart,Delhi-Mumbai,North,Express,2,3,FALSE,TRUE,FALSE,1423.49,Address Issue,1
ORD102432,2024-10-27,Ekart,Mumbai-Chennai,West,Economy,7,7,TRUE,TRUE,TRUE,219.37,None,0
ORD102433,2024-02-09,BlueDart,Kolkata-Delhi,North,Economy,6,10,FALSE,TRUE,FALSE,355.56,High Volume Surge,4
ORD102434,2024-11-01,DTDC,Chennai-Pune,South,Economy,8,9,FALSE,TRUE,FALSE,259.33,Address Issue,1
ORD102435,2024-07-14,Delhivery,Kolkata-Delhi,North,Standard,4,6,FALSE,TRUE,FALSE,750.8,None,2
ORD102436,2024-06-17,Delhivery,Mumbai-Chennai,West,Express,1,1,TRUE,TRUE,TRUE,919.74,None,0
ORD102437,2024-02-07,Ekart,Kochi-Coimbatore,South,Economy,7,7,TRUE,TRUE,TRUE,198.18,None,0
ORD102438,2024-09-11,XpressBees,Bangalore-Hyderabad,South,Standard,5,7,FALSE,FALSE,FALSE,521.76,Address Issue,2
ORD102439,2024-09-15,Delhivery,Chennai-Pune,South,Economy,6,6,TRUE,TRUE,TRUE,218.29,None,0
ORD102440,2024-08-18,BlueDart,Surat-Nagpur,West,Economy,8,8,TRUE,TRUE,TRUE,203.67,None,0
ORD102441,2024-07-17,DTDC,Bhopal-Indore,Central,Economy,7,7,TRUE,TRUE,TRUE,272.84,None,0
ORD102442,2024-05-10,BlueDart,Bhopal-Indore,Central,Standard,5,5,TRUE,TRUE,TRUE,422.99,None,0
ORD102443,2024-07-19,Ekart,Kochi-Coimbatore,South,Standard,4,5,FALSE,TRUE,FALSE,456.75,Address Issue,1
ORD102444,2024-12-13,Ekart,Delhi-Mumbai,North,Economy,7,11,FALSE,TRUE,FALSE,342.64,None,4
ORD102445,2024-01-26,Delhivery,Bhopal-Indore,Central,Express,2,2,TRUE,TRUE,TRUE,901.68,None,0
ORD102446,2024-08-02,BlueDart,Bhopal-Indore,Central,Economy,6,7,FALSE,TRUE,FALSE,215.63,None,1
ORD102447,2024-09-12,Ekart,Jaipur-Ahmedabad,North,Standard,5,6,FALSE,TRUE,FALSE,441.57,None,1
ORD102448,2024-01-03,XpressBees,Bhopal-Indore,Central,Standard,4,6,FALSE,TRUE,FALSE,545.9,Address Issue,2
ORD102449,2024-12-15,BlueDart,Delhi-Mumbai,North,Standard,5,7,FALSE,TRUE,FALSE,737.07,Address Issue,2
ORD102450,2024-06-03,Ekart,Delhi-Mumbai,North,Express,2,4,FALSE,TRUE,FALSE,1058.6,None,2
ORD102451,2024-04-13,BlueDart,Chennai-Pune,South,Economy,8,9,FALSE,TRUE,FALSE,198.22,Vehicle Breakdown,1
ORD102452,2024-02-02,XpressBees,Bhopal-Indore,Central,Economy,7,7,TRUE,TRUE,TRUE,298.53,None,0
ORD102453,2024-03-19,BlueDart,Surat-Nagpur,West,Express,2,2,TRUE,FALSE,FALSE,870.78,Address Issue,0
ORD102454,2024-11-07,DTDC,Kolkata-Delhi,North,Economy,7,8,FALSE,TRUE,FALSE,349.37,Weather Delay,1
ORD102455,2024-02-03,BlueDart,Chennai-Pune,South,Express,2,2,TRUE,TRUE,TRUE,838.65,None,0
ORD102456,2024-04-17,XpressBees,Kochi-Coimbatore,South,Economy,7,10,FALSE,FALSE,FALSE,278.89,Weather Delay,3
ORD102457,2024-12-19,XpressBees,Jaipur-Ahmedabad,North,Economy,7,9,FALSE,TRUE,FALSE,280.2,Customs Hold,2
ORD102458,2024-04-24,Ekart,Surat-Nagpur,West,Economy,6,6,TRUE,TRUE,TRUE,226.12,None,0
ORD102459,2024-10-07,Ekart,Kochi-Coimbatore,South,Economy,6,6,TRUE,TRUE,TRUE,225.63,None,0
ORD102460,2024-04-29,Delhivery,Delhi-Mumbai,North,Economy,7,8,FALSE,TRUE,FALSE,281.21,Weather Delay,1
ORD102461,2024-01-09,Ekart,Mumbai-Chennai,West,Economy,8,8,TRUE,TRUE,TRUE,210.34,None,0
ORD102462,2024-08-13,Delhivery,Surat-Nagpur,West,Standard,3,3,TRUE,TRUE,TRUE,455.72,None,0
ORD102463,2024-09-19,XpressBees,Surat-Nagpur,West,Standard,5,7,FALSE,TRUE,FALSE,575.24,Weather Delay,2
ORD102464,2024-11-06,Ekart,Lucknow-Patna,East,Economy,8,11,FALSE,TRUE,FALSE,335.3,None,3
ORD102465,2024-08-07,DTDC,Jaipur-Ahmedabad,North,Standard,5,7,FALSE,FALSE,FALSE,505.62,Vehicle Breakdown,2
ORD102466,2024-02-20,Ekart,Delhi-Mumbai,North,Economy,8,10,FALSE,TRUE,FALSE,312.5,Vehicle Breakdown,2
ORD102467,2024-11-24,Delhivery,Surat-Nagpur,West,Economy,6,7,FALSE,TRUE,FALSE,235.11,None,1
ORD102468,2024-07-04,Ekart,Mumbai-Chennai,West,Express,1,2,FALSE,TRUE,FALSE,790.43,Customs Hold,1
ORD102469,2024-04-22,DTDC,Jaipur-Ahmedabad,North,Standard,4,6,FALSE,TRUE,FALSE,547.91,Vehicle Breakdown,2
ORD102470,2024-04-26,BlueDart,Surat-Nagpur,West,Standard,5,5,TRUE,TRUE,TRUE,484.55,None,0
ORD102471,2024-08-17,DTDC,Surat-Nagpur,West,Express,1,4,FALSE,TRUE,FALSE,1040.14,Driver Shortage,3
ORD102472,2024-10-30,DTDC,Delhi-Mumbai,North,Standard,4,8,FALSE,TRUE,FALSE,736.19,Vehicle Breakdown,4
ORD102473,2024-08-24,BlueDart,Bhopal-Indore,Central,Economy,8,8,TRUE,TRUE,TRUE,230.95,None,0
ORD102474,2024-10-12,BlueDart,Bhopal-Indore,Central,Standard,5,5,TRUE,TRUE,TRUE,459.23,None,0
ORD102475,2024-05-14,Ekart,Kochi-Coimbatore,South,Standard,5,6,FALSE,TRUE,FALSE,479.41,None,1
ORD102476,2024-07-23,DTDC,Bhopal-Indore,Central,Standard,4,4,TRUE,TRUE,TRUE,602.89,None,0
ORD102477,2024-12-07,Delhivery,Mumbai-Chennai,West,Express,2,2,TRUE,TRUE,TRUE,924.06,None,0
ORD102478,2024-02-21,BlueDart,Kochi-Coimbatore,South,Economy,7,7,TRUE,TRUE,TRUE,233.52,None,0
ORD102479,2024-11-28,DTDC,Bangalore-Hyderabad,South,Economy,8,11,FALSE,TRUE,FALSE,254.29,Weather Delay,3
ORD102480,2024-10-27,BlueDart,Surat-Nagpur,West,Standard,4,4,TRUE,TRUE,TRUE,409.24,None,0
ORD102481,2024-04-28,Delhivery,Bangalore-Hyderabad,South,Standard,3,3,TRUE,TRUE,TRUE,459.6,None,0
ORD102482,2024-06-10,Ekart,Kolkata-Delhi,North,Economy,8,12,FALSE,TRUE,FALSE,323.1,None,4
ORD102483,2024-06-30,XpressBees,Delhi-Mumbai,North,Standard,4,9,FALSE,TRUE,FALSE,966.58,None,5
ORD102484,2024-12-02,BlueDart,Surat-Nagpur,West,Standard,4,4,TRUE,TRUE,TRUE,473.93,None,0
ORD102485,2024-03-06,BlueDart,Kolkata-Delhi,North,Standard,4,6,FALSE,TRUE,FALSE,680.36,Address Issue,2
ORD102486,2024-07-07,DTDC,Mumbai-Chennai,West,Standard,5,7,FALSE,TRUE,FALSE,534.4,None,2
ORD102487,2024-02-22,DTDC,Bhopal-Indore,Central,Express,1,1,TRUE,FALSE,FALSE,1183.86,Driver Shortage,0
ORD102488,2024-08-15,Delhivery,Bangalore-Hyderabad,South,Economy,7,7,TRUE,TRUE,TRUE,221.57,None,0
ORD102489,2024-08-12,Ekart,Mumbai-Chennai,West,Economy,7,7,TRUE,TRUE,TRUE,223.64,None,0
ORD102490,2024-11-17,DTDC,Surat-Nagpur,West,Standard,5,5,TRUE,TRUE,TRUE,618.07,None,0
ORD102491,2024-10-21,Ekart,Chennai-Pune,South,Standard,5,5,TRUE,TRUE,TRUE,492.87,None,0
ORD102492,2024-04-21,BlueDart,Chennai-Pune,South,Express,2,3,FALSE,TRUE,FALSE,903.45,None,1
ORD102493,2024-07-06,DTDC,Bangalore-Hyderabad,South,Standard,4,5,FALSE,TRUE,FALSE,474.6,Customs Hold,1
ORD102494,2024-09-17,Delhivery,Surat-Nagpur,West,Economy,8,8,TRUE,TRUE,TRUE,208.27,None,0
ORD102495,2024-03-24,DTDC,Lucknow-Patna,East,Economy,6,9,FALSE,TRUE,FALSE,383.52,Driver Shortage,3
ORD102496,2024-05-10,Delhivery,Kolkata-Delhi,North,Express,2,4,FALSE,TRUE,FALSE,1181.33,Driver Shortage,2
ORD102497,2024-05-29,Delhivery,Bhopal-Indore,Central,Economy,7,8,FALSE,FALSE,FALSE,218.53,None,1
ORD102498,2024-11-17,XpressBees,Lucknow-Patna,East,Economy,7,9,FALSE,TRUE,FALSE,367.25,None,2
ORD102499,2024-06-21,Ekart,Surat-Nagpur,West,Economy,8,8,TRUE,TRUE,TRUE,217.45,None,0
ORD102500,2024-04-26,Delhivery,Delhi-Mumbai,North,Express,1,4,FALSE,TRUE,FALSE,1281.97,Weather Delay,3
ORD102501,2024-04-14,Ekart,Chennai-Pune,South,Economy,7,8,FALSE,TRUE,FALSE,200.58,High Volume Surge,1
ORD102502,2024-11-22,XpressBees,Surat-Nagpur,West,Standard,3,5,FALSE,TRUE,FALSE,517.77,Driver Shortage,2
ORD102503,2024-12-28,Delhivery,Kolkata-Delhi,North,Express,1,3,FALSE,TRUE,FALSE,1315.5,Customs Hold,2
ORD102504,2024-07-31,BlueDart,Bangalore-Hyderabad,South,Economy,6,7,FALSE,TRUE,FALSE,218.23,Customs Hold,1
ORD102505,2024-03-06,XpressBees,Lucknow-Patna,East,Express,1,4,FALSE,TRUE,FALSE,1609.43,None,3
ORD102506,2024-08-12,Delhivery,Bangalore-Hyderabad,South,Standard,5,5,TRUE,TRUE,TRUE,493.97,None,0
ORD102507,2024-07-25,DTDC,Lucknow-Patna,East,Express,2,5,FALSE,FALSE,FALSE,1564.8,Address Issue,3
ORD102508,2024-06-28,Ekart,Mumbai-Chennai,West,Standard,3,3,TRUE,TRUE,TRUE,474.92,None,0
ORD102509,2024-10-08,XpressBees,Mumbai-Chennai,West,Standard,4,6,FALSE,TRUE,FALSE,538.98,Weather Delay,2
ORD102510,2024-07-14,Delhivery,Lucknow-Patna,East,Standard,3,5,FALSE,TRUE,FALSE,697.17,Driver Shortage,2
ORD102511,2024-08-12,Ekart,Kochi-Coimbatore,South,Standard,5,5,TRUE,TRUE,TRUE,448.74,None,0
ORD102512,2024-06-14,Ekart,Lucknow-Patna,East,Express,2,5,FALSE,FALSE,FALSE,1467.22,High Volume Surge,3
ORD102513,2024-05-27,Delhivery,Delhi-Mumbai,North,Economy,7,9,FALSE,TRUE,FALSE,373.86,Address Issue,2
ORD102514,2024-06-02,DTDC,Chennai-Pune,South,Standard,4,4,TRUE,TRUE,TRUE,551.13,None,0
ORD102515,2024-12-22,Delhivery,Surat-Nagpur,West,Express,1,1,TRUE,TRUE,TRUE,811.92,None,0
ORD102516,2024-07-02,Ekart,Mumbai-Chennai,West,Economy,7,7,TRUE,TRUE,TRUE,206.71,None,0
ORD102517,2024-02-02,BlueDart,Mumbai-Chennai,West,Standard,5,6,FALSE,TRUE,FALSE,446.99,Vehicle Breakdown,1
ORD102518,2024-11-29,BlueDart,Bangalore-Hyderabad,South,Standard,3,3,TRUE,TRUE,TRUE,444.67,None,0
ORD102519,2024-06-08,XpressBees,Lucknow-Patna,East,Express,1,4,FALSE,TRUE,FALSE,1404.29,Weather Delay,3
ORD102520,2024-09-05,DTDC,Kolkata-Delhi,North,Express,2,3,FALSE,TRUE,FALSE,1489.96,Weather Delay,1
ORD102521,2024-08-04,BlueDart,Bhopal-Indore,Central,Economy,7,7,TRUE,FALSE,FALSE,227.54,Address Issue,0
ORD102522,2024-01-02,Delhivery,Chennai-Pune,South,Standard,4,4,TRUE,TRUE,TRUE,454.31,None,0
ORD102523,2024-05-14,XpressBees,Bangalore-Hyderabad,South,Economy,8,8,TRUE,TRUE,TRUE,266.75,None,0
ORD102524,2024-04-04,Delhivery,Bangalore-Hyderabad,South,Express,2,2,TRUE,TRUE,TRUE,798.19,None,0
ORD102525,2024-05-27,XpressBees,Bhopal-Indore,Central,Standard,5,7,FALSE,TRUE,FALSE,479.46,Vehicle Breakdown,2
ORD102526,2024-02-22,BlueDart,Mumbai-Chennai,West,Standard,3,3,TRUE,TRUE,TRUE,448.24,None,0
ORD102527,2024-04-15,BlueDart,Jaipur-Ahmedabad,North,Standard,4,4,TRUE,FALSE,FALSE,493.48,Vehicle Breakdown,0
ORD102528,2024-06-12,Delhivery,Bhopal-Indore,Central,Express,1,1,TRUE,TRUE,TRUE,770.36,None,0
ORD102529,2024-02-08,DTDC,Kolkata-Delhi,North,Express,1,4,FALSE,TRUE,FALSE,1377.24,Weather Delay,3
ORD102530,2024-04-08,Delhivery,Mumbai-Chennai,West,Standard,5,5,TRUE,TRUE,TRUE,456.83,None,0
ORD102531,2024-11-02,Delhivery,Kolkata-Delhi,North,Standard,3,7,FALSE,TRUE,FALSE,566.48,None,4
ORD102532,2024-04-05,Ekart,Chennai-Pune,South,Standard,5,5,TRUE,TRUE,TRUE,424.49,None,0
ORD102533,2024-04-08,XpressBees,Bhopal-Indore,Central,Standard,4,7,FALSE,TRUE,FALSE,472.03,Customs Hold,3
ORD102534,2024-11-21,Delhivery,Chennai-Pune,South,Economy,6,6,TRUE,TRUE,TRUE,231.02,None,0
ORD102535,2024-04-28,Delhivery,Surat-Nagpur,West,Standard,5,5,TRUE,TRUE,TRUE,447.47,None,0
ORD102536,2024-02-03,XpressBees,Jaipur-Ahmedabad,North,Express,2,4,FALSE,TRUE,FALSE,1080.82,High Volume Surge,2
ORD102537,2024-02-23,XpressBees,Chennai-Pune,South,Standard,3,4,FALSE,TRUE,FALSE,553.92,Address Issue,1
ORD102538,2024-07-20,XpressBees,Chennai-Pune,South,Standard,3,4,FALSE,TRUE,FALSE,519.8,Address Issue,1
ORD102539,2024-10-22,Ekart,Lucknow-Patna,East,Economy,6,8,FALSE,TRUE,FALSE,345.38,Driver Shortage,2
ORD102540,2024-12-28,Ekart,Bhopal-Indore,Central,Economy,6,6,TRUE,TRUE,TRUE,236.61,None,0
ORD102541,2024-11-16,XpressBees,Lucknow-Patna,East,Economy,6,8,FALSE,TRUE,FALSE,363.33,Vehicle Breakdown,2
ORD102542,2024-10-07,Delhivery,Bhopal-Indore,Central,Standard,4,4,TRUE,TRUE,TRUE,430.8,None,0
ORD102543,2024-03-16,DTDC,Jaipur-Ahmedabad,North,Economy,7,7,TRUE,TRUE,TRUE,257.83,None,0
ORD102544,2024-07-31,DTDC,Chennai-Pune,South,Standard,5,7,FALSE,TRUE,FALSE,591.82,Weather Delay,2
ORD102545,2024-12-01,Ekart,Mumbai-Chennai,West,Express,1,1,TRUE,TRUE,TRUE,897.87,None,0
ORD102546,2024-01-03,XpressBees,Kolkata-Delhi,North,Express,1,3,FALSE,TRUE,FALSE,1433.3,None,2
ORD102547,2024-10-11,Ekart,Mumbai-Chennai,West,Economy,8,9,FALSE,TRUE,FALSE,240.19,Weather Delay,1
ORD102548,2024-10-30,XpressBees,Bangalore-Hyderabad,South,Economy,7,9,FALSE,FALSE,FALSE,312.4,Vehicle Breakdown,2
ORD102549,2024-12-25,XpressBees,Chennai-Pune,South,Standard,3,4,FALSE,TRUE,FALSE,617.66,Customs Hold,1
ORD102550,2024-10-26,Ekart,Chennai-Pune,South,Standard,3,3,TRUE,TRUE,TRUE,446.4,None,0
ORD102551,2024-12-07,Ekart,Kochi-Coimbatore,South,Express,1,2,FALSE,TRUE,FALSE,809.58,Weather Delay,1
ORD102552,2024-07-28,Delhivery,Mumbai-Chennai,West,Economy,7,8,FALSE,TRUE,FALSE,222.95,None,1
ORD102553,2024-02-26,BlueDart,Surat-Nagpur,West,Standard,5,5,TRUE,TRUE,TRUE,424.86,None,0
ORD102554,2024-10-17,BlueDart,Delhi-Mumbai,North,Standard,3,4,FALSE,TRUE,FALSE,610.94,Vehicle Breakdown,1
ORD102555,2024-04-25,Ekart,Kochi-Coimbatore,South,Economy,8,8,TRUE,TRUE,TRUE,201.58,None,0
ORD102556,2024-02-21,Ekart,Kolkata-Delhi,North,Standard,3,6,FALSE,TRUE,FALSE,633.94,High Volume Surge,3
ORD102557,2024-02-06,BlueDart,Chennai-Pune,South,Economy,8,8,TRUE,TRUE,TRUE,200.73,None,0
ORD102558,2024-10-29,XpressBees,Lucknow-Patna,East,Economy,6,7,FALSE,TRUE,FALSE,377.36,Driver Shortage,1
ORD102559,2024-09-28,BlueDart,Mumbai-Chennai,West,Express,2,2,TRUE,TRUE,TRUE,771.57,None,0
ORD102560,2024-05-29,XpressBees,Bhopal-Indore,Central,Standard,3,4,FALSE,TRUE,FALSE,513.63,None,1
ORD102561,2024-03-20,BlueDart,Bangalore-Hyderabad,South,Express,2,2,TRUE,TRUE,TRUE,809.39,None,0
ORD102562,2024-10-29,Delhivery,Delhi-Mumbai,North,Standard,3,5,FALSE,TRUE,FALSE,712.46,None,2
ORD102563,2024-02-20,Delhivery,Mumbai-Chennai,West,Economy,7,7,TRUE,TRUE,TRUE,232.64,None,0
ORD102564,2024-01-09,XpressBees,Mumbai-Chennai,West,Express,1,1,TRUE,TRUE,TRUE,1056.26,None,0
ORD102565,2024-10-11,Ekart,Bangalore-Hyderabad,South,Standard,5,5,TRUE,TRUE,TRUE,488.96,None,0
ORD102566,2024-11-19,Ekart,Mumbai-Chennai,West,Express,1,1,TRUE,TRUE,TRUE,843.09,None,0
ORD102567,2024-08-11,Ekart,Chennai-Pune,South,Express,2,2,TRUE,TRUE,TRUE,868.29,None,0
ORD102568,2024-01-20,DTDC,Surat-Nagpur,West,Standard,4,5,FALSE,TRUE,FALSE,468.03,Weather Delay,1
ORD102569,2024-05-07,Ekart,Surat-Nagpur,West,Economy,6,7,FALSE,TRUE,FALSE,223.41,None,1
ORD102570,2024-06-20,BlueDart,Bangalore-Hyderabad,South,Standard,4,4,TRUE,TRUE,TRUE,426.37,None,0
ORD102571,2024-06-21,Ekart,Kolkata-Delhi,North,Express,2,6,FALSE,TRUE,FALSE,1052.39,Address Issue,4
ORD102572,2024-11-20,Ekart,Bangalore-Hyderabad,South,Express,2,2,TRUE,TRUE,TRUE,765.34,None,0
ORD102573,2024-10-04,Ekart,Jaipur-Ahmedabad,North,Standard,5,5,TRUE,TRUE,TRUE,446.99,None,0
ORD102574,2024-04-23,DTDC,Kochi-Coimbatore,South,Standard,5,7,FALSE,TRUE,FALSE,550.14,High Volume Surge,2
ORD102575,2024-07-05,BlueDart,Delhi-Mumbai,North,Standard,3,6,FALSE,TRUE,FALSE,652.62,Address Issue,3
ORD102576,2024-07-25,Ekart,Bhopal-Indore,Central,Express,1,2,FALSE,TRUE,FALSE,779.69,None,1
ORD102577,2024-08-31,Ekart,Bangalore-Hyderabad,South,Standard,4,4,TRUE,TRUE,TRUE,483.66,None,0
ORD102578,2024-08-03,BlueDart,Delhi-Mumbai,North,Express,2,5,FALSE,TRUE,FALSE,1274.85,Driver Shortage,3
ORD102579,2024-11-22,Ekart,Bangalore-Hyderabad,South,Express,2,2,TRUE,TRUE,TRUE,765.58,None,0
ORD102580,2024-08-29,XpressBees,Lucknow-Patna,East,Economy,8,11,FALSE,TRUE,FALSE,352.11,None,3
ORD102581,2024-03-16,Delhivery,Lucknow-Patna,East,Express,1,2,FALSE,TRUE,FALSE,1181.53,None,1
ORD102582,2024-09-26,Delhivery,Bangalore-Hyderabad,South,Economy,6,6,TRUE,FALSE,FALSE,210.22,Vehicle Breakdown,0
ORD102583,2024-08-19,Ekart,Kolkata-Delhi,North,Economy,8,11,FALSE,FALSE,FALSE,275.98,Address Issue,3
ORD102584,2024-06-26,BlueDart,Kochi-Coimbatore,South,Express,2,2,TRUE,TRUE,TRUE,924.12,None,0
ORD102585,2024-08-11,Ekart,Delhi-Mumbai,North,Express,2,4,FALSE,TRUE,FALSE,1292.36,Weather Delay,2
ORD102586,2024-01-21,BlueDart,Chennai-Pune,South,Economy,8,8,TRUE,TRUE,TRUE,222.49,None,0
ORD102587,2024-06-02,XpressBees,Kochi-Coimbatore,South,Economy,6,6,TRUE,TRUE,TRUE,222.01,None,0
ORD102588,2024-09-18,DTDC,Mumbai-Chennai,West,Standard,5,6,FALSE,TRUE,FALSE,591.08,None,1
ORD102589,2024-10-08,Ekart,Mumbai-Chennai,West,Standard,4,5,FALSE,TRUE,FALSE,430.91,Vehicle Breakdown,1
ORD102590,2024-01-13,Delhivery,Delhi-Mumbai,North,Express,1,3,FALSE,TRUE,FALSE,1307.64,Driver Shortage,2
ORD102591,2024-07-25,XpressBees,Kolkata-Delhi,North,Economy,8,11,FALSE,FALSE,FALSE,450.4,Vehicle Breakdown,3
ORD102592,2024-12-23,DTDC,Kochi-Coimbatore,South,Express,2,3,FALSE,TRUE,FALSE,1152.54,Address Issue,1
ORD102593,2024-03-19,DTDC,Delhi-Mumbai,North,Standard,3,8,FALSE,TRUE,FALSE,812.06,Address Issue,5
ORD102594,2024-08-19,DTDC,Bhopal-Indore,Central,Economy,7,8,FALSE,FALSE,FALSE,235.91,Vehicle Breakdown,1
ORD102595,2024-07-31,Ekart,Chennai-Pune,South,Standard,3,3,TRUE,TRUE,TRUE,417.95,None,0
ORD102596,2024-01-30,Delhivery,Mumbai-Chennai,West,Standard,5,5,TRUE,TRUE,TRUE,485.9,None,0
ORD102597,2024-11-11,Ekart,Bangalore-Hyderabad,South,Express,1,1,TRUE,TRUE,TRUE,887.89,None,0
ORD102598,2024-04-02,Delhivery,Kochi-Coimbatore,South,Economy,8,9,FALSE,TRUE,FALSE,211.26,Customs Hold,1
ORD102599,2024-05-08,BlueDart,Jaipur-Ahmedabad,North,Economy,7,7,TRUE,TRUE,TRUE,204.2,None,0
ORD102600,2024-08-20,Delhivery,Bangalore-Hyderabad,South,Standard,5,5,TRUE,TRUE,TRUE,429.65,None,0
ORD102601,2024-11-03,Ekart,Bangalore-Hyderabad,South,Express,2,2,TRUE,TRUE,TRUE,913.43,None,0
ORD102602,2024-10-26,Ekart,Mumbai-Chennai,West,Economy,7,7,TRUE,TRUE,TRUE,235.22,None,0
ORD102603,2024-12-02,XpressBees,Delhi-Mumbai,North,Express,2,6,FALSE,TRUE,FALSE,1294.15,Vehicle Breakdown,4
ORD102604,2024-03-12,DTDC,Bangalore-Hyderabad,South,Standard,5,7,FALSE,TRUE,FALSE,619.1,High Volume Surge,2
ORD102605,2024-12-19,XpressBees,Bhopal-Indore,Central,Express,1,2,FALSE,TRUE,FALSE,946.32,None,1
ORD102606,2024-03-08,DTDC,Kochi-Coimbatore,South,Express,2,2,TRUE,TRUE,TRUE,1118.7,None,0
ORD102607,2024-07-26,Ekart,Delhi-Mumbai,North,Express,2,4,FALSE,TRUE,FALSE,1134.55,None,2
ORD102608,2024-04-28,DTDC,Lucknow-Patna,East,Express,2,4,FALSE,TRUE,FALSE,1797.65,None,2
ORD102609,2024-07-02,Delhivery,Kochi-Coimbatore,South,Economy,6,6,TRUE,TRUE,TRUE,239.26,None,0
ORD102610,2024-07-10,Delhivery,Delhi-Mumbai,North,Express,1,3,FALSE,TRUE,FALSE,1134.52,Vehicle Breakdown,2
ORD102611,2024-01-12,Delhivery,Kochi-Coimbatore,South,Standard,5,6,FALSE,TRUE,FALSE,410.56,None,1
ORD102612,2024-05-23,DTDC,Bangalore-Hyderabad,South,Economy,7,8,FALSE,TRUE,FALSE,242.13,Driver Shortage,1
ORD102613,2024-01-02,BlueDart,Surat-Nagpur,West,Economy,8,8,TRUE,TRUE,TRUE,224.39,None,0
ORD102614,2024-04-21,DTDC,Surat-Nagpur,West,Economy,6,6,TRUE,TRUE,TRUE,288.85,None,0
ORD102615,2024-06-18,Delhivery,Bangalore-Hyderabad,South,Express,2,3,FALSE,TRUE,FALSE,897.91,Address Issue,1
ORD102616,2024-06-29,Ekart,Lucknow-Patna,East,Standard,5,7,FALSE,TRUE,FALSE,637.89,None,2
ORD102617,2024-03-31,DTDC,Kolkata-Delhi,North,Economy,6,10,FALSE,TRUE,FALSE,366.75,None,4
ORD102618,2024-09-01,XpressBees,Surat-Nagpur,West,Express,1,1,TRUE,TRUE,TRUE,1106.44,None,0
ORD102619,2024-03-20,BlueDart,Bhopal-Indore,Central,Standard,5,5,TRUE,TRUE,TRUE,461.25,None,0
ORD102620,2024-07-16,Delhivery,Bangalore-Hyderabad,South,Express,1,2,FALSE,TRUE,FALSE,858.01,Weather Delay,1
ORD102621,2024-07-01,XpressBees,Surat-Nagpur,West,Express,2,2,TRUE,TRUE,TRUE,972.03,None,0
ORD102622,2024-09-19,Delhivery,Kochi-Coimbatore,South,Express,1,2,FALSE,TRUE,FALSE,852.86,None,1
ORD102623,2024-01-12,XpressBees,Jaipur-Ahmedabad,North,Express,2,2,TRUE,TRUE,TRUE,924.67,None,0
ORD102624,2024-03-17,BlueDart,Delhi-Mumbai,North,Economy,6,8,FALSE,TRUE,FALSE,317.47,Driver Shortage,2
ORD102625,2024-04-16,BlueDart,Kolkata-Delhi,North,Express,1,4,FALSE,TRUE,FALSE,1273.53,High Volume Surge,3
ORD102626,2024-10-18,XpressBees,Bangalore-Hyderabad,South,Economy,8,9,FALSE,TRUE,FALSE,282.42,Address Issue,1
ORD102627,2024-12-07,Ekart,Mumbai-Chennai,West,Express,1,1,TRUE,TRUE,TRUE,897.42,None,0
ORD102628,2024-02-02,XpressBees,Delhi-Mumbai,North,Standard,3,8,FALSE,TRUE,FALSE,880.61,Address Issue,5
ORD102629,2024-12-10,XpressBees,Bangalore-Hyderabad,South,Express,2,3,FALSE,TRUE,FALSE,1018.48,Address Issue,1
ORD102630,2024-05-22,Ekart,Lucknow-Patna,East,Standard,5,8,FALSE,TRUE,FALSE,617.95,Vehicle Breakdown,3
ORD102631,2024-01-03,Ekart,Kochi-Coimbatore,South,Economy,7,7,TRUE,FALSE,FALSE,215.9,None,0
ORD102632,2024-08-01,DTDC,Lucknow-Patna,East,Express,2,5,FALSE,TRUE,FALSE,1512.31,Customs Hold,3
ORD102633,2024-10-26,Delhivery,Surat-Nagpur,West,Economy,6,6,TRUE,TRUE,TRUE,225.01,None,0
ORD102634,2024-01-03,Ekart,Kolkata-Delhi,North,Economy,7,8,FALSE,TRUE,FALSE,289.59,Address Issue,1
ORD102635,2024-12-08,Delhivery,Bangalore-Hyderabad,South,Express,2,3,FALSE,TRUE,FALSE,932.27,Driver Shortage,1
ORD102636,2024-12-01,Ekart,Delhi-Mumbai,North,Standard,4,8,FALSE,TRUE,FALSE,557.17,Driver Shortage,4
ORD102637,2024-05-04,XpressBees,Delhi-Mumbai,North,Express,1,4,FALSE,FALSE,FALSE,1643.47,Vehicle Breakdown,3
ORD102638,2024-07-23,XpressBees,Kolkata-Delhi,North,Economy,8,11,FALSE,TRUE,FALSE,349.83,Customs Hold,3
ORD102639,2024-08-06,BlueDart,Surat-Nagpur,West,Standard,3,4,FALSE,TRUE,FALSE,465.38,High Volume Surge,1
ORD102640,2024-09-22,BlueDart,Kolkata-Delhi,North,Express,1,2,FALSE,FALSE,FALSE,1225.53,Driver Shortage,1
ORD102641,2024-08-04,DTDC,Chennai-Pune,South,Standard,3,4,FALSE,TRUE,FALSE,539.28,Vehicle Breakdown,1
ORD102642,2024-11-22,DTDC,Surat-Nagpur,West,Standard,3,5,FALSE,TRUE,FALSE,568.95,Driver Shortage,2
ORD102643,2024-05-26,Delhivery,Mumbai-Chennai,West,Standard,3,3,TRUE,TRUE,TRUE,427.79,None,0
ORD102644,2024-11-14,DTDC,Lucknow-Patna,East,Express,1,6,FALSE,TRUE,FALSE,1534.45,None,5
ORD102645,2024-02-09,BlueDart,Jaipur-Ahmedabad,North,Economy,6,6,TRUE,FALSE,FALSE,226.74,Weather Delay,0
ORD102646,2024-09-28,Ekart,Mumbai-Chennai,West,Standard,4,4,TRUE,TRUE,TRUE,475.84,None,0
ORD102647,2024-06-27,DTDC,Delhi-Mumbai,North,Express,1,6,FALSE,TRUE,FALSE,1286.33,None,5
ORD102648,2024-09-01,XpressBees,Lucknow-Patna,East,Economy,7,10,FALSE,TRUE,FALSE,337.26,Vehicle Breakdown,3
ORD102649,2024-06-11,XpressBees,Chennai-Pune,South,Standard,4,6,FALSE,TRUE,FALSE,497.41,High Volume Surge,2
ORD102650,2024-08-24,Ekart,Lucknow-Patna,East,Standard,3,6,FALSE,TRUE,FALSE,644.38,Vehicle Breakdown,3
ORD102651,2024-08-05,XpressBees,Mumbai-Chennai,West,Economy,8,10,FALSE,TRUE,FALSE,226.48,Customs Hold,2
ORD102652,2024-04-13,XpressBees,Bhopal-Indore,Central,Express,1,4,FALSE,TRUE,FALSE,971.75,High Volume Surge,3
ORD102653,2024-07-10,Delhivery,Kolkata-Delhi,North,Standard,3,5,FALSE,TRUE,FALSE,678.29,Vehicle Breakdown,2
ORD102654,2024-07-08,Ekart,Kolkata-Delhi,North,Standard,5,8,FALSE,TRUE,FALSE,634.23,None,3
ORD102655,2024-12-24,Ekart,Kolkata-Delhi,North,Express,1,4,FALSE,TRUE,FALSE,1242.31,None,3
ORD102656,2024-05-17,Ekart,Surat-Nagpur,West,Economy,6,6,TRUE,TRUE,TRUE,221.73,None,0
ORD102657,2024-08-24,XpressBees,Lucknow-Patna,East,Economy,7,10,FALSE,TRUE,FALSE,392.84,Vehicle Breakdown,3
ORD102658,2024-03-25,XpressBees,Bangalore-Hyderabad,South,Standard,4,6,FALSE,TRUE,FALSE,488.33,Weather Delay,2
ORD102659,2024-01-03,Delhivery,Jaipur-Ahmedabad,North,Economy,7,7,TRUE,TRUE,TRUE,240.6,None,0
ORD102660,2024-10-11,XpressBees,Bhopal-Indore,Central,Express,1,4,FALSE,FALSE,FALSE,953.66,Vehicle Breakdown,3
ORD102661,2024-09-03,XpressBees,Bangalore-Hyderabad,South,Standard,4,5,FALSE,FALSE,FALSE,540.01,Driver Shortage,1
ORD102662,2024-03-13,XpressBees,Bhopal-Indore,Central,Express,1,3,FALSE,FALSE,FALSE,1012.23,None,2
ORD102663,2024-01-27,Delhivery,Chennai-Pune,South,Express,2,2,TRUE,TRUE,TRUE,916.04,None,0
ORD102664,2024-03-02,XpressBees,Jaipur-Ahmedabad,North,Economy,8,10,FALSE,FALSE,FALSE,292.28,Customs Hold,2
ORD102665,2024-07-27,DTDC,Kochi-Coimbatore,South,Economy,7,8,FALSE,TRUE,FALSE,260.76,Customs Hold,1
ORD102666,2024-05-16,BlueDart,Chennai-Pune,South,Economy,8,9,FALSE,TRUE,FALSE,208.32,None,1
ORD102667,2024-12-11,BlueDart,Delhi-Mumbai,North,Economy,8,10,FALSE,TRUE,FALSE,325.52,None,2
ORD102668,2024-05-04,Ekart,Lucknow-Patna,East,Express,2,5,FALSE,TRUE,FALSE,1229.28,Address Issue,3
ORD102669,2024-05-04,BlueDart,Kochi-Coimbatore,South,Standard,3,3,TRUE,TRUE,TRUE,448.04,None,0
ORD102670,2024-02-05,BlueDart,Lucknow-Patna,East,Express,2,4,FALSE,TRUE,FALSE,1221.3,Weather Delay,2
ORD102671,2024-05-13,Delhivery,Lucknow-Patna,East,Standard,3,4,FALSE,TRUE,FALSE,641.15,None,1
ORD102672,2024-09-13,Ekart,Surat-Nagpur,West,Economy,7,7,TRUE,TRUE,TRUE,210.72,None,0
ORD102673,2024-05-09,Ekart,Kolkata-Delhi,North,Standard,3,6,FALSE,TRUE,FALSE,658.3,None,3
ORD102674,2024-04-16,Delhivery,Lucknow-Patna,East,Economy,8,11,FALSE,TRUE,FALSE,313.6,None,3
ORD102675,2024-06-19,XpressBees,Mumbai-Chennai,West,Economy,6,9,FALSE,TRUE,FALSE,249.35,High Volume Surge,3
ORD102676,2024-12-02,DTDC,Chennai-Pune,South,Express,2,4,FALSE,TRUE,FALSE,854,Driver Shortage,2
ORD102677,2024-07-12,BlueDart,Bangalore-Hyderabad,South,Economy,7,7,TRUE,TRUE,TRUE,227.33,None,0
ORD102678,2024-11-29,Ekart,Delhi-Mumbai,North,Express,1,4,FALSE,TRUE,FALSE,1313.91,None,3
ORD102679,2024-07-14,BlueDart,Kolkata-Delhi,North,Economy,8,11,FALSE,TRUE,FALSE,302.27,Vehicle Breakdown,3
ORD102680,2024-01-27,Delhivery,Kochi-Coimbatore,South,Express,1,1,TRUE,TRUE,TRUE,771.41,None,0
ORD102681,2024-01-23,DTDC,Bhopal-Indore,Central,Economy,6,7,FALSE,TRUE,FALSE,290.96,High Volume Surge,1
ORD102682,2024-12-15,DTDC,Bangalore-Hyderabad,South,Economy,6,7,FALSE,FALSE,FALSE,289.5,High Volume Surge,1
ORD102683,2024-11-25,DTDC,Delhi-Mumbai,North,Economy,6,8,FALSE,TRUE,FALSE,369.38,High Volume Surge,2
ORD102684,2024-12-23,DTDC,Delhi-Mumbai,North,Express,1,5,FALSE,TRUE,FALSE,1629.17,Customs Hold,4
ORD102685,2024-06-27,XpressBees,Chennai-Pune,South,Express,2,4,FALSE,FALSE,FALSE,1182.92,None,2
ORD102686,2024-11-05,Delhivery,Bhopal-Indore,Central,Economy,8,8,TRUE,FALSE,FALSE,224.97,Vehicle Breakdown,0
ORD102687,2024-03-12,DTDC,Surat-Nagpur,West,Economy,7,7,TRUE,TRUE,TRUE,299.55,None,0
ORD102688,2024-02-20,DTDC,Lucknow-Patna,East,Express,2,6,FALSE,TRUE,FALSE,1545.8,Driver Shortage,4
ORD102689,2024-12-06,XpressBees,Bhopal-Indore,Central,Standard,4,4,TRUE,TRUE,TRUE,520.88,None,0
ORD102690,2024-10-30,BlueDart,Jaipur-Ahmedabad,North,Express,2,2,TRUE,TRUE,TRUE,833.26,None,0
ORD102691,2024-12-24,Delhivery,Bangalore-Hyderabad,South,Standard,4,5,FALSE,TRUE,FALSE,479.77,High Volume Surge,1
ORD102692,2024-01-01,XpressBees,Kolkata-Delhi,North,Economy,7,9,FALSE,TRUE,FALSE,409.79,High Volume Surge,2
ORD102693,2024-02-24,Ekart,Surat-Nagpur,West,Economy,8,8,TRUE,TRUE,TRUE,222.89,None,0
ORD102694,2024-09-10,Ekart,Bangalore-Hyderabad,South,Standard,5,6,FALSE,TRUE,FALSE,418.71,High Volume Surge,1
ORD102695,2024-05-28,Ekart,Lucknow-Patna,East,Express,1,4,FALSE,TRUE,FALSE,1195.32,Driver Shortage,3
ORD102696,2024-06-29,XpressBees,Mumbai-Chennai,West,Express,2,4,FALSE,TRUE,FALSE,883.87,High Volume Surge,2
ORD102697,2024-11-29,Ekart,Lucknow-Patna,East,Express,2,3,FALSE,TRUE,FALSE,1166.72,None,1
ORD102698,2024-04-02,BlueDart,Jaipur-Ahmedabad,North,Express,1,1,TRUE,TRUE,TRUE,884.68,None,0
ORD102699,2024-04-10,XpressBees,Bhopal-Indore,Central,Economy,7,9,FALSE,TRUE,FALSE,277.25,High Volume Surge,2
ORD102700,2024-05-20,BlueDart,Delhi-Mumbai,North,Express,1,3,FALSE,TRUE,FALSE,1317.18,None,2
ORD102701,2024-11-05,DTDC,Bangalore-Hyderabad,South,Express,2,4,FALSE,FALSE,FALSE,913.08,None,2
ORD102702,2024-01-11,BlueDart,Kolkata-Delhi,North,Economy,8,10,FALSE,TRUE,FALSE,305.07,Vehicle Breakdown,2
ORD102703,2024-05-02,Ekart,Bangalore-Hyderabad,South,Express,2,3,FALSE,TRUE,FALSE,884.3,Address Issue,1
ORD102704,2024-06-05,Ekart,Surat-Nagpur,West,Express,2,3,FALSE,TRUE,FALSE,882.36,Address Issue,1
ORD102705,2024-05-09,DTDC,Lucknow-Patna,East,Standard,4,8,FALSE,FALSE,FALSE,862.05,Address Issue,4
ORD102706,2024-10-08,Delhivery,Jaipur-Ahmedabad,North,Standard,4,4,TRUE,TRUE,TRUE,463.98,None,0
ORD102707,2024-04-27,XpressBees,Bhopal-Indore,Central,Standard,5,5,TRUE,TRUE,TRUE,572.76,None,0
ORD102708,2024-06-09,DTDC,Jaipur-Ahmedabad,North,Standard,5,6,FALSE,TRUE,FALSE,563.67,High Volume Surge,1
ORD102709,2024-03-22,Delhivery,Kolkata-Delhi,North,Express,2,4,FALSE,TRUE,FALSE,1107.91,Vehicle Breakdown,2
ORD102710,2024-01-17,DTDC,Lucknow-Patna,East,Economy,6,11,FALSE,TRUE,FALSE,470.44,High Volume Surge,5
ORD102711,2024-01-17,BlueDart,Jaipur-Ahmedabad,North,Economy,7,7,TRUE,TRUE,TRUE,213.89,None,0
ORD102712,2024-08-22,Delhivery,Kochi-Coimbatore,South,Economy,7,8,FALSE,TRUE,FALSE,230.24,None,1
ORD102713,2024-10-29,Ekart,Kolkata-Delhi,North,Express,1,4,FALSE,TRUE,FALSE,1320.04,Vehicle Breakdown,3
ORD102714,2024-02-02,Ekart,Jaipur-Ahmedabad,North,Economy,7,7,TRUE,TRUE,TRUE,238.72,None,0
ORD102715,2024-06-24,Delhivery,Lucknow-Patna,East,Standard,5,7,FALSE,TRUE,FALSE,701.92,Address Issue,2
ORD102716,2024-12-16,Delhivery,Delhi-Mumbai,North,Economy,6,8,FALSE,TRUE,FALSE,319.54,Address Issue,2
ORD102717,2024-05-02,Delhivery,Kolkata-Delhi,North,Standard,5,7,FALSE,TRUE,FALSE,737.77,None,2
ORD102718,2024-08-10,DTDC,Jaipur-Ahmedabad,North,Express,2,3,FALSE,TRUE,FALSE,1154.28,None,1
ORD102719,2024-06-28,Delhivery,Lucknow-Patna,East,Economy,7,8,FALSE,TRUE,FALSE,320.55,Driver Shortage,1
ORD102720,2024-01-21,Ekart,Jaipur-Ahmedabad,North,Standard,3,3,TRUE,TRUE,TRUE,443.82,None,0
ORD102721,2024-06-04,BlueDart,Kochi-Coimbatore,South,Economy,6,6,TRUE,TRUE,TRUE,218.97,None,0
ORD102722,2024-08-01,Ekart,Jaipur-Ahmedabad,North,Standard,5,5,TRUE,TRUE,TRUE,467.87,None,0
ORD102723,2024-02-14,XpressBees,Bangalore-Hyderabad,South,Express,1,3,FALSE,TRUE,FALSE,987.01,Vehicle Breakdown,2
ORD102724,2024-09-20,XpressBees,Jaipur-Ahmedabad,North,Standard,4,6,FALSE,TRUE,FALSE,476.86,Weather Delay,2
ORD102725,2024-11-04,DTDC,Chennai-Pune,South,Express,2,3,FALSE,FALSE,FALSE,948.9,Weather Delay,1
ORD102726,2024-06-20,Delhivery,Lucknow-Patna,East,Express,1,4,FALSE,TRUE,FALSE,1214.69,None,3
ORD102727,2024-04-26,Ekart,Delhi-Mumbai,North,Economy,8,11,FALSE,TRUE,FALSE,304.68,Customs Hold,3
ORD102728,2024-10-11,Delhivery,Mumbai-Chennai,West,Express,2,2,TRUE,TRUE,TRUE,855.27,None,0
ORD102729,2024-05-29,BlueDart,Bhopal-Indore,Central,Standard,5,5,TRUE,TRUE,TRUE,413.14,None,0
ORD102730,2024-12-13,BlueDart,Bangalore-Hyderabad,South,Express,2,2,TRUE,TRUE,TRUE,827.27,None,0
ORD102731,2024-08-14,DTDC,Bangalore-Hyderabad,South,Express,1,1,TRUE,TRUE,TRUE,1069.36,None,0
ORD102732,2024-12-28,XpressBees,Lucknow-Patna,East,Express,1,4,FALSE,TRUE,FALSE,1223.67,High Volume Surge,3
ORD102733,2024-12-06,Ekart,Kolkata-Delhi,North,Express,2,5,FALSE,TRUE,FALSE,1408.99,Vehicle Breakdown,3
ORD102734,2024-12-10,XpressBees,Kochi-Coimbatore,South,Standard,3,5,FALSE,TRUE,FALSE,551.21,None,2
ORD102735,2024-08-06,DTDC,Surat-Nagpur,West,Express,2,3,FALSE,TRUE,FALSE,905.6,None,1
ORD102736,2024-07-22,DTDC,Bangalore-Hyderabad,South,Express,1,4,FALSE,TRUE,FALSE,968.74,Vehicle Breakdown,3
ORD102737,2024-09-04,BlueDart,Kochi-Coimbatore,South,Standard,4,4,TRUE,TRUE,TRUE,444.16,None,0
ORD102738,2024-10-31,BlueDart,Mumbai-Chennai,West,Standard,3,4,FALSE,TRUE,FALSE,444.79,None,1
ORD102739,2024-01-06,BlueDart,Kochi-Coimbatore,South,Standard,3,3,TRUE,TRUE,TRUE,433.6,None,0
ORD102740,2024-01-18,BlueDart,Bangalore-Hyderabad,South,Express,2,2,TRUE,TRUE,TRUE,859.34,None,0
ORD102741,2024-11-28,Ekart,Kolkata-Delhi,North,Economy,7,8,FALSE,TRUE,FALSE,316.17,Vehicle Breakdown,1
ORD102742,2024-12-30,Ekart,Delhi-Mumbai,North,Express,1,4,FALSE,TRUE,FALSE,1184.95,High Volume Surge,3
ORD102743,2024-03-08,Delhivery,Bangalore-Hyderabad,South,Standard,5,5,TRUE,FALSE,FALSE,484.98,Driver Shortage,0
ORD102744,2024-07-11,Delhivery,Surat-Nagpur,West,Express,1,1,TRUE,TRUE,TRUE,806.58,None,0
ORD102745,2024-04-30,BlueDart,Delhi-Mumbai,North,Economy,7,8,FALSE,FALSE,FALSE,311.01,None,1
ORD102746,2024-12-10,BlueDart,Bangalore-Hyderabad,South,Economy,8,8,TRUE,TRUE,TRUE,201.38,None,0
ORD102747,2024-05-05,DTDC,Lucknow-Patna,East,Express,2,4,FALSE,TRUE,FALSE,1413.26,Customs Hold,2
ORD102748,2024-05-11,DTDC,Lucknow-Patna,East,Express,2,7,FALSE,TRUE,FALSE,1254.16,Weather Delay,5
ORD102749,2024-11-30,BlueDart,Mumbai-Chennai,West,Standard,3,4,FALSE,TRUE,FALSE,426.73,Weather Delay,1
ORD102750,2024-02-26,DTDC,Bhopal-Indore,Central,Standard,3,3,TRUE,TRUE,TRUE,497.14,None,0
ORD102751,2024-08-03,BlueDart,Kochi-Coimbatore,South,Economy,7,7,TRUE,TRUE,TRUE,239.13,None,0
ORD102752,2024-04-30,XpressBees,Kochi-Coimbatore,South,Express,2,3,FALSE,TRUE,FALSE,894.6,Weather Delay,1
ORD102753,2024-03-09,XpressBees,Surat-Nagpur,West,Economy,8,9,FALSE,TRUE,FALSE,264.75,Weather Delay,1
ORD102754,2024-05-26,XpressBees,Lucknow-Patna,East,Standard,5,6,FALSE,TRUE,FALSE,692.48,Customs Hold,1
ORD102755,2024-03-31,Delhivery,Delhi-Mumbai,North,Economy,6,7,FALSE,TRUE,FALSE,335.61,Customs Hold,1
ORD102756,2024-08-01,XpressBees,Surat-Nagpur,West,Express,1,1,TRUE,TRUE,TRUE,1012.06,None,0
ORD102757,2024-02-27,Ekart,Mumbai-Chennai,West,Express,1,1,TRUE,TRUE,TRUE,851.93,None,0
ORD102758,2024-06-09,XpressBees,Kochi-Coimbatore,South,Economy,8,9,FALSE,TRUE,FALSE,259.21,Customs Hold,1
ORD102759,2024-01-15,DTDC,Lucknow-Patna,East,Economy,7,13,FALSE,TRUE,FALSE,383.73,None,6
ORD102760,2024-04-02,DTDC,Chennai-Pune,South,Express,2,4,FALSE,TRUE,FALSE,1040.37,High Volume Surge,2
ORD102761,2024-05-15,DTDC,Bangalore-Hyderabad,South,Express,1,2,FALSE,TRUE,FALSE,991.13,None,1
ORD102762,2024-04-08,XpressBees,Delhi-Mumbai,North,Economy,8,11,FALSE,FALSE,FALSE,331.1,High Volume Surge,3
ORD102763,2024-11-09,BlueDart,Delhi-Mumbai,North,Economy,6,9,FALSE,TRUE,FALSE,340.63,High Volume Surge,3
ORD102764,2024-11-03,Ekart,Bhopal-Indore,Central,Economy,7,7,TRUE,TRUE,TRUE,217.75,None,0
ORD102765,2024-07-01,Ekart,Delhi-Mumbai,North,Express,1,3,FALSE,TRUE,FALSE,1259.38,Customs Hold,2
ORD102766,2024-01-05,BlueDart,Bhopal-Indore,Central,Economy,8,8,TRUE,TRUE,TRUE,237.22,None,0
ORD102767,2024-02-18,BlueDart,Lucknow-Patna,East,Standard,3,6,FALSE,TRUE,FALSE,678.78,None,3
ORD102768,2024-11-01,DTDC,Bangalore-Hyderabad,South,Standard,4,6,FALSE,TRUE,FALSE,590.51,None,2
ORD102769,2024-10-29,DTDC,Chennai-Pune,South,Standard,3,4,FALSE,FALSE,FALSE,537.58,Driver Shortage,1
ORD102770,2024-02-09,DTDC,Kochi-Coimbatore,South,Express,2,4,FALSE,TRUE,FALSE,898.46,Customs Hold,2
ORD102771,2024-02-09,XpressBees,Lucknow-Patna,East,Standard,3,8,FALSE,FALSE,FALSE,748.69,Vehicle Breakdown,5
ORD102772,2024-08-31,DTDC,Surat-Nagpur,West,Economy,7,8,FALSE,TRUE,FALSE,253.23,Vehicle Breakdown,1
ORD102773,2024-12-14,DTDC,Bangalore-Hyderabad,South,Standard,5,6,FALSE,TRUE,FALSE,496.08,Vehicle Breakdown,1
ORD102774,2024-06-13,DTDC,Kochi-Coimbatore,South,Economy,6,7,FALSE,TRUE,FALSE,269.83,Vehicle Breakdown,1
ORD102775,2024-04-04,BlueDart,Jaipur-Ahmedabad,North,Standard,4,4,TRUE,TRUE,TRUE,468.05,None,0
ORD102776,2024-12-27,DTDC,Jaipur-Ahmedabad,North,Express,2,4,FALSE,TRUE,FALSE,1003.05,Vehicle Breakdown,2
ORD102777,2024-10-11,XpressBees,Kolkata-Delhi,North,Express,1,7,FALSE,TRUE,FALSE,1354.79,None,6
ORD102778,2024-11-04,Ekart,Chennai-Pune,South,Express,1,1,TRUE,TRUE,TRUE,896.92,None,0
ORD102779,2024-06-05,BlueDart,Kolkata-Delhi,North,Standard,5,7,FALSE,TRUE,FALSE,689.09,Driver Shortage,2
ORD102780,2024-11-08,DTDC,Jaipur-Ahmedabad,North,Economy,7,7,TRUE,TRUE,TRUE,267.04,None,0
ORD102781,2024-11-29,Delhivery,Kochi-Coimbatore,South,Economy,6,7,FALSE,TRUE,FALSE,232.16,None,1
ORD102782,2024-04-08,XpressBees,Mumbai-Chennai,West,Standard,5,5,TRUE,TRUE,TRUE,526.94,None,0
ORD102783,2024-03-08,XpressBees,Lucknow-Patna,East,Express,2,5,FALSE,TRUE,FALSE,1215.59,Address Issue,3
ORD102784,2024-04-27,Delhivery,Bangalore-Hyderabad,South,Economy,7,7,TRUE,TRUE,TRUE,221.11,None,0
ORD102785,2024-06-07,XpressBees,Delhi-Mumbai,North,Economy,6,9,FALSE,TRUE,FALSE,364.34,None,3
ORD102786,2024-01-16,Ekart,Chennai-Pune,South,Express,2,2,TRUE,TRUE,TRUE,932.49,None,0
ORD102787,2024-07-29,Ekart,Bangalore-Hyderabad,South,Express,2,2,TRUE,TRUE,TRUE,817.3,None,0
ORD102788,2024-05-20,BlueDart,Jaipur-Ahmedabad,North,Express,2,2,TRUE,TRUE,TRUE,835.81,None,0
ORD102789,2024-01-20,DTDC,Delhi-Mumbai,North,Economy,7,10,FALSE,TRUE,FALSE,365.41,None,3
ORD102790,2024-12-16,Ekart,Jaipur-Ahmedabad,North,Economy,6,6,TRUE,TRUE,TRUE,241.57,None,0
ORD102791,2024-01-14,BlueDart,Kochi-Coimbatore,South,Economy,6,7,FALSE,TRUE,FALSE,227.37,Weather Delay,1
ORD102792,2024-03-30,Ekart,Kolkata-Delhi,North,Standard,4,7,FALSE,TRUE,FALSE,728,None,3
ORD102793,2024-10-18,XpressBees,Kolkata-Delhi,North,Standard,5,9,FALSE,TRUE,FALSE,792.66,Weather Delay,4
ORD102794,2024-06-05,BlueDart,Chennai-Pune,South,Express,1,1,TRUE,TRUE,TRUE,899.82,None,0
ORD102795,2024-12-10,Ekart,Bangalore-Hyderabad,South,Economy,8,8,TRUE,TRUE,TRUE,214.66,None,0
ORD102796,2024-05-01,DTDC,Bangalore-Hyderabad,South,Economy,6,8,FALSE,TRUE,FALSE,287.15,Vehicle Breakdown,2
ORD102797,2024-07-14,Delhivery,Chennai-Pune,South,Standard,4,4,TRUE,TRUE,TRUE,471.38,None,0
ORD102798,2024-07-15,DTDC,Lucknow-Patna,East,Standard,5,9,FALSE,TRUE,FALSE,702.1,Vehicle Breakdown,4
ORD102799,2024-10-22,Delhivery,Kochi-Coimbatore,South,Economy,7,7,TRUE,FALSE,FALSE,209.84,Weather Delay,0
ORD102800,2024-09-02,Delhivery,Jaipur-Ahmedabad,North,Economy,8,8,TRUE,TRUE,TRUE,236.68,None,0
ORD102801,2024-07-26,Delhivery,Delhi-Mumbai,North,Economy,7,11,FALSE,TRUE,FALSE,305.88,Customs Hold,4
ORD102802,2024-01-03,BlueDart,Jaipur-Ahmedabad,North,Standard,4,4,TRUE,TRUE,TRUE,452.07,None,0
ORD102803,2024-07-12,DTDC,Delhi-Mumbai,North,Economy,7,10,FALSE,TRUE,FALSE,368.04,Driver Shortage,3
ORD102804,2024-01-12,XpressBees,Bhopal-Indore,Central,Standard,4,6,FALSE,TRUE,FALSE,489.92,Driver Shortage,2
ORD102805,2024-08-17,DTDC,Lucknow-Patna,East,Express,1,6,FALSE,TRUE,FALSE,1372.07,Driver Shortage,5
ORD102806,2024-01-01,Ekart,Mumbai-Chennai,West,Standard,4,4,TRUE,TRUE,TRUE,470.51,None,0
ORD102807,2024-05-29,BlueDart,Jaipur-Ahmedabad,North,Economy,8,9,FALSE,TRUE,FALSE,228.19,Driver Shortage,1
ORD102808,2024-11-08,DTDC,Chennai-Pune,South,Economy,8,8,TRUE,TRUE,TRUE,274.51,None,0
ORD102809,2024-04-27,DTDC,Lucknow-Patna,East,Economy,7,9,FALSE,TRUE,FALSE,328.95,High Volume Surge,2
ORD102810,2024-05-15,Ekart,Surat-Nagpur,West,Standard,3,3,TRUE,TRUE,TRUE,472.45,None,0
ORD102811,2024-06-18,DTDC,Bangalore-Hyderabad,South,Standard,3,4,FALSE,TRUE,FALSE,524.53,Vehicle Breakdown,1
ORD102812,2024-02-06,Delhivery,Delhi-Mumbai,North,Economy,7,11,FALSE,TRUE,FALSE,290.03,High Volume Surge,4
ORD102813,2024-07-16,Delhivery,Lucknow-Patna,East,Economy,8,10,FALSE,TRUE,FALSE,316.59,None,2
ORD102814,2024-08-12,Ekart,Kolkata-Delhi,North,Economy,7,8,FALSE,TRUE,FALSE,307.31,Vehicle Breakdown,1
ORD102815,2024-09-14,DTDC,Bhopal-Indore,Central,Standard,5,6,FALSE,TRUE,FALSE,517.86,Driver Shortage,1
ORD102816,2024-07-17,Delhivery,Jaipur-Ahmedabad,North,Economy,7,8,FALSE,TRUE,FALSE,214.55,Vehicle Breakdown,1
ORD102817,2024-07-25,XpressBees,Jaipur-Ahmedabad,North,Express,1,2,FALSE,TRUE,FALSE,943.52,Address Issue,1
ORD102818,2024-04-23,DTDC,Bhopal-Indore,Central,Standard,5,7,FALSE,TRUE,FALSE,562.29,None,2
ORD102819,2024-08-16,XpressBees,Jaipur-Ahmedabad,North,Economy,7,8,FALSE,TRUE,FALSE,249.84,Weather Delay,1
ORD102820,2024-07-17,Ekart,Chennai-Pune,South,Standard,4,5,FALSE,TRUE,FALSE,420.58,Vehicle Breakdown,1
ORD102821,2024-05-15,XpressBees,Kolkata-Delhi,North,Standard,5,9,FALSE,TRUE,FALSE,921.9,Customs Hold,4
ORD102822,2024-09-14,Ekart,Surat-Nagpur,West,Economy,7,7,TRUE,TRUE,TRUE,239.4,None,0
ORD102823,2024-05-09,Delhivery,Jaipur-Ahmedabad,North,Economy,7,7,TRUE,TRUE,TRUE,218.23,None,0
ORD102824,2024-09-02,Delhivery,Delhi-Mumbai,North,Standard,4,7,FALSE,TRUE,FALSE,593.72,None,3
ORD102825,2024-04-16,XpressBees,Lucknow-Patna,East,Standard,3,8,FALSE,TRUE,FALSE,732.74,Driver Shortage,5
ORD102826,2024-09-16,DTDC,Delhi-Mumbai,North,Economy,6,9,FALSE,TRUE,FALSE,330.68,Driver Shortage,3
ORD102827,2024-06-19,Delhivery,Bangalore-Hyderabad,South,Economy,7,7,TRUE,TRUE,TRUE,221.11,None,0
ORD102828,2024-12-15,Ekart,Lucknow-Patna,East,Express,2,3,FALSE,TRUE,FALSE,1118.07,Driver Shortage,1
ORD102829,2024-07-04,BlueDart,Delhi-Mumbai,North,Standard,4,5,FALSE,TRUE,FALSE,727.41,Driver Shortage,1
ORD102830,2024-08-17,BlueDart,Lucknow-Patna,East,Express,2,4,FALSE,TRUE,FALSE,1218.44,Driver Shortage,2
ORD102831,2024-07-28,XpressBees,Chennai-Pune,South,Standard,3,4,FALSE,TRUE,FALSE,489.85,Driver Shortage,1
ORD102832,2024-10-07,XpressBees,Bhopal-Indore,Central,Economy,6,8,FALSE,TRUE,FALSE,269.02,Customs Hold,2
ORD102833,2024-11-24,DTDC,Bangalore-Hyderabad,South,Express,2,4,FALSE,TRUE,FALSE,1013.27,High Volume Surge,2
ORD102834,2024-01-02,BlueDart,Kochi-Coimbatore,South,Standard,5,5,TRUE,TRUE,TRUE,467.25,None,0
ORD102835,2024-05-03,DTDC,Bangalore-Hyderabad,South,Economy,6,8,FALSE,TRUE,FALSE,269.32,Driver Shortage,2
ORD102836,2024-02-15,DTDC,Kochi-Coimbatore,South,Standard,3,3,TRUE,TRUE,TRUE,497.01,None,0
ORD102837,2024-05-09,XpressBees,Bhopal-Indore,Central,Standard,3,5,FALSE,TRUE,FALSE,540.21,Weather Delay,2
ORD102838,2024-11-06,DTDC,Surat-Nagpur,West,Standard,3,5,FALSE,TRUE,FALSE,483.39,None,2
ORD102839,2024-09-15,Ekart,Chennai-Pune,South,Express,1,1,TRUE,TRUE,TRUE,803.41,None,0
ORD102840,2024-06-03,Delhivery,Surat-Nagpur,West,Standard,3,4,FALSE,TRUE,FALSE,488.31,Customs Hold,1
ORD102841,2024-01-05,Delhivery,Mumbai-Chennai,West,Express,1,1,TRUE,TRUE,TRUE,879.63,None,0
ORD102842,2024-08-02,Ekart,Bangalore-Hyderabad,South,Economy,7,7,TRUE,TRUE,TRUE,239.57,None,0
ORD102843,2024-11-04,DTDC,Jaipur-Ahmedabad,North,Express,2,2,TRUE,TRUE,TRUE,1050.62,None,0
ORD102844,2024-12-27,Ekart,Jaipur-Ahmedabad,North,Economy,8,8,TRUE,TRUE,TRUE,220.99,None,0
ORD102845,2024-02-26,Delhivery,Mumbai-Chennai,West,Economy,7,7,TRUE,TRUE,TRUE,220.83,None,0
ORD102846,2024-10-07,XpressBees,Lucknow-Patna,East,Standard,5,6,FALSE,TRUE,FALSE,688.72,Weather Delay,1
ORD102847,2024-03-21,BlueDart,Delhi-Mumbai,North,Express,1,4,FALSE,TRUE,FALSE,1161.69,Address Issue,3
ORD102848,2024-03-29,DTDC,Mumbai-Chennai,West,Standard,5,6,FALSE,TRUE,FALSE,610.12,Weather Delay,1
ORD102849,2024-05-07,DTDC,Mumbai-Chennai,West,Standard,3,4,FALSE,TRUE,FALSE,560.25,Vehicle Breakdown,1
ORD102850,2024-02-02,Ekart,Mumbai-Chennai,West,Economy,7,7,TRUE,TRUE,TRUE,200.37,None,0
ORD102851,2024-08-18,Delhivery,Jaipur-Ahmedabad,North,Express,1,1,TRUE,TRUE,TRUE,815.46,None,0
ORD102852,2024-07-27,DTDC,Surat-Nagpur,West,Express,1,2,FALSE,TRUE,FALSE,1061.99,Customs Hold,1
ORD102853,2024-03-13,Delhivery,Lucknow-Patna,East,Economy,7,9,FALSE,TRUE,FALSE,353.44,Weather Delay,2
ORD102854,2024-08-02,DTDC,Lucknow-Patna,East,Economy,7,9,FALSE,TRUE,FALSE,461.79,Weather Delay,2
ORD102855,2024-09-26,XpressBees,Mumbai-Chennai,West,Economy,7,9,FALSE,FALSE,FALSE,303.23,Driver Shortage,2
ORD102856,2024-10-01,Delhivery,Bangalore-Hyderabad,South,Economy,7,7,TRUE,TRUE,TRUE,203.43,None,0
ORD102857,2024-07-24,XpressBees,Bangalore-Hyderabad,South,Economy,6,6,TRUE,TRUE,TRUE,286.55,None,0
ORD102858,2024-02-14,XpressBees,Bangalore-Hyderabad,South,Economy,8,9,FALSE,FALSE,FALSE,239.04,Driver Shortage,1
ORD102859,2024-09-09,BlueDart,Delhi-Mumbai,North,Standard,5,6,FALSE,TRUE,FALSE,727.27,Address Issue,1
ORD102860,2024-01-24,Delhivery,Bangalore-Hyderabad,South,Economy,8,9,FALSE,FALSE,FALSE,206.85,None,1
ORD102861,2024-08-25,Ekart,Surat-Nagpur,West,Economy,7,8,FALSE,TRUE,FALSE,209.18,None,1
ORD102862,2024-01-23,Delhivery,Mumbai-Chennai,West,Economy,7,7,TRUE,TRUE,TRUE,206.2,None,0
ORD102863,2024-05-27,DTDC,Jaipur-Ahmedabad,North,Economy,6,8,FALSE,TRUE,FALSE,277.99,Weather Delay,2
ORD102864,2024-05-14,BlueDart,Bhopal-Indore,Central,Express,1,1,TRUE,FALSE,FALSE,898.14,Customs Hold,0
ORD102865,2024-10-26,XpressBees,Surat-Nagpur,West,Economy,8,9,FALSE,TRUE,FALSE,261.04,Driver Shortage,1
ORD102866,2024-07-18,Ekart,Bhopal-Indore,Central,Standard,4,4,TRUE,TRUE,TRUE,413.44,None,0
ORD102867,2024-09-17,Ekart,Jaipur-Ahmedabad,North,Standard,3,3,TRUE,TRUE,TRUE,449.29,None,0
ORD102868,2024-04-15,XpressBees,Bhopal-Indore,Central,Economy,7,9,FALSE,TRUE,FALSE,288.49,Weather Delay,2
ORD102869,2024-04-09,BlueDart,Lucknow-Patna,East,Standard,5,6,FALSE,TRUE,FALSE,539.67,None,1
ORD102870,2024-01-08,XpressBees,Bhopal-Indore,Central,Express,2,3,FALSE,TRUE,FALSE,1088.31,High Volume Surge,1
ORD102871,2024-03-27,DTDC,Kolkata-Delhi,North,Express,1,3,FALSE,TRUE,FALSE,1641.86,High Volume Surge,2
ORD102872,2024-01-25,Ekart,Kochi-Coimbatore,South,Standard,3,3,TRUE,TRUE,TRUE,477.8,None,0
ORD102873,2024-02-17,Delhivery,Jaipur-Ahmedabad,North,Standard,4,4,TRUE,TRUE,TRUE,457.97,None,0
ORD102874,2024-09-18,XpressBees,Lucknow-Patna,East,Express,1,5,FALSE,FALSE,FALSE,1643.02,None,4
ORD102875,2024-03-26,XpressBees,Bhopal-Indore,Central,Economy,8,11,FALSE,TRUE,FALSE,266.28,None,3
ORD102876,2024-02-26,DTDC,Jaipur-Ahmedabad,North,Economy,6,6,TRUE,TRUE,TRUE,296.3,None,0
ORD102877,2024-09-18,Delhivery,Bhopal-Indore,Central,Express,1,1,TRUE,TRUE,TRUE,839.25,None,0
ORD102878,2024-09-05,Ekart,Bhopal-Indore,Central,Standard,5,5,TRUE,TRUE,TRUE,479.86,None,0
ORD102879,2024-06-15,XpressBees,Lucknow-Patna,East,Economy,6,10,FALSE,TRUE,FALSE,367.75,None,4
ORD102880,2024-06-14,XpressBees,Kochi-Coimbatore,South,Standard,3,3,TRUE,TRUE,TRUE,557.97,None,0
ORD102881,2024-09-07,Ekart,Jaipur-Ahmedabad,North,Economy,8,8,TRUE,TRUE,TRUE,228.8,None,0
ORD102882,2024-12-16,DTDC,Chennai-Pune,South,Economy,7,8,FALSE,TRUE,FALSE,251.5,Customs Hold,1
ORD102883,2024-06-20,XpressBees,Bangalore-Hyderabad,South,Standard,4,4,TRUE,TRUE,TRUE,542.37,None,0
ORD102884,2024-11-09,Ekart,Kolkata-Delhi,North,Economy,7,9,FALSE,TRUE,FALSE,318.39,Weather Delay,2
ORD102885,2024-02-01,XpressBees,Lucknow-Patna,East,Economy,8,10,FALSE,TRUE,FALSE,362.36,Vehicle Breakdown,2
ORD102886,2024-05-23,XpressBees,Mumbai-Chennai,West,Express,1,1,TRUE,TRUE,TRUE,973.76,None,0
ORD102887,2024-03-26,Delhivery,Bangalore-Hyderabad,South,Economy,7,7,TRUE,TRUE,TRUE,227.16,None,0
ORD102888,2024-11-20,XpressBees,Surat-Nagpur,West,Standard,5,5,TRUE,TRUE,TRUE,608.2,None,0
ORD102889,2024-01-03,BlueDart,Bhopal-Indore,Central,Standard,3,3,TRUE,TRUE,TRUE,432,None,0
ORD102890,2024-07-23,Ekart,Mumbai-Chennai,West,Express,2,2,TRUE,TRUE,TRUE,914.79,None,0
ORD102891,2024-08-11,XpressBees,Lucknow-Patna,East,Express,2,5,FALSE,TRUE,FALSE,1186.16,High Volume Surge,3
ORD102892,2024-06-19,Ekart,Surat-Nagpur,West,Economy,7,7,TRUE,TRUE,TRUE,200.12,None,0
ORD102893,2024-11-16,XpressBees,Kolkata-Delhi,North,Economy,7,12,FALSE,FALSE,FALSE,438.33,Customs Hold,5
ORD102894,2024-06-13,DTDC,Bangalore-Hyderabad,South,Standard,5,5,TRUE,TRUE,TRUE,625.74,None,0
ORD102895,2024-05-13,DTDC,Kolkata-Delhi,North,Express,1,6,FALSE,TRUE,FALSE,1449.05,Customs Hold,5
ORD102896,2024-06-24,DTDC,Kolkata-Delhi,North,Standard,4,8,FALSE,TRUE,FALSE,775.77,Customs Hold,4
ORD102897,2024-10-20,DTDC,Mumbai-Chennai,West,Economy,8,8,TRUE,TRUE,TRUE,236.18,None,0
ORD102898,2024-08-07,Ekart,Chennai-Pune,South,Express,2,2,TRUE,TRUE,TRUE,879.27,None,0
ORD102899,2024-08-15,DTDC,Chennai-Pune,South,Economy,6,8,FALSE,TRUE,FALSE,279.15,Customs Hold,2
ORD102900,2024-12-28,Ekart,Lucknow-Patna,East,Standard,4,7,FALSE,TRUE,FALSE,608.85,Driver Shortage,3
ORD102901,2024-03-13,Ekart,Kolkata-Delhi,North,Express,2,6,FALSE,TRUE,FALSE,1212.36,Vehicle Breakdown,4
ORD102902,2024-10-30,DTDC,Delhi-Mumbai,North,Standard,5,8,FALSE,TRUE,FALSE,726.07,None,3
ORD102903,2024-05-27,XpressBees,Surat-Nagpur,West,Express,1,3,FALSE,FALSE,FALSE,1127.91,Vehicle Breakdown,2
ORD102904,2024-03-29,Ekart,Kochi-Coimbatore,South,Express,1,1,TRUE,TRUE,TRUE,847.24,None,0
ORD102905,2024-06-24,Ekart,Jaipur-Ahmedabad,North,Standard,5,5,TRUE,TRUE,TRUE,414.35,None,0
ORD102906,2024-05-01,XpressBees,Chennai-Pune,South,Standard,3,4,FALSE,TRUE,FALSE,498.43,Vehicle Breakdown,1
ORD102907,2024-09-05,DTDC,Bangalore-Hyderabad,South,Standard,4,5,FALSE,TRUE,FALSE,564.79,Address Issue,1
ORD102908,2024-03-20,Ekart,Kochi-Coimbatore,South,Standard,4,4,TRUE,TRUE,TRUE,441.22,None,0
ORD102909,2024-05-02,Ekart,Bhopal-Indore,Central,Economy,8,8,TRUE,TRUE,TRUE,216.06,None,0
ORD102910,2024-11-20,Ekart,Kolkata-Delhi,North,Standard,3,5,FALSE,TRUE,FALSE,656.96,Customs Hold,2
ORD102911,2024-03-04,Ekart,Mumbai-Chennai,West,Economy,7,8,FALSE,TRUE,FALSE,233.49,Address Issue,1
ORD102912,2024-04-20,Ekart,Bhopal-Indore,Central,Economy,7,7,TRUE,TRUE,TRUE,220.8,None,0
ORD102913,2024-07-17,Ekart,Surat-Nagpur,West,Standard,5,6,FALSE,FALSE,FALSE,446.53,None,1
ORD102914,2024-01-21,BlueDart,Mumbai-Chennai,West,Express,2,2,TRUE,TRUE,TRUE,770.31,None,0
ORD102915,2024-12-24,XpressBees,Mumbai-Chennai,West,Economy,6,8,FALSE,TRUE,FALSE,274.47,Customs Hold,2
ORD102916,2024-12-26,Delhivery,Kochi-Coimbatore,South,Economy,7,7,TRUE,TRUE,TRUE,215.51,None,0
ORD102917,2024-10-26,BlueDart,Bangalore-Hyderabad,South,Economy,7,7,TRUE,TRUE,TRUE,231.91,None,0
ORD102918,2024-09-26,XpressBees,Lucknow-Patna,East,Standard,5,7,FALSE,TRUE,FALSE,803.7,Driver Shortage,2
ORD102919,2024-04-28,XpressBees,Kochi-Coimbatore,South,Express,2,3,FALSE,FALSE,FALSE,967.18,Vehicle Breakdown,1
ORD102920,2024-08-27,BlueDart,Jaipur-Ahmedabad,North,Express,1,1,TRUE,TRUE,TRUE,773.01,None,0
ORD102921,2024-07-26,Delhivery,Chennai-Pune,South,Standard,5,5,TRUE,TRUE,TRUE,425.4,None,0
ORD102922,2024-01-12,Ekart,Kolkata-Delhi,North,Standard,5,9,FALSE,TRUE,FALSE,634.86,High Volume Surge,4
ORD102923,2024-07-18,BlueDart,Kolkata-Delhi,North,Economy,6,8,FALSE,TRUE,FALSE,332.85,Vehicle Breakdown,2
ORD102924,2024-03-13,DTDC,Delhi-Mumbai,North,Express,2,6,FALSE,TRUE,FALSE,1774.52,Weather Delay,4
ORD102925,2024-03-26,DTDC,Bhopal-Indore,Central,Standard,4,6,FALSE,FALSE,FALSE,468.73,None,2
ORD102926,2024-07-12,Ekart,Mumbai-Chennai,West,Economy,8,8,TRUE,TRUE,TRUE,205,None,0
ORD102927,2024-06-05,BlueDart,Mumbai-Chennai,West,Economy,7,7,TRUE,TRUE,TRUE,233.64,None,0
ORD102928,2024-05-23,Ekart,Lucknow-Patna,East,Standard,4,7,FALSE,TRUE,FALSE,599.02,Address Issue,3
ORD102929,2024-08-18,BlueDart,Chennai-Pune,South,Express,1,1,TRUE,TRUE,TRUE,829.95,None,0
ORD102930,2024-08-07,DTDC,Kolkata-Delhi,North,Express,2,3,FALSE,TRUE,FALSE,1592.75,None,1
ORD102931,2024-01-15,Ekart,Bhopal-Indore,Central,Express,2,3,FALSE,TRUE,FALSE,809.23,Vehicle Breakdown,1
ORD102932,2024-01-31,Ekart,Mumbai-Chennai,West,Economy,8,8,TRUE,TRUE,TRUE,212.24,None,0
ORD102933,2024-01-06,BlueDart,Mumbai-Chennai,West,Express,2,2,TRUE,TRUE,TRUE,919.94,None,0
ORD102934,2024-08-03,BlueDart,Kolkata-Delhi,North,Economy,7,9,FALSE,TRUE,FALSE,332.64,None,2
ORD102935,2024-12-18,XpressBees,Surat-Nagpur,West,Express,1,3,FALSE,FALSE,FALSE,934.4,Customs Hold,2
ORD102936,2024-12-02,XpressBees,Mumbai-Chennai,West,Express,1,2,FALSE,FALSE,FALSE,1098.78,Weather Delay,1
ORD102937,2024-06-01,BlueDart,Chennai-Pune,South,Economy,7,7,TRUE,FALSE,FALSE,236.99,Customs Hold,0
ORD102938,2024-12-16,XpressBees,Jaipur-Ahmedabad,North,Standard,5,7,FALSE,TRUE,FALSE,502.33,None,2
ORD102939,2024-03-07,DTDC,Kolkata-Delhi,North,Economy,6,9,FALSE,TRUE,FALSE,428.99,None,3
ORD102940,2024-07-10,BlueDart,Jaipur-Ahmedabad,North,Economy,8,9,FALSE,TRUE,FALSE,203.43,None,1
ORD102941,2024-03-01,DTDC,Bhopal-Indore,Central,Express,1,2,FALSE,TRUE,FALSE,914.76,None,1
ORD102942,2024-07-24,Delhivery,Jaipur-Ahmedabad,North,Express,1,2,FALSE,TRUE,FALSE,897.76,Vehicle Breakdown,1
ORD102943,2024-01-06,Delhivery,Delhi-Mumbai,North,Express,1,3,FALSE,TRUE,FALSE,1202.17,None,2
ORD102944,2024-02-12,DTDC,Bangalore-Hyderabad,South,Express,1,2,FALSE,TRUE,FALSE,1009.45,Driver Shortage,1
ORD102945,2024-06-25,XpressBees,Delhi-Mumbai,North,Standard,4,6,FALSE,TRUE,FALSE,736.43,Driver Shortage,2
ORD102946,2024-10-05,BlueDart,Mumbai-Chennai,West,Express,1,1,TRUE,FALSE,FALSE,902.33,None,0
ORD102947,2024-08-20,Delhivery,Kolkata-Delhi,North,Express,2,5,FALSE,TRUE,FALSE,1046.11,High Volume Surge,3
ORD102948,2024-06-04,XpressBees,Mumbai-Chennai,West,Standard,3,4,FALSE,TRUE,FALSE,526.12,High Volume Surge,1
ORD102949,2024-04-28,Delhivery,Mumbai-Chennai,West,Standard,5,6,FALSE,FALSE,FALSE,413.39,High Volume Surge,1
ORD102950,2024-08-22,DTDC,Bhopal-Indore,Central,Standard,3,4,FALSE,TRUE,FALSE,544.84,Customs Hold,1
ORD102951,2024-08-20,XpressBees,Surat-Nagpur,West,Express,1,2,FALSE,TRUE,FALSE,1080.12,High Volume Surge,1
ORD102952,2024-08-19,BlueDart,Kolkata-Delhi,North,Economy,7,8,FALSE,TRUE,FALSE,302.46,Driver Shortage,1
ORD102953,2024-01-23,XpressBees,Jaipur-Ahmedabad,North,Standard,4,4,TRUE,TRUE,TRUE,523.75,None,0
ORD102954,2024-06-25,Ekart,Kochi-Coimbatore,South,Economy,7,7,TRUE,TRUE,TRUE,221.82,None,0
ORD102955,2024-10-23,BlueDart,Lucknow-Patna,East,Standard,4,6,FALSE,TRUE,FALSE,711.63,Address Issue,2
ORD102956,2024-07-04,XpressBees,Chennai-Pune,South,Standard,3,3,TRUE,FALSE,FALSE,589.65,Customs Hold,0
ORD102957,2024-07-17,Ekart,Chennai-Pune,South,Standard,4,5,FALSE,TRUE,FALSE,455.87,Vehicle Breakdown,1
ORD102958,2024-01-13,Delhivery,Kochi-Coimbatore,South,Standard,5,5,TRUE,TRUE,TRUE,494.01,None,0
ORD102959,2024-11-28,DTDC,Kolkata-Delhi,North,Express,2,6,FALSE,TRUE,FALSE,1373.63,Vehicle Breakdown,4
ORD102960,2024-08-12,BlueDart,Lucknow-Patna,East,Express,1,4,FALSE,FALSE,FALSE,1285.86,Customs Hold,3
ORD102961,2024-07-27,Ekart,Kochi-Coimbatore,South,Standard,3,3,TRUE,TRUE,TRUE,485.38,None,0
ORD102962,2024-02-13,XpressBees,Bangalore-Hyderabad,South,Express,2,3,FALSE,TRUE,FALSE,1163.02,None,1
ORD102963,2024-05-27,XpressBees,Delhi-Mumbai,North,Express,2,4,FALSE,TRUE,FALSE,1420.27,Vehicle Breakdown,2
ORD102964,2024-05-23,Delhivery,Kolkata-Delhi,North,Express,1,4,FALSE,TRUE,FALSE,1168.15,Address Issue,3
ORD102965,2024-07-23,BlueDart,Lucknow-Patna,East,Standard,5,7,FALSE,TRUE,FALSE,746.3,Weather Delay,2
ORD102966,2024-07-19,Ekart,Kochi-Coimbatore,South,Economy,6,6,TRUE,TRUE,TRUE,221.66,None,0
ORD102967,2024-09-03,Delhivery,Jaipur-Ahmedabad,North,Economy,7,7,TRUE,TRUE,TRUE,213.12,None,0
ORD102968,2024-02-29,BlueDart,Delhi-Mumbai,North,Standard,4,6,FALSE,TRUE,FALSE,707.74,None,2
ORD102969,2024-01-04,DTDC,Kochi-Coimbatore,South,Express,2,2,TRUE,TRUE,TRUE,917.37,None,0
ORD102970,2024-01-16,Delhivery,Jaipur-Ahmedabad,North,Standard,4,4,TRUE,TRUE,TRUE,437.86,None,0
ORD102971,2024-10-29,DTDC,Surat-Nagpur,West,Standard,5,8,FALSE,TRUE,FALSE,465.67,None,3
ORD102972,2024-02-17,Delhivery,Bangalore-Hyderabad,South,Express,1,1,TRUE,TRUE,TRUE,770.81,None,0
ORD102973,2024-03-08,Ekart,Kochi-Coimbatore,South,Economy,7,8,FALSE,TRUE,FALSE,239.86,Driver Shortage,1
ORD102974,2024-05-08,XpressBees,Bhopal-Indore,Central,Economy,8,9,FALSE,TRUE,FALSE,249.12,Weather Delay,1
ORD102975,2024-10-22,Ekart,Bangalore-Hyderabad,South,Economy,7,8,FALSE,TRUE,FALSE,233.97,Driver Shortage,1
ORD102976,2024-01-03,Ekart,Lucknow-Patna,East,Standard,3,5,FALSE,TRUE,FALSE,693.4,Customs Hold,2
ORD102977,2024-12-14,Ekart,Delhi-Mumbai,North,Express,1,3,FALSE,TRUE,FALSE,1190.06,None,2
ORD102978,2024-02-04,BlueDart,Bangalore-Hyderabad,South,Express,2,2,TRUE,TRUE,TRUE,926.01,None,0
ORD102979,2024-07-31,Ekart,Lucknow-Patna,East,Economy,7,10,FALSE,TRUE,FALSE,302.44,Customs Hold,3
ORD102980,2024-05-09,XpressBees,Bangalore-Hyderabad,South,Standard,5,7,FALSE,TRUE,FALSE,517.06,Customs Hold,2
ORD102981,2024-10-04,Delhivery,Chennai-Pune,South,Express,1,2,FALSE,TRUE,FALSE,855.87,Address Issue,1
ORD102982,2024-11-25,Delhivery,Kolkata-Delhi,North,Express,2,6,FALSE,TRUE,FALSE,1178.58,Driver Shortage,4
ORD102983,2024-12-05,XpressBees,Delhi-Mumbai,North,Express,1,5,FALSE,TRUE,FALSE,1285.6,None,4
ORD102984,2024-02-18,Ekart,Bhopal-Indore,Central,Economy,8,8,TRUE,TRUE,TRUE,218.25,None,0
ORD102985,2024-03-08,BlueDart,Jaipur-Ahmedabad,North,Economy,6,7,FALSE,TRUE,FALSE,241.17,Driver Shortage,1
ORD102986,2024-04-26,DTDC,Delhi-Mumbai,North,Express,2,5,FALSE,FALSE,FALSE,1561.26,Vehicle Breakdown,3
ORD102987,2024-06-24,DTDC,Bangalore-Hyderabad,South,Standard,3,4,FALSE,TRUE,FALSE,548.3,Weather Delay,1
ORD102988,2024-11-05,Ekart,Bhopal-Indore,Central,Standard,3,3,TRUE,TRUE,TRUE,423.99,None,0
ORD102989,2024-08-26,BlueDart,Surat-Nagpur,West,Standard,5,5,TRUE,TRUE,TRUE,486.36,None,0
ORD102990,2024-05-01,XpressBees,Jaipur-Ahmedabad,North,Standard,5,5,TRUE,TRUE,TRUE,554.34,None,0
ORD102991,2024-12-20,XpressBees,Kochi-Coimbatore,South,Express,2,2,TRUE,TRUE,TRUE,1032.2,None,0
ORD102992,2024-12-28,Delhivery,Mumbai-Chennai,West,Standard,5,6,FALSE,TRUE,FALSE,426.21,Customs Hold,1
ORD102993,2024-08-24,XpressBees,Surat-Nagpur,West,Express,2,3,FALSE,TRUE,FALSE,1042.84,High Volume Surge,1
ORD102994,2024-09-22,XpressBees,Bhopal-Indore,Central,Express,2,4,FALSE,FALSE,FALSE,1143.7,Vehicle Breakdown,2
ORD102995,2024-05-30,Delhivery,Delhi-Mumbai,North,Economy,8,9,FALSE,TRUE,FALSE,290.32,None,1
ORD102996,2024-12-23,DTDC,Surat-Nagpur,West,Standard,3,5,FALSE,TRUE,FALSE,492.51,None,2
ORD102997,2024-03-11,XpressBees,Jaipur-Ahmedabad,North,Express,2,3,FALSE,TRUE,FALSE,940.77,Driver Shortage,1
ORD102998,2024-11-02,Ekart,Bangalore-Hyderabad,South,Standard,5,5,TRUE,TRUE,TRUE,424.87,None,0
ORD102999,2024-06-19,BlueDart,Kolkata-Delhi,North,Economy,6,9,FALSE,TRUE,FALSE,298.64,None,3
ORD103000,2024-05-12,XpressBees,Bangalore-Hyderabad,South,Express,1,3,FALSE,TRUE,FALSE,904.93,Weather Delay,2
ORD103001,2024-09-24,Ekart,Surat-Nagpur,West,Standard,5,5,TRUE,TRUE,TRUE,462.07,None,0
ORD103002,2024-05-19,Delhivery,Chennai-Pune,South,Economy,6,6,TRUE,TRUE,TRUE,224.88,None,0
ORD103003,2024-11-27,Ekart,Surat-Nagpur,West,Express,1,1,TRUE,TRUE,TRUE,928.68,None,0
ORD103004,2024-01-11,DTDC,Jaipur-Ahmedabad,North,Standard,5,7,FALSE,TRUE,FALSE,519.42,High Volume Surge,2
ORD103005,2024-07-25,Delhivery,Bangalore-Hyderabad,South,Standard,3,3,TRUE,TRUE,TRUE,475.14,None,0
ORD103006,2024-01-20,BlueDart,Jaipur-Ahmedabad,North,Express,1,1,TRUE,TRUE,TRUE,767.7,None,0
ORD103007,2024-05-13,XpressBees,Delhi-Mumbai,North,Standard,4,6,FALSE,TRUE,FALSE,826.65,Address Issue,2
ORD103008,2024-08-09,Ekart,Delhi-Mumbai,North,Express,1,3,FALSE,TRUE,FALSE,1314.04,Driver Shortage,2
ORD103009,2024-04-28,Ekart,Surat-Nagpur,West,Standard,5,5,TRUE,TRUE,TRUE,432.52,None,0
ORD103010,2024-06-26,XpressBees,Kochi-Coimbatore,South,Economy,6,7,FALSE,TRUE,FALSE,283.97,Driver Shortage,1
ORD103011,2024-04-23,DTDC,Bangalore-Hyderabad,South,Standard,5,7,FALSE,TRUE,FALSE,546.39,Weather Delay,2
ORD103012,2024-04-27,BlueDart,Kolkata-Delhi,North,Standard,3,5,FALSE,TRUE,FALSE,731.56,None,2
ORD103013,2024-04-07,Ekart,Lucknow-Patna,East,Express,1,2,FALSE,TRUE,FALSE,1214.53,Address Issue,1
ORD103014,2024-02-07,Delhivery,Surat-Nagpur,West,Express,1,1,TRUE,TRUE,TRUE,820.11,None,0
ORD103015,2024-06-15,BlueDart,Lucknow-Patna,East,Express,1,2,FALSE,TRUE,FALSE,1158.65,Address Issue,1
ORD103016,2024-06-23,XpressBees,Bhopal-Indore,Central,Express,2,4,FALSE,TRUE,FALSE,989.26,Address Issue,2
ORD103017,2024-01-19,Ekart,Lucknow-Patna,East,Express,1,4,FALSE,TRUE,FALSE,1100.96,High Volume Surge,3
ORD103018,2024-12-18,DTDC,Surat-Nagpur,West,Express,1,1,TRUE,TRUE,TRUE,1042.69,None,0
ORD103019,2024-03-03,DTDC,Chennai-Pune,South,Standard,3,6,FALSE,FALSE,FALSE,597.22,Customs Hold,3
ORD103020,2024-07-29,XpressBees,Lucknow-Patna,East,Express,1,6,FALSE,TRUE,FALSE,1410.37,None,5
ORD103021,2024-05-01,BlueDart,Bangalore-Hyderabad,South,Economy,8,8,TRUE,TRUE,TRUE,229.51,None,0
ORD103022,2024-03-19,Delhivery,Jaipur-Ahmedabad,North,Express,1,2,FALSE,TRUE,FALSE,777.44,None,1
ORD103023,2024-02-09,Ekart,Delhi-Mumbai,North,Economy,8,12,FALSE,TRUE,FALSE,319.08,Customs Hold,4
ORD103024,2024-10-30,Delhivery,Chennai-Pune,South,Economy,6,7,FALSE,FALSE,FALSE,239.06,None,1
ORD103025,2024-09-19,BlueDart,Delhi-Mumbai,North,Express,1,4,FALSE,TRUE,FALSE,1383.15,Customs Hold,3
ORD103026,2024-05-04,DTDC,Bhopal-Indore,Central,Economy,6,8,FALSE,FALSE,FALSE,299.11,Customs Hold,2
ORD103027,2024-08-03,DTDC,Bhopal-Indore,Central,Express,2,5,FALSE,TRUE,FALSE,972.56,Address Issue,3
ORD103028,2024-07-23,BlueDart,Kochi-Coimbatore,South,Standard,5,5,TRUE,TRUE,TRUE,439.36,None,0
ORD103029,2024-01-01,DTDC,Bhopal-Indore,Central,Express,2,3,FALSE,TRUE,FALSE,1021.24,Vehicle Breakdown,1
ORD103030,2024-08-22,BlueDart,Bhopal-Indore,Central,Economy,8,8,TRUE,TRUE,TRUE,225.82,None,0
ORD103031,2024-09-30,Ekart,Kolkata-Delhi,North,Standard,4,6,FALSE,TRUE,FALSE,712.12,None,2
ORD103032,2024-07-29,BlueDart,Kolkata-Delhi,North,Standard,5,7,FALSE,TRUE,FALSE,678.56,Vehicle Breakdown,2
ORD103033,2024-09-20,BlueDart,Surat-Nagpur,West,Standard,4,5,FALSE,TRUE,FALSE,408.18,High Volume Surge,1
ORD103034,2024-07-06,XpressBees,Lucknow-Patna,East,Standard,3,8,FALSE,TRUE,FALSE,682.73,High Volume Surge,5
ORD103035,2024-01-17,Delhivery,Lucknow-Patna,East,Standard,3,4,FALSE,TRUE,FALSE,634.4,Weather Delay,1
ORD103036,2024-08-28,Ekart,Bangalore-Hyderabad,South,Economy,7,8,FALSE,TRUE,FALSE,232.8,None,1
ORD103037,2024-03-23,XpressBees,Surat-Nagpur,West,Express,1,3,FALSE,FALSE,FALSE,1030.83,None,2
ORD103038,2024-01-30,BlueDart,Lucknow-Patna,East,Standard,4,8,FALSE,TRUE,FALSE,540.18,None,4
ORD103039,2024-01-17,Ekart,Bangalore-Hyderabad,South,Standard,4,4,TRUE,FALSE,FALSE,410.2,High Volume Surge,0
ORD103040,2024-11-19,BlueDart,Bhopal-Indore,Central,Economy,8,8,TRUE,TRUE,TRUE,219.82,None,0
ORD103041,2024-04-13,Delhivery,Surat-Nagpur,West,Economy,8,9,FALSE,TRUE,FALSE,214.61,Weather Delay,1
ORD103042,2024-06-09,Delhivery,Chennai-Pune,South,Economy,6,6,TRUE,FALSE,FALSE,223.53,None,0
ORD103043,2024-08-12,DTDC,Bangalore-Hyderabad,South,Standard,5,5,TRUE,TRUE,TRUE,556.76,None,0
ORD103044,2024-07-02,DTDC,Kochi-Coimbatore,South,Economy,7,8,FALSE,TRUE,FALSE,259.67,Vehicle Breakdown,1
ORD103045,2024-07-25,DTDC,Mumbai-Chennai,West,Economy,7,7,TRUE,TRUE,TRUE,252.86,None,0
ORD103046,2024-08-27,BlueDart,Delhi-Mumbai,North,Express,1,2,FALSE,TRUE,FALSE,1276.82,Driver Shortage,1
ORD103047,2024-01-23,BlueDart,Surat-Nagpur,West,Express,2,2,TRUE,TRUE,TRUE,853.17,None,0
ORD103048,2024-01-07,BlueDart,Chennai-Pune,South,Economy,8,8,TRUE,TRUE,TRUE,220.3,None,0
ORD103049,2024-04-02,BlueDart,Jaipur-Ahmedabad,North,Standard,4,5,FALSE,FALSE,FALSE,453.8,None,1
ORD103050,2024-08-01,DTDC,Kolkata-Delhi,North,Express,2,7,FALSE,TRUE,FALSE,1527.92,Vehicle Breakdown,5
ORD103051,2024-06-04,Ekart,Mumbai-Chennai,West,Express,2,3,FALSE,TRUE,FALSE,905.95,Address Issue,1
ORD103052,2024-10-11,Delhivery,Chennai-Pune,South,Express,1,1,TRUE,TRUE,TRUE,809.12,None,0
ORD103053,2024-08-24,Ekart,Bangalore-Hyderabad,South,Economy,8,9,FALSE,TRUE,FALSE,201.1,Vehicle Breakdown,1
ORD103054,2024-02-26,Ekart,Mumbai-Chennai,West,Standard,3,3,TRUE,TRUE,TRUE,480.38,None,0
ORD103055,2024-03-03,BlueDart,Bhopal-Indore,Central,Economy,6,7,FALSE,TRUE,FALSE,225.78,Address Issue,1
ORD103056,2024-02-17,Delhivery,Kochi-Coimbatore,South,Economy,8,9,FALSE,FALSE,FALSE,201.75,None,1
ORD103057,2024-12-02,DTDC,Bhopal-Indore,Central,Economy,6,6,TRUE,TRUE,TRUE,272.47,None,0
ORD103058,2024-02-02,Delhivery,Kochi-Coimbatore,South,Standard,5,6,FALSE,TRUE,FALSE,454.7,Address Issue,1
ORD103059,2024-11-20,Delhivery,Delhi-Mumbai,North,Standard,3,5,FALSE,TRUE,FALSE,547.3,High Volume Surge,2
ORD103060,2024-06-10,Ekart,Mumbai-Chennai,West,Express,2,2,TRUE,TRUE,TRUE,804.35,None,0
ORD103061,2024-01-01,XpressBees,Mumbai-Chennai,West,Economy,8,8,TRUE,TRUE,TRUE,236.93,None,0
ORD103062,2024-04-18,Ekart,Kochi-Coimbatore,South,Express,2,3,FALSE,TRUE,FALSE,877.3,High Volume Surge,1
ORD103063,2024-07-18,BlueDart,Mumbai-Chennai,West,Express,1,1,TRUE,TRUE,TRUE,825.13,None,0
ORD103064,2024-08-29,Ekart,Chennai-Pune,South,Standard,3,3,TRUE,TRUE,TRUE,464.53,None,0
ORD103065,2024-05-15,Ekart,Kochi-Coimbatore,South,Express,2,2,TRUE,FALSE,FALSE,801.52,Customs Hold,0
ORD103066,2024-04-27,DTDC,Chennai-Pune,South,Economy,8,11,FALSE,FALSE,FALSE,269.13,None,3
ORD103067,2024-08-18,DTDC,Lucknow-Patna,East,Standard,3,7,FALSE,TRUE,FALSE,680.36,None,4
ORD103068,2024-05-03,Delhivery,Jaipur-Ahmedabad,North,Express,1,1,TRUE,TRUE,TRUE,926.15,None,0
ORD103069,2024-06-13,BlueDart,Mumbai-Chennai,West,Express,1,2,FALSE,TRUE,FALSE,815.2,Vehicle Breakdown,1
ORD103070,2024-07-12,XpressBees,Kolkata-Delhi,North,Express,2,4,FALSE,TRUE,FALSE,1409.63,High Volume Surge,2
ORD103071,2024-02-24,DTDC,Kochi-Coimbatore,South,Economy,7,9,FALSE,TRUE,FALSE,283.47,None,2
ORD103072,2024-09-03,BlueDart,Delhi-Mumbai,North,Standard,4,5,FALSE,TRUE,FALSE,751.04,None,1
ORD103073,2024-02-22,DTDC,Jaipur-Ahmedabad,North,Standard,5,5,TRUE,TRUE,TRUE,572.61,None,0
ORD103074,2024-01-13,BlueDart,Mumbai-Chennai,West,Standard,3,4,FALSE,TRUE,FALSE,494.34,None,1
ORD103075,2024-07-01,BlueDart,Bangalore-Hyderabad,South,Standard,4,4,TRUE,TRUE,TRUE,492.46,None,0
ORD103076,2024-07-27,DTDC,Jaipur-Ahmedabad,North,Standard,4,5,FALSE,TRUE,FALSE,557.01,Driver Shortage,1
ORD103077,2024-04-18,Ekart,Jaipur-Ahmedabad,North,Express,1,1,TRUE,TRUE,TRUE,880.55,None,0
ORD103078,2024-06-27,Ekart,Kolkata-Delhi,North,Express,1,2,FALSE,TRUE,FALSE,1330.1,Customs Hold,1
ORD103079,2024-08-06,XpressBees,Kolkata-Delhi,North,Economy,6,12,FALSE,TRUE,FALSE,351.06,Address Issue,6
ORD103080,2024-10-13,Ekart,Bangalore-Hyderabad,South,Economy,7,7,TRUE,TRUE,TRUE,206.63,None,0
ORD103081,2024-08-20,DTDC,Jaipur-Ahmedabad,North,Standard,4,6,FALSE,TRUE,FALSE,506.69,High Volume Surge,2
ORD103082,2024-03-04,Ekart,Mumbai-Chennai,West,Economy,6,6,TRUE,TRUE,TRUE,206.83,None,0
ORD103083,2024-06-12,DTDC,Surat-Nagpur,West,Standard,4,5,FALSE,FALSE,FALSE,542.64,Vehicle Breakdown,1
ORD103084,2024-11-09,DTDC,Surat-Nagpur,West,Express,1,3,FALSE,TRUE,FALSE,971.43,High Volume Surge,2
ORD103085,2024-05-31,Ekart,Kolkata-Delhi,North,Standard,4,7,FALSE,TRUE,FALSE,690.79,Weather Delay,3
ORD103086,2024-12-04,Ekart,Jaipur-Ahmedabad,North,Standard,3,3,TRUE,TRUE,TRUE,426.36,None,0
ORD103087,2024-11-05,XpressBees,Bangalore-Hyderabad,South,Economy,6,9,FALSE,TRUE,FALSE,300.44,Vehicle Breakdown,3
ORD103088,2024-12-07,Ekart,Delhi-Mumbai,North,Express,1,3,FALSE,FALSE,FALSE,1347.4,Weather Delay,2
ORD103089,2024-05-09,BlueDart,Delhi-Mumbai,North,Standard,4,6,FALSE,TRUE,FALSE,623.2,None,2
ORD103090,2024-04-08,DTDC,Kochi-Coimbatore,South,Express,1,1,TRUE,FALSE,FALSE,1061.1,None,0
ORD103091,2024-12-28,Ekart,Bhopal-Indore,Central,Economy,7,7,TRUE,TRUE,TRUE,228.21,None,0
ORD103092,2024-12-12,XpressBees,Bhopal-Indore,Central,Standard,3,3,TRUE,FALSE,FALSE,494.08,None,0
ORD103093,2024-02-05,Delhivery,Surat-Nagpur,West,Economy,7,7,TRUE,TRUE,TRUE,229.88,None,0
ORD103094,2024-04-19,Delhivery,Kochi-Coimbatore,South,Express,1,1,TRUE,TRUE,TRUE,768.57,None,0
ORD103095,2024-01-15,DTDC,Mumbai-Chennai,West,Economy,7,8,FALSE,TRUE,FALSE,251.13,Vehicle Breakdown,1
ORD103096,2024-05-02,Delhivery,Bangalore-Hyderabad,South,Standard,4,4,TRUE,TRUE,TRUE,444.27,None,0
ORD103097,2024-10-22,DTDC,Lucknow-Patna,East,Express,2,7,FALSE,TRUE,FALSE,1507.28,None,5
ORD103098,2024-11-21,DTDC,Mumbai-Chennai,West,Economy,6,8,FALSE,TRUE,FALSE,267.99,None,2
ORD103099,2024-04-05,XpressBees,Lucknow-Patna,East,Express,1,5,FALSE,TRUE,FALSE,1506.68,Vehicle Breakdown,4
ORD103100,2024-05-22,Delhivery,Jaipur-Ahmedabad,North,Economy,7,7,TRUE,TRUE,TRUE,228.09,None,0
ORD103101,2024-01-24,XpressBees,Kolkata-Delhi,North,Economy,8,12,FALSE,TRUE,FALSE,405.63,None,4
ORD103102,2024-12-03,Ekart,Lucknow-Patna,East,Express,1,4,FALSE,TRUE,FALSE,1271.21,Driver Shortage,3
ORD103103,2024-05-16,XpressBees,Delhi-Mumbai,North,Economy,6,11,FALSE,TRUE,FALSE,377.51,Weather Delay,5
ORD103104,2024-03-15,Delhivery,Lucknow-Patna,East,Standard,3,5,FALSE,TRUE,FALSE,668.72,Vehicle Breakdown,2
ORD103105,2024-08-27,Ekart,Kolkata-Delhi,North,Economy,7,8,FALSE,TRUE,FALSE,316.78,Customs Hold,1
ORD103106,2024-05-10,XpressBees,Kolkata-Delhi,North,Economy,6,11,FALSE,TRUE,FALSE,363.4,Vehicle Breakdown,5
ORD103107,2024-07-19,Ekart,Surat-Nagpur,West,Economy,6,6,TRUE,TRUE,TRUE,227.72,None,0
ORD103108,2024-11-30,BlueDart,Surat-Nagpur,West,Express,2,2,TRUE,TRUE,TRUE,831.8,None,0
ORD103109,2024-04-15,XpressBees,Surat-Nagpur,West,Express,1,1,TRUE,TRUE,TRUE,1053.54,None,0
ORD103110,2024-03-26,BlueDart,Kolkata-Delhi,North,Express,1,4,FALSE,TRUE,FALSE,1212.86,High Volume Surge,3
ORD103111,2024-09-24,DTDC,Chennai-Pune,South,Express,2,2,TRUE,TRUE,TRUE,936.35,None,0
ORD103112,2024-10-05,Delhivery,Bhopal-Indore,Central,Express,1,2,FALSE,TRUE,FALSE,837.55,Address Issue,1
ORD103113,2024-10-08,Delhivery,Jaipur-Ahmedabad,North,Express,1,2,FALSE,TRUE,FALSE,775.89,Weather Delay,1
ORD103114,2024-12-15,Delhivery,Chennai-Pune,South,Economy,7,7,TRUE,TRUE,TRUE,201.05,None,0
ORD103115,2024-06-29,XpressBees,Bangalore-Hyderabad,South,Economy,8,9,FALSE,TRUE,FALSE,238.77,Address Issue,1
ORD103116,2024-09-19,BlueDart,Jaipur-Ahmedabad,North,Economy,8,8,TRUE,FALSE,FALSE,213.99,None,0
ORD103117,2024-01-25,DTDC,Mumbai-Chennai,West,Standard,5,7,FALSE,TRUE,FALSE,544.8,None,2
ORD103118,2024-01-02,Delhivery,Delhi-Mumbai,North,Standard,3,5,FALSE,TRUE,FALSE,584.95,Vehicle Breakdown,2
ORD103119,2024-10-20,Ekart,Kolkata-Delhi,North,Economy,6,9,FALSE,TRUE,FALSE,335.56,Customs Hold,3
ORD103120,2024-10-12,DTDC,Bangalore-Hyderabad,South,Express,1,3,FALSE,TRUE,FALSE,1087.25,Customs Hold,2
ORD103121,2024-05-22,Ekart,Surat-Nagpur,West,Express,1,1,TRUE,TRUE,TRUE,808.22,None,0
ORD103122,2024-08-25,BlueDart,Chennai-Pune,South,Express,2,2,TRUE,TRUE,TRUE,809.86,None,0
ORD103123,2024-02-18,BlueDart,Delhi-Mumbai,North,Economy,8,10,FALSE,TRUE,FALSE,278.77,Driver Shortage,2
ORD103124,2024-02-19,XpressBees,Surat-Nagpur,West,Standard,3,6,FALSE,TRUE,FALSE,459.63,None,3
ORD103125,2024-07-27,Ekart,Mumbai-Chennai,West,Express,2,2,TRUE,TRUE,TRUE,928.94,None,0
ORD103126,2024-05-05,DTDC,Kochi-Coimbatore,South,Economy,7,7,TRUE,FALSE,FALSE,290.42,Driver Shortage,0
ORD103127,2024-04-08,Delhivery,Bangalore-Hyderabad,South,Economy,8,8,TRUE,TRUE,TRUE,234.85,None,0
ORD103128,2024-06-05,XpressBees,Surat-Nagpur,West,Economy,7,7,TRUE,TRUE,TRUE,299.53,None,0
ORD103129,2024-06-17,XpressBees,Surat-Nagpur,West,Express,2,4,FALSE,TRUE,FALSE,868.73,None,2
ORD103130,2024-10-02,Ekart,Bangalore-Hyderabad,South,Standard,5,6,FALSE,TRUE,FALSE,446.67,High Volume Surge,1
ORD103131,2024-07-02,XpressBees,Bangalore-Hyderabad,South,Express,1,2,FALSE,TRUE,FALSE,1132.03,None,1
ORD103132,2024-04-01,DTDC,Bhopal-Indore,Central,Express,2,3,FALSE,FALSE,FALSE,1160.7,Vehicle Breakdown,1
ORD103133,2024-12-04,Delhivery,Kochi-Coimbatore,South,Standard,5,5,TRUE,TRUE,TRUE,474.14,None,0
ORD103134,2024-02-24,DTDC,Jaipur-Ahmedabad,North,Express,1,2,FALSE,TRUE,FALSE,999.17,Weather Delay,1
ORD103135,2024-12-15,XpressBees,Kolkata-Delhi,North,Economy,8,9,FALSE,TRUE,FALSE,405.38,None,1
ORD103136,2024-01-20,BlueDart,Mumbai-Chennai,West,Standard,3,3,TRUE,TRUE,TRUE,456.34,None,0
ORD103137,2024-07-13,Ekart,Mumbai-Chennai,West,Economy,6,6,TRUE,TRUE,TRUE,207.02,None,0
ORD103138,2024-03-07,DTDC,Bhopal-Indore,Central,Standard,3,3,TRUE,TRUE,TRUE,560.45,None,0
ORD103139,2024-02-29,DTDC,Bhopal-Indore,Central,Economy,8,10,FALSE,FALSE,FALSE,285.25,Weather Delay,2
ORD103140,2024-04-18,DTDC,Kolkata-Delhi,North,Economy,8,12,FALSE,TRUE,FALSE,438.01,Vehicle Breakdown,4
ORD103141,2024-11-10,XpressBees,Bhopal-Indore,Central,Economy,8,10,FALSE,TRUE,FALSE,241.72,High Volume Surge,2
ORD103142,2024-12-22,XpressBees,Bhopal-Indore,Central,Economy,8,8,TRUE,TRUE,TRUE,282.79,None,0
ORD103143,2024-11-30,BlueDart,Kolkata-Delhi,North,Economy,8,9,FALSE,TRUE,FALSE,305.03,High Volume Surge,1
ORD103144,2024-02-26,Ekart,Chennai-Pune,South,Standard,4,4,TRUE,TRUE,TRUE,432.87,None,0
ORD103145,2024-08-19,XpressBees,Delhi-Mumbai,North,Standard,5,9,FALSE,FALSE,FALSE,825.82,None,4
ORD103146,2024-04-17,DTDC,Jaipur-Ahmedabad,North,Express,2,2,TRUE,TRUE,TRUE,1120.29,None,0
ORD103147,2024-09-16,DTDC,Kochi-Coimbatore,South,Standard,5,7,FALSE,TRUE,FALSE,580.62,Address Issue,2
ORD103148,2024-09-01,XpressBees,Jaipur-Ahmedabad,North,Economy,6,9,FALSE,TRUE,FALSE,287.44,None,3
ORD103149,2024-04-17,Ekart,Bhopal-Indore,Central,Express,2,2,TRUE,TRUE,TRUE,927.39,None,0
ORD103150,2024-12-02,XpressBees,Delhi-Mumbai,North,Economy,8,12,FALSE,TRUE,FALSE,412.41,Address Issue,4
ORD103151,2024-06-13,BlueDart,Delhi-Mumbai,North,Standard,5,8,FALSE,TRUE,FALSE,568.67,High Volume Surge,3
ORD103152,2024-10-10,BlueDart,Chennai-Pune,South,Express,1,2,FALSE,TRUE,FALSE,867.68,None,1
ORD103153,2024-03-11,BlueDart,Jaipur-Ahmedabad,North,Economy,6,6,TRUE,TRUE,TRUE,241.99,None,0
ORD103154,2024-11-15,Ekart,Lucknow-Patna,East,Express,1,3,FALSE,TRUE,FALSE,1232.97,None,2
ORD103155,2024-05-05,Delhivery,Surat-Nagpur,West,Standard,5,5,TRUE,TRUE,TRUE,492.17,None,0
ORD103156,2024-07-01,XpressBees,Chennai-Pune,South,Standard,3,5,FALSE,TRUE,FALSE,475.71,None,2
ORD103157,2024-01-21,Ekart,Jaipur-Ahmedabad,North,Standard,5,6,FALSE,TRUE,FALSE,408.77,Weather Delay,1
ORD103158,2024-05-20,BlueDart,Lucknow-Patna,East,Standard,4,5,FALSE,TRUE,FALSE,681.52,High Volume Surge,1
ORD103159,2024-03-16,XpressBees,Surat-Nagpur,West,Express,1,1,TRUE,TRUE,TRUE,1131.14,None,0
ORD103160,2024-03-19,BlueDart,Surat-Nagpur,West,Standard,4,4,TRUE,TRUE,TRUE,441.47,None,0
ORD103161,2024-07-05,Delhivery,Bangalore-Hyderabad,South,Economy,8,8,TRUE,TRUE,TRUE,225.82,None,0
ORD103162,2024-10-24,Ekart,Lucknow-Patna,East,Standard,4,7,FALSE,TRUE,FALSE,557.09,Address Issue,3
ORD103163,2024-09-12,BlueDart,Jaipur-Ahmedabad,North,Express,2,2,TRUE,TRUE,TRUE,837.88,None,0
ORD103164,2024-10-22,XpressBees,Surat-Nagpur,West,Economy,8,10,FALSE,TRUE,FALSE,258.87,Vehicle Breakdown,2
ORD103165,2024-07-23,BlueDart,Kochi-Coimbatore,South,Standard,5,6,FALSE,FALSE,FALSE,451.76,Vehicle Breakdown,1
ORD103166,2024-02-01,XpressBees,Kochi-Coimbatore,South,Economy,8,9,FALSE,TRUE,FALSE,249.89,Vehicle Breakdown,1
ORD103167,2024-01-13,XpressBees,Kochi-Coimbatore,South,Standard,4,6,FALSE,TRUE,FALSE,547.53,Customs Hold,2
ORD103168,2024-06-07,Ekart,Mumbai-Chennai,West,Economy,6,6,TRUE,FALSE,FALSE,207.12,Address Issue,0
ORD103169,2024-02-07,BlueDart,Kochi-Coimbatore,South,Standard,4,5,FALSE,TRUE,FALSE,487.11,Driver Shortage,1
ORD103170,2024-02-07,Delhivery,Bhopal-Indore,Central,Economy,6,6,TRUE,TRUE,TRUE,225.95,None,0
ORD103171,2024-04-24,Delhivery,Kochi-Coimbatore,South,Economy,7,7,TRUE,TRUE,TRUE,235.4,None,0
ORD103172,2024-08-25,XpressBees,Delhi-Mumbai,North,Express,1,3,FALSE,TRUE,FALSE,1394.43,None,2
ORD103173,2024-06-14,Ekart,Surat-Nagpur,West,Express,2,2,TRUE,TRUE,TRUE,870.48,None,0
ORD103174,2024-01-14,DTDC,Surat-Nagpur,West,Economy,7,7,TRUE,FALSE,FALSE,233.42,Driver Shortage,0
ORD103175,2024-12-26,Delhivery,Mumbai-Chennai,West,Standard,5,5,TRUE,TRUE,TRUE,428.28,None,0
ORD103176,2024-12-20,Ekart,Lucknow-Patna,East,Economy,8,10,FALSE,TRUE,FALSE,298.3,Customs Hold,2
ORD103177,2024-12-21,XpressBees,Delhi-Mumbai,North,Standard,4,7,FALSE,TRUE,FALSE,811,Customs Hold,3
ORD103178,2024-06-11,XpressBees,Chennai-Pune,South,Standard,5,7,FALSE,FALSE,FALSE,514.83,Customs Hold,2
ORD103179,2024-10-06,XpressBees,Surat-Nagpur,West,Standard,3,4,FALSE,FALSE,FALSE,550.35,Vehicle Breakdown,1
ORD103180,2024-03-16,Delhivery,Chennai-Pune,South,Standard,5,5,TRUE,TRUE,TRUE,417.27,None,0
ORD103181,2024-11-26,BlueDart,Lucknow-Patna,East,Economy,8,10,FALSE,TRUE,FALSE,278.66,Weather Delay,2
ORD103182,2024-07-24,XpressBees,Bhopal-Indore,Central,Express,2,4,FALSE,TRUE,FALSE,880.83,Driver Shortage,2
ORD103183,2024-03-30,Ekart,Lucknow-Patna,East,Standard,5,7,FALSE,TRUE,FALSE,622.63,None,2
ORD103184,2024-12-17,Delhivery,Chennai-Pune,South,Economy,8,8,TRUE,TRUE,TRUE,214.42,None,0
ORD103185,2024-11-11,BlueDart,Chennai-Pune,South,Standard,3,3,TRUE,TRUE,TRUE,412.7,None,0
ORD103186,2024-09-20,Ekart,Bhopal-Indore,Central,Economy,6,7,FALSE,FALSE,FALSE,228.91,Driver Shortage,1
ORD103187,2024-05-25,XpressBees,Lucknow-Patna,East,Express,2,4,FALSE,TRUE,FALSE,1450.89,None,2
ORD103188,2024-05-30,Delhivery,Kolkata-Delhi,North,Standard,5,8,FALSE,TRUE,FALSE,659.35,None,3
ORD103189,2024-12-12,BlueDart,Lucknow-Patna,East,Economy,6,8,FALSE,TRUE,FALSE,352.05,None,2
ORD103190,2024-06-27,BlueDart,Surat-Nagpur,West,Express,2,2,TRUE,FALSE,FALSE,795.02,Vehicle Breakdown,0
ORD103191,2024-12-11,DTDC,Chennai-Pune,South,Standard,3,5,FALSE,TRUE,FALSE,499.15,None,2
ORD103192,2024-11-23,DTDC,Bangalore-Hyderabad,South,Standard,4,7,FALSE,TRUE,FALSE,557.15,Address Issue,3
ORD103193,2024-12-14,DTDC,Kolkata-Delhi,North,Standard,4,10,FALSE,TRUE,FALSE,751.63,Driver Shortage,6
ORD103194,2024-05-25,Ekart,Kochi-Coimbatore,South,Economy,8,8,TRUE,TRUE,TRUE,201.67,None,0
ORD103195,2024-02-17,Ekart,Mumbai-Chennai,West,Economy,6,7,FALSE,TRUE,FALSE,239.41,Address Issue,1
ORD103196,2024-11-07,Delhivery,Kolkata-Delhi,North,Standard,5,7,FALSE,TRUE,FALSE,678.01,Driver Shortage,2
ORD103197,2024-08-22,XpressBees,Surat-Nagpur,West,Economy,6,9,FALSE,TRUE,FALSE,243.67,Weather Delay,3
ORD103198,2024-10-28,DTDC,Chennai-Pune,South,Economy,6,7,FALSE,TRUE,FALSE,259.68,None,1
ORD103199,2024-09-14,BlueDart,Kochi-Coimbatore,South,Economy,6,6,TRUE,TRUE,TRUE,233.07,None,0
ORD103200,2024-08-11,Delhivery,Lucknow-Patna,East,Standard,5,6,FALSE,TRUE,FALSE,562.09,High Volume Surge,1
ORD103201,2024-02-29,Delhivery,Kolkata-Delhi,North,Standard,4,5,FALSE,TRUE,FALSE,656.34,None,1
ORD103202,2024-09-30,BlueDart,Mumbai-Chennai,West,Economy,8,8,TRUE,TRUE,TRUE,235.91,None,0
ORD103203,2024-07-29,XpressBees,Chennai-Pune,South,Economy,7,9,FALSE,TRUE,FALSE,254.46,High Volume Surge,2
ORD103204,2024-01-05,DTDC,Mumbai-Chennai,West,Economy,6,7,FALSE,TRUE,FALSE,239.45,High Volume Surge,1
ORD103205,2024-06-20,Delhivery,Delhi-Mumbai,North,Express,2,4,FALSE,TRUE,FALSE,1350.53,Weather Delay,2
ORD103206,2024-11-08,Ekart,Jaipur-Ahmedabad,North,Economy,6,7,FALSE,TRUE,FALSE,222.11,None,1
ORD103207,2024-08-16,BlueDart,Bangalore-Hyderabad,South,Standard,4,4,TRUE,TRUE,TRUE,453.58,None,0
ORD103208,2024-10-07,XpressBees,Chennai-Pune,South,Express,2,2,TRUE,TRUE,TRUE,1093.93,None,0
ORD103209,2024-05-18,XpressBees,Chennai-Pune,South,Express,1,3,FALSE,FALSE,FALSE,934.44,None,2
ORD103210,2024-09-22,Delhivery,Jaipur-Ahmedabad,North,Economy,6,7,FALSE,TRUE,FALSE,239.48,High Volume Surge,1
ORD103211,2024-05-30,XpressBees,Kochi-Coimbatore,South,Economy,8,11,FALSE,TRUE,FALSE,245.2,Customs Hold,3
ORD103212,2024-03-10,Delhivery,Mumbai-Chennai,West,Standard,3,3,TRUE,TRUE,TRUE,488.36,None,0
ORD103213,2024-12-22,Delhivery,Kochi-Coimbatore,South,Standard,3,3,TRUE,TRUE,TRUE,444.15,None,0
ORD103214,2024-09-21,Ekart,Surat-Nagpur,West,Economy,6,6,TRUE,TRUE,TRUE,237.42,None,0
ORD103215,2024-05-30,BlueDart,Kochi-Coimbatore,South,Express,1,1,TRUE,TRUE,TRUE,854.76,None,0
ORD103216,2024-07-24,DTDC,Surat-Nagpur,West,Express,2,4,FALSE,TRUE,FALSE,997.69,High Volume Surge,2
ORD103217,2024-01-15,Delhivery,Bangalore-Hyderabad,South,Economy,6,6,TRUE,TRUE,TRUE,233.7,None,0
ORD103218,2024-12-27,Ekart,Lucknow-Patna,East,Economy,7,10,FALSE,TRUE,FALSE,322.03,None,3
ORD103219,2024-11-29,XpressBees,Bangalore-Hyderabad,South,Economy,7,7,TRUE,FALSE,FALSE,304.49,None,0
ORD103220,2024-06-29,BlueDart,Surat-Nagpur,West,Economy,7,7,TRUE,TRUE,TRUE,218.09,None,0
ORD103221,2024-09-06,Delhivery,Lucknow-Patna,East,Express,1,2,FALSE,TRUE,FALSE,1280.95,High Volume Surge,1
ORD103222,2024-06-26,BlueDart,Bhopal-Indore,Central,Standard,4,4,TRUE,TRUE,TRUE,484.38,None,0
ORD103223,2024-09-24,DTDC,Kochi-Coimbatore,South,Standard,5,7,FALSE,TRUE,FALSE,556.25,None,2
ORD103224,2024-10-03,Delhivery,Delhi-Mumbai,North,Economy,8,11,FALSE,TRUE,FALSE,271.89,Driver Shortage,3
ORD103225,2024-09-13,XpressBees,Lucknow-Patna,East,Economy,6,10,FALSE,TRUE,FALSE,445.71,None,4
ORD103226,2024-12-11,DTDC,Bangalore-Hyderabad,South,Standard,4,4,TRUE,TRUE,TRUE,534.39,None,0
ORD103227,2024-04-16,DTDC,Bangalore-Hyderabad,South,Economy,8,9,FALSE,TRUE,FALSE,256.91,Weather Delay,1
ORD103228,2024-12-05,XpressBees,Lucknow-Patna,East,Economy,7,10,FALSE,TRUE,FALSE,376.04,Driver Shortage,3
ORD103229,2024-01-04,Delhivery,Jaipur-Ahmedabad,North,Standard,3,4,FALSE,TRUE,FALSE,493.34,Vehicle Breakdown,1
ORD103230,2024-07-27,XpressBees,Bhopal-Indore,Central,Standard,5,5,TRUE,TRUE,TRUE,526.64,None,0
ORD103231,2024-09-02,DTDC,Bangalore-Hyderabad,South,Express,1,2,FALSE,TRUE,FALSE,1165.03,Address Issue,1
ORD103232,2024-01-29,Ekart,Kolkata-Delhi,North,Standard,3,4,FALSE,TRUE,FALSE,693.34,Weather Delay,1
ORD103233,2024-02-01,Ekart,Chennai-Pune,South,Express,2,2,TRUE,TRUE,TRUE,844.87,None,0
ORD103234,2024-01-12,XpressBees,Bangalore-Hyderabad,South,Express,1,1,TRUE,TRUE,TRUE,1163.42,None,0
ORD103235,2024-07-29,Delhivery,Chennai-Pune,South,Standard,3,3,TRUE,TRUE,TRUE,435.4,None,0
ORD103236,2024-01-20,DTDC,Bhopal-Indore,Central,Economy,8,10,FALSE,TRUE,FALSE,298.75,Driver Shortage,2
ORD103237,2024-10-25,BlueDart,Chennai-Pune,South,Express,2,3,FALSE,TRUE,FALSE,856.36,Address Issue,1
ORD103238,2024-01-06,Ekart,Lucknow-Patna,East,Standard,5,7,FALSE,TRUE,FALSE,766.56,High Volume Surge,2
ORD103239,2024-04-26,Ekart,Chennai-Pune,South,Economy,8,8,TRUE,TRUE,TRUE,216.97,None,0
ORD103240,2024-08-26,Delhivery,Kolkata-Delhi,North,Economy,6,9,FALSE,TRUE,FALSE,299.39,High Volume Surge,3
ORD103241,2024-06-09,BlueDart,Surat-Nagpur,West,Express,2,2,TRUE,TRUE,TRUE,869.54,None,0
ORD103242,2024-04-15,DTDC,Kochi-Coimbatore,South,Economy,7,8,FALSE,TRUE,FALSE,238.4,Address Issue,1
ORD103243,2024-09-12,BlueDart,Delhi-Mumbai,North,Express,1,2,FALSE,TRUE,FALSE,1027.24,High Volume Surge,1
ORD103244,2024-10-07,XpressBees,Mumbai-Chennai,West,Express,1,1,TRUE,TRUE,TRUE,1003.79,None,0
ORD103245,2024-04-21,BlueDart,Mumbai-Chennai,West,Economy,8,8,TRUE,TRUE,TRUE,214.1,None,0
ORD103246,2024-06-12,XpressBees,Kolkata-Delhi,North,Standard,3,7,FALSE,FALSE,FALSE,744.91,Weather Delay,4
ORD103247,2024-09-10,Ekart,Lucknow-Patna,East,Economy,7,10,FALSE,TRUE,FALSE,358.12,None,3
ORD103248,2024-12-18,DTDC,Jaipur-Ahmedabad,North,Standard,5,7,FALSE,TRUE,FALSE,481.63,Vehicle Breakdown,2
ORD103249,2024-02-08,Delhivery,Lucknow-Patna,East,Economy,8,11,FALSE,TRUE,FALSE,297.54,Address Issue,3
ORD103250,2024-12-05,Delhivery,Bhopal-Indore,Central,Economy,7,7,TRUE,TRUE,TRUE,203.76,None,0
ORD103251,2024-11-28,Delhivery,Jaipur-Ahmedabad,North,Express,2,2,TRUE,TRUE,TRUE,777.63,None,0
ORD103252,2024-09-08,BlueDart,Jaipur-Ahmedabad,North,Express,1,1,TRUE,TRUE,TRUE,919.31,None,0
ORD103253,2024-12-06,Ekart,Chennai-Pune,South,Standard,3,3,TRUE,TRUE,TRUE,408.63,None,0
ORD103254,2024-01-30,XpressBees,Bangalore-Hyderabad,South,Economy,7,9,FALSE,TRUE,FALSE,254.35,Address Issue,2
ORD103255,2024-12-25,Ekart,Kolkata-Delhi,North,Economy,6,7,FALSE,TRUE,FALSE,320.27,Weather Delay,1
ORD103256,2024-05-08,DTDC,Bangalore-Hyderabad,South,Express,2,2,TRUE,TRUE,TRUE,967.75,None,0
ORD103257,2024-03-25,Delhivery,Mumbai-Chennai,West,Economy,6,6,TRUE,TRUE,TRUE,234.54,None,0
ORD103258,2024-02-15,XpressBees,Jaipur-Ahmedabad,North,Economy,7,9,FALSE,TRUE,FALSE,270.57,Address Issue,2
ORD103259,2024-10-31,Delhivery,Bangalore-Hyderabad,South,Express,2,2,TRUE,TRUE,TRUE,779.68,None,0
ORD103260,2024-07-06,BlueDart,Mumbai-Chennai,West,Express,2,2,TRUE,TRUE,TRUE,850.4,None,0
ORD103261,2024-02-14,BlueDart,Surat-Nagpur,West,Express,1,2,FALSE,TRUE,FALSE,916.72,Customs Hold,1
ORD103262,2024-11-13,XpressBees,Bangalore-Hyderabad,South,Express,2,2,TRUE,TRUE,TRUE,1013.13,None,0
ORD103263,2024-01-18,Delhivery,Mumbai-Chennai,West,Economy,6,6,TRUE,FALSE,FALSE,210.76,High Volume Surge,0
ORD103264,2024-07-03,DTDC,Bangalore-Hyderabad,South,Economy,8,8,TRUE,TRUE,TRUE,261.04,None,0
ORD103265,2024-04-21,Delhivery,Bangalore-Hyderabad,South,Express,1,1,TRUE,TRUE,TRUE,776.92,None,0
ORD103266,2024-07-23,Ekart,Kolkata-Delhi,North,Standard,5,8,FALSE,TRUE,FALSE,676.4,Driver Shortage,3
ORD103267,2024-12-01,BlueDart,Surat-Nagpur,West,Standard,5,5,TRUE,TRUE,TRUE,412.66,None,0
ORD103268,2024-01-12,DTDC,Kolkata-Delhi,North,Economy,6,10,FALSE,TRUE,FALSE,360.81,Vehicle Breakdown,4
ORD103269,2024-06-25,Ekart,Kolkata-Delhi,North,Standard,5,8,FALSE,FALSE,FALSE,619.78,Customs Hold,3
ORD103270,2024-04-16,XpressBees,Delhi-Mumbai,North,Standard,4,7,FALSE,TRUE,FALSE,696.3,Driver Shortage,3
ORD103271,2024-01-29,XpressBees,Mumbai-Chennai,West,Express,1,4,FALSE,TRUE,FALSE,934.27,Driver Shortage,3
ORD103272,2024-01-07,XpressBees,Jaipur-Ahmedabad,North,Express,1,4,FALSE,TRUE,FALSE,955.34,Weather Delay,3
ORD103273,2024-05-06,DTDC,Jaipur-Ahmedabad,North,Economy,7,9,FALSE,TRUE,FALSE,288.01,None,2
ORD103274,2024-12-01,XpressBees,Kolkata-Delhi,North,Express,1,3,FALSE,TRUE,FALSE,1222.74,Address Issue,2
ORD103275,2024-05-30,DTDC,Delhi-Mumbai,North,Standard,3,4,FALSE,TRUE,FALSE,864.08,Customs Hold,1
ORD103276,2024-01-03,DTDC,Chennai-Pune,South,Economy,8,10,FALSE,TRUE,FALSE,256.76,Driver Shortage,2
ORD103277,2024-05-20,XpressBees,Kochi-Coimbatore,South,Express,1,3,FALSE,TRUE,FALSE,1000.25,Address Issue,2
ORD103278,2024-01-13,Ekart,Jaipur-Ahmedabad,North,Express,1,1,TRUE,TRUE,TRUE,927.32,None,0
ORD103279,2024-07-21,Ekart,Kolkata-Delhi,North,Economy,6,8,FALSE,TRUE,FALSE,304.03,Vehicle Breakdown,2
ORD103280,2024-07-05,Delhivery,Kochi-Coimbatore,South,Express,1,1,TRUE,FALSE,FALSE,883.13,Customs Hold,0
ORD103281,2024-12-30,Ekart,Bhopal-Indore,Central,Standard,4,4,TRUE,TRUE,TRUE,471.42,None,0
ORD103282,2024-08-22,BlueDart,Chennai-Pune,South,Standard,3,4,FALSE,TRUE,FALSE,416.72,Weather Delay,1
ORD103283,2024-01-03,Ekart,Jaipur-Ahmedabad,North,Express,2,3,FALSE,TRUE,FALSE,785.71,Address Issue,1
ORD103284,2024-04-01,BlueDart,Bhopal-Indore,Central,Express,2,2,TRUE,TRUE,TRUE,827.88,None,0
ORD103285,2024-02-07,BlueDart,Bhopal-Indore,Central,Economy,7,7,TRUE,TRUE,TRUE,237.23,None,0
ORD103286,2024-07-23,DTDC,Lucknow-Patna,East,Standard,3,6,FALSE,TRUE,FALSE,818.4,Vehicle Breakdown,3
ORD103287,2024-05-06,Ekart,Delhi-Mumbai,North,Standard,4,7,FALSE,TRUE,FALSE,601.76,High Volume Surge,3
ORD103288,2024-12-17,DTDC,Lucknow-Patna,East,Standard,3,6,FALSE,TRUE,FALSE,850.55,Driver Shortage,3
ORD103289,2024-01-15,Ekart,Jaipur-Ahmedabad,North,Standard,5,5,TRUE,TRUE,TRUE,475.91,None,0
ORD103290,2024-04-22,Delhivery,Delhi-Mumbai,North,Express,1,3,FALSE,TRUE,FALSE,1139.32,None,2
ORD103291,2024-04-16,XpressBees,Bhopal-Indore,Central,Economy,7,8,FALSE,TRUE,FALSE,282.95,Driver Shortage,1
ORD103292,2024-01-16,DTDC,Lucknow-Patna,East,Express,2,5,FALSE,TRUE,FALSE,1479.01,None,3
ORD103293,2024-01-10,DTDC,Kochi-Coimbatore,South,Express,2,4,FALSE,FALSE,FALSE,894.93,Address Issue,2
ORD103294,2024-12-19,Ekart,Kolkata-Delhi,North,Economy,8,10,FALSE,TRUE,FALSE,333.45,Weather Delay,2
ORD103295,2024-05-10,Delhivery,Lucknow-Patna,East,Standard,5,7,FALSE,TRUE,FALSE,639.22,Address Issue,2
ORD103296,2024-12-22,DTDC,Chennai-Pune,South,Economy,7,8,FALSE,TRUE,FALSE,305.57,Customs Hold,1
ORD103297,2024-02-04,XpressBees,Jaipur-Ahmedabad,North,Express,2,3,FALSE,TRUE,FALSE,1014.17,Driver Shortage,1
ORD103298,2024-10-26,Delhivery,Surat-Nagpur,West,Standard,4,5,FALSE,TRUE,FALSE,475.48,Address Issue,1
ORD103299,2024-10-09,Delhivery,Bangalore-Hyderabad,South,Standard,5,5,TRUE,TRUE,TRUE,469.04,None,0
ORD103300,2024-02-16,Delhivery,Kolkata-Delhi,North,Standard,4,8,FALSE,TRUE,FALSE,702.6,None,4
ORD103301,2024-05-25,BlueDart,Surat-Nagpur,West,Standard,5,5,TRUE,TRUE,TRUE,469.09,None,0
ORD103302,2024-06-03,XpressBees,Jaipur-Ahmedabad,North,Standard,3,5,FALSE,FALSE,FALSE,571.19,High Volume Surge,2
ORD103303,2024-05-05,Ekart,Bhopal-Indore,Central,Express,2,2,TRUE,TRUE,TRUE,916.47,None,0
ORD103304,2024-08-29,Ekart,Jaipur-Ahmedabad,North,Express,1,1,TRUE,TRUE,TRUE,879.67,None,0
ORD103305,2024-05-20,XpressBees,Jaipur-Ahmedabad,North,Economy,7,9,FALSE,TRUE,FALSE,226.48,Customs Hold,2
ORD103306,2024-01-20,XpressBees,Surat-Nagpur,West,Express,1,2,FALSE,TRUE,FALSE,966.74,Customs Hold,1
ORD103307,2024-06-02,DTDC,Bhopal-Indore,Central,Standard,3,5,FALSE,TRUE,FALSE,504.91,Weather Delay,2
ORD103308,2024-10-22,Ekart,Lucknow-Patna,East,Standard,4,7,FALSE,TRUE,FALSE,771.21,None,3
ORD103309,2024-12-09,Ekart,Surat-Nagpur,West,Standard,3,3,TRUE,TRUE,TRUE,449.05,None,0
ORD103310,2024-12-11,DTDC,Bhopal-Indore,Central,Economy,7,9,FALSE,TRUE,FALSE,295.67,High Volume Surge,2
ORD103311,2024-02-14,XpressBees,Surat-Nagpur,West,Express,1,2,FALSE,TRUE,FALSE,927.89,Vehicle Breakdown,1
ORD103312,2024-10-26,BlueDart,Bhopal-Indore,Central,Economy,6,6,TRUE,TRUE,TRUE,223.16,None,0
ORD103313,2024-10-19,DTDC,Delhi-Mumbai,North,Standard,5,8,FALSE,FALSE,FALSE,881.19,Vehicle Breakdown,3
ORD103314,2024-01-01,XpressBees,Jaipur-Ahmedabad,North,Express,2,4,FALSE,TRUE,FALSE,971.82,None,2
ORD103315,2024-01-24,Delhivery,Delhi-Mumbai,North,Economy,8,10,FALSE,TRUE,FALSE,358.45,None,2
ORD103316,2024-01-19,XpressBees,Kolkata-Delhi,North,Economy,6,12,FALSE,TRUE,FALSE,418.97,Vehicle Breakdown,6
ORD103317,2024-03-20,BlueDart,Surat-Nagpur,West,Economy,8,8,TRUE,TRUE,TRUE,209.94,None,0
ORD103318,2024-12-10,XpressBees,Lucknow-Patna,East,Economy,7,12,FALSE,TRUE,FALSE,320.77,Address Issue,5
ORD103319,2024-02-15,Ekart,Chennai-Pune,South,Standard,4,5,FALSE,TRUE,FALSE,447.38,Address Issue,1
ORD103320,2024-04-09,DTDC,Kochi-Coimbatore,South,Express,1,2,FALSE,TRUE,FALSE,930.56,Weather Delay,1
ORD103321,2024-07-22,Ekart,Chennai-Pune,South,Express,1,1,TRUE,TRUE,TRUE,930.74,None,0
ORD103322,2024-05-10,Delhivery,Kochi-Coimbatore,South,Express,1,1,TRUE,TRUE,TRUE,831.12,None,0
ORD103323,2024-01-17,Delhivery,Jaipur-Ahmedabad,North,Standard,4,4,TRUE,TRUE,TRUE,460.06,None,0
ORD103324,2024-06-24,Ekart,Surat-Nagpur,West,Express,2,2,TRUE,TRUE,TRUE,838.56,None,0
ORD103325,2024-12-28,Delhivery,Bangalore-Hyderabad,South,Standard,4,5,FALSE,TRUE,FALSE,438.13,None,1
ORD103326,2024-04-17,Delhivery,Bhopal-Indore,Central,Standard,5,5,TRUE,TRUE,TRUE,476.87,None,0
ORD103327,2024-07-23,XpressBees,Lucknow-Patna,East,Economy,6,8,FALSE,TRUE,FALSE,321.6,Driver Shortage,2
ORD103328,2024-10-23,DTDC,Bangalore-Hyderabad,South,Express,2,2,TRUE,TRUE,TRUE,933.58,None,0
ORD103329,2024-10-05,BlueDart,Kolkata-Delhi,North,Express,1,3,FALSE,TRUE,FALSE,1347.4,None,2
ORD103330,2024-08-16,Ekart,Kochi-Coimbatore,South,Express,1,1,TRUE,TRUE,TRUE,770.78,None,0
ORD103331,2024-09-30,Ekart,Delhi-Mumbai,North,Express,1,2,FALSE,TRUE,FALSE,1275.7,Vehicle Breakdown,1
ORD103332,2024-10-07,Ekart,Chennai-Pune,South,Standard,5,5,TRUE,TRUE,TRUE,463.11,None,0
ORD103333,2024-12-12,Ekart,Delhi-Mumbai,North,Standard,3,5,FALSE,TRUE,FALSE,712.77,Driver Shortage,2
ORD103334,2024-12-27,XpressBees,Mumbai-Chennai,West,Standard,5,8,FALSE,TRUE,FALSE,592.98,Address Issue,3
ORD103335,2024-12-22,Ekart,Jaipur-Ahmedabad,North,Standard,5,5,TRUE,TRUE,TRUE,449.05,None,0
ORD103336,2024-04-15,Delhivery,Bhopal-Indore,Central,Standard,5,5,TRUE,TRUE,TRUE,407.71,None,0
ORD103337,2024-04-19,XpressBees,Bangalore-Hyderabad,South,Express,2,4,FALSE,TRUE,FALSE,1070.16,High Volume Surge,2
ORD103338,2024-12-12,BlueDart,Kochi-Coimbatore,South,Express,2,3,FALSE,TRUE,FALSE,880.08,Vehicle Breakdown,1
ORD103339,2024-08-03,BlueDart,Kolkata-Delhi,North,Economy,7,8,FALSE,TRUE,FALSE,317.01,Driver Shortage,1
ORD103340,2024-08-10,Ekart,Jaipur-Ahmedabad,North,Express,1,1,TRUE,TRUE,TRUE,832.34,None,0
ORD103341,2024-06-01,XpressBees,Bhopal-Indore,Central,Economy,8,9,FALSE,TRUE,FALSE,241.63,Weather Delay,1
ORD103342,2024-01-01,DTDC,Kochi-Coimbatore,South,Economy,8,9,FALSE,FALSE,FALSE,279.68,None,1
ORD103343,2024-08-14,DTDC,Kolkata-Delhi,North,Standard,3,6,FALSE,TRUE,FALSE,714.88,Driver Shortage,3
ORD103344,2024-05-27,Delhivery,Chennai-Pune,South,Economy,8,9,FALSE,TRUE,FALSE,224.56,High Volume Surge,1
ORD103345,2024-07-07,Delhivery,Delhi-Mumbai,North,Economy,8,10,FALSE,TRUE,FALSE,296.48,Driver Shortage,2
ORD103346,2024-12-05,BlueDart,Kolkata-Delhi,North,Standard,3,7,FALSE,TRUE,FALSE,620.46,None,4
ORD103347,2024-08-24,XpressBees,Bangalore-Hyderabad,South,Express,2,5,FALSE,TRUE,FALSE,990.77,Driver Shortage,3
ORD103348,2024-01-03,Delhivery,Kolkata-Delhi,North,Express,1,4,FALSE,TRUE,FALSE,1270.77,Customs Hold,3
ORD103349,2024-08-14,DTDC,Mumbai-Chennai,West,Express,1,3,FALSE,TRUE,FALSE,1002.08,Weather Delay,2
ORD103350,2024-08-28,Delhivery,Kolkata-Delhi,North,Standard,4,7,FALSE,TRUE,FALSE,669.66,Driver Shortage,3
ORD103351,2024-01-30,Ekart,Bhopal-Indore,Central,Economy,7,7,TRUE,TRUE,TRUE,241.64,None,0
ORD103352,2024-12-02,BlueDart,Kochi-Coimbatore,South,Economy,6,7,FALSE,TRUE,FALSE,216.25,Driver Shortage,1
ORD103353,2024-06-02,DTDC,Jaipur-Ahmedabad,North,Express,1,2,FALSE,TRUE,FALSE,1119.81,High Volume Surge,1
ORD103354,2024-06-15,XpressBees,Chennai-Pune,South,Express,1,4,FALSE,TRUE,FALSE,1137.96,Driver Shortage,3
ORD103355,2024-10-04,DTDC,Bangalore-Hyderabad,South,Economy,6,8,FALSE,TRUE,FALSE,282.24,Customs Hold,2
ORD103356,2024-07-25,XpressBees,Chennai-Pune,South,Standard,3,5,FALSE,TRUE,FALSE,552.37,High Volume Surge,2
ORD103357,2024-01-30,Ekart,Bhopal-Indore,Central,Economy,6,6,TRUE,TRUE,TRUE,230.86,None,0
ORD103358,2024-11-23,Delhivery,Bangalore-Hyderabad,South,Express,2,2,TRUE,TRUE,TRUE,868.4,None,0
ORD103359,2024-10-31,Ekart,Bangalore-Hyderabad,South,Express,2,2,TRUE,TRUE,TRUE,854.83,None,0
ORD103360,2024-04-30,Delhivery,Jaipur-Ahmedabad,North,Express,1,1,TRUE,TRUE,TRUE,831.11,None,0
ORD103361,2024-08-06,XpressBees,Bhopal-Indore,Central,Express,1,3,FALSE,TRUE,FALSE,1065.12,None,2
ORD103362,2024-03-03,Ekart,Delhi-Mumbai,North,Economy,6,8,FALSE,TRUE,FALSE,312.58,High Volume Surge,2
ORD103363,2024-10-21,XpressBees,Mumbai-Chennai,West,Express,1,1,TRUE,TRUE,TRUE,990.51,None,0
ORD103364,2024-03-03,Ekart,Lucknow-Patna,East,Standard,5,7,FALSE,TRUE,FALSE,642.49,Address Issue,2
ORD103365,2024-12-04,DTDC,Jaipur-Ahmedabad,North,Economy,6,6,TRUE,TRUE,TRUE,274.49,None,0
ORD103366,2024-06-22,BlueDart,Lucknow-Patna,East,Express,1,4,FALSE,TRUE,FALSE,1185.22,None,3
ORD103367,2024-02-05,Delhivery,Surat-Nagpur,West,Economy,6,6,TRUE,TRUE,TRUE,236.91,None,0
ORD103368,2024-07-10,Ekart,Bangalore-Hyderabad,South,Standard,4,4,TRUE,TRUE,TRUE,413.34,None,0
ORD103369,2024-10-23,BlueDart,Bhopal-Indore,Central,Standard,5,5,TRUE,TRUE,TRUE,459.68,None,0
ORD103370,2024-02-18,Delhivery,Mumbai-Chennai,West,Standard,5,5,TRUE,FALSE,FALSE,437.06,None,0
ORD103371,2024-09-04,Delhivery,Kochi-Coimbatore,South,Economy,7,8,FALSE,TRUE,FALSE,217.06,Weather Delay,1
ORD103372,2024-01-09,DTDC,Delhi-Mumbai,North,Express,2,5,FALSE,TRUE,FALSE,1788.88,Address Issue,3
ORD103373,2024-04-16,BlueDart,Surat-Nagpur,West,Economy,7,7,TRUE,TRUE,TRUE,224,None,0
ORD103374,2024-10-15,BlueDart,Bangalore-Hyderabad,South,Express,2,2,TRUE,TRUE,TRUE,787.91,None,0
ORD103375,2024-08-29,BlueDart,Chennai-Pune,South,Economy,6,6,TRUE,TRUE,TRUE,227.75,None,0
ORD103376,2024-05-10,Ekart,Surat-Nagpur,West,Economy,8,8,TRUE,TRUE,TRUE,229.52,None,0
ORD103377,2024-04-02,BlueDart,Bhopal-Indore,Central,Standard,4,4,TRUE,TRUE,TRUE,487.63,None,0
ORD103378,2024-08-07,Delhivery,Lucknow-Patna,East,Economy,6,9,FALSE,TRUE,FALSE,358.11,Weather Delay,3
ORD103379,2024-02-11,XpressBees,Jaipur-Ahmedabad,North,Economy,6,6,TRUE,FALSE,FALSE,278.29,None,0
ORD103380,2024-11-07,Delhivery,Mumbai-Chennai,West,Economy,8,8,TRUE,TRUE,TRUE,225.04,None,0
ORD103381,2024-01-31,Delhivery,Kolkata-Delhi,North,Express,1,3,FALSE,TRUE,FALSE,1364.79,Vehicle Breakdown,2
ORD103382,2024-01-11,Delhivery,Lucknow-Patna,East,Express,1,3,FALSE,TRUE,FALSE,1293.27,Weather Delay,2
ORD103383,2024-03-24,XpressBees,Kochi-Coimbatore,South,Economy,6,9,FALSE,TRUE,FALSE,233.79,None,3
ORD103384,2024-03-03,BlueDart,Mumbai-Chennai,West,Express,1,1,TRUE,TRUE,TRUE,766,None,0
ORD103385,2024-02-08,Ekart,Lucknow-Patna,East,Express,1,3,FALSE,TRUE,FALSE,1399.95,Driver Shortage,2
ORD103386,2024-10-16,XpressBees,Kochi-Coimbatore,South,Express,2,2,TRUE,TRUE,TRUE,982.13,None,0
ORD103387,2024-01-18,BlueDart,Jaipur-Ahmedabad,North,Standard,3,3,TRUE,TRUE,TRUE,487.05,None,0
ORD103388,2024-06-27,Delhivery,Lucknow-Patna,East,Economy,7,9,FALSE,TRUE,FALSE,307.03,High Volume Surge,2
ORD103389,2024-06-05,BlueDart,Kochi-Coimbatore,South,Standard,4,4,TRUE,TRUE,TRUE,429.68,None,0
ORD103390,2024-06-10,DTDC,Bangalore-Hyderabad,South,Economy,6,7,FALSE,TRUE,FALSE,288.24,Vehicle Breakdown,1
ORD103391,2024-09-10,DTDC,Kolkata-Delhi,North,Standard,4,7,FALSE,TRUE,FALSE,726.45,Address Issue,3
ORD103392,2024-01-08,DTDC,Bangalore-Hyderabad,South,Economy,7,8,FALSE,TRUE,FALSE,264.81,High Volume Surge,1
ORD103393,2024-08-10,XpressBees,Bangalore-Hyderabad,South,Express,2,3,FALSE,FALSE,FALSE,928.66,Customs Hold,1
ORD103394,2024-12-11,Delhivery,Delhi-Mumbai,North,Standard,5,8,FALSE,TRUE,FALSE,765.63,Driver Shortage,3
ORD103395,2024-03-21,XpressBees,Lucknow-Patna,East,Economy,6,8,FALSE,TRUE,FALSE,453.88,None,2
ORD103396,2024-06-14,Ekart,Mumbai-Chennai,West,Standard,3,3,TRUE,TRUE,TRUE,489.4,None,0
ORD103397,2024-07-18,Ekart,Bangalore-Hyderabad,South,Express,1,1,TRUE,TRUE,TRUE,905.73,None,0
ORD103398,2024-01-29,BlueDart,Delhi-Mumbai,North,Economy,7,10,FALSE,TRUE,FALSE,340.73,None,3
ORD103399,2024-04-06,Delhivery,Jaipur-Ahmedabad,North,Express,2,2,TRUE,TRUE,TRUE,895.48,None,0
ORD103400,2024-03-17,DTDC,Mumbai-Chennai,West,Standard,4,5,FALSE,TRUE,FALSE,595.84,None,1
ORD103401,2024-04-25,Delhivery,Kolkata-Delhi,North,Express,1,2,FALSE,TRUE,FALSE,1361.02,Driver Shortage,1
ORD103402,2024-10-02,Ekart,Mumbai-Chennai,West,Economy,8,8,TRUE,TRUE,TRUE,199.36,None,0
ORD103403,2024-03-18,DTDC,Surat-Nagpur,West,Express,2,4,FALSE,TRUE,FALSE,1121.4,High Volume Surge,2
ORD103404,2024-04-26,BlueDart,Chennai-Pune,South,Express,1,1,TRUE,TRUE,TRUE,855.25,None,0
ORD103405,2024-01-22,Delhivery,Mumbai-Chennai,West,Standard,5,5,TRUE,TRUE,TRUE,463.78,None,0
ORD103406,2024-04-21,XpressBees,Kochi-Coimbatore,South,Express,2,3,FALSE,TRUE,FALSE,1068.96,Customs Hold,1
ORD103407,2024-08-01,Ekart,Jaipur-Ahmedabad,North,Economy,7,8,FALSE,TRUE,FALSE,232.16,Vehicle Breakdown,1
ORD103408,2024-06-08,Ekart,Kolkata-Delhi,North,Economy,8,11,FALSE,TRUE,FALSE,335.57,Address Issue,3
ORD103409,2024-08-26,Delhivery,Chennai-Pune,South,Express,2,2,TRUE,TRUE,TRUE,776.49,None,0
ORD103410,2024-04-05,DTDC,Bhopal-Indore,Central,Express,1,2,FALSE,TRUE,FALSE,951.5,High Volume Surge,1
ORD103411,2024-03-06,XpressBees,Bhopal-Indore,Central,Express,1,3,FALSE,TRUE,FALSE,1092.74,High Volume Surge,2
ORD103412,2024-02-06,DTDC,Bhopal-Indore,Central,Standard,4,6,FALSE,FALSE,FALSE,505.55,Vehicle Breakdown,2
ORD103413,2024-09-03,XpressBees,Kolkata-Delhi,North,Economy,7,10,FALSE,TRUE,FALSE,350.09,Weather Delay,3
ORD103414,2024-07-17,BlueDart,Chennai-Pune,South,Standard,4,4,TRUE,FALSE,FALSE,478.71,None,0
ORD103415,2024-07-14,Ekart,Mumbai-Chennai,West,Standard,4,4,TRUE,TRUE,TRUE,483.05,None,0
ORD103416,2024-02-05,Ekart,Chennai-Pune,South,Economy,7,7,TRUE,TRUE,TRUE,207.01,None,0
ORD103417,2024-10-24,DTDC,Kochi-Coimbatore,South,Standard,3,3,TRUE,TRUE,TRUE,612.72,None,0
ORD103418,2024-04-15,Delhivery,Surat-Nagpur,West,Economy,7,8,FALSE,FALSE,FALSE,199.11,None,1
ORD103419,2024-07-30,Delhivery,Chennai-Pune,South,Standard,4,5,FALSE,TRUE,FALSE,469.03,High Volume Surge,1
ORD103420,2024-02-29,DTDC,Mumbai-Chennai,West,Economy,8,9,FALSE,TRUE,FALSE,254.65,Vehicle Breakdown,1
ORD103421,2024-05-27,DTDC,Jaipur-Ahmedabad,North,Economy,6,7,FALSE,TRUE,FALSE,283.09,Customs Hold,1
ORD103422,2024-11-04,BlueDart,Kochi-Coimbatore,South,Express,1,1,TRUE,TRUE,TRUE,796.66,None,0
ORD103423,2024-09-25,Ekart,Jaipur-Ahmedabad,North,Economy,6,7,FALSE,FALSE,FALSE,217.82,Address Issue,1
ORD103424,2024-06-29,XpressBees,Kolkata-Delhi,North,Economy,7,11,FALSE,TRUE,FALSE,317.2,Customs Hold,4
ORD103425,2024-04-02,BlueDart,Lucknow-Patna,East,Express,2,4,FALSE,TRUE,FALSE,1453.82,None,2
ORD103426,2024-08-13,Delhivery,Bhopal-Indore,Central,Express,1,2,FALSE,TRUE,FALSE,856.32,Address Issue,1
ORD103427,2024-07-03,XpressBees,Bangalore-Hyderabad,South,Standard,5,5,TRUE,TRUE,TRUE,476.1,None,0
ORD103428,2024-05-19,XpressBees,Kochi-Coimbatore,South,Economy,6,8,FALSE,TRUE,FALSE,283.87,None,2
ORD103429,2024-05-15,Ekart,Bhopal-Indore,Central,Express,1,1,TRUE,TRUE,TRUE,876.08,None,0
ORD103430,2024-06-28,Ekart,Kolkata-Delhi,North,Economy,8,10,FALSE,TRUE,FALSE,308.16,Customs Hold,2
ORD103431,2024-10-12,Delhivery,Mumbai-Chennai,West,Standard,3,3,TRUE,FALSE,FALSE,439.99,None,0
ORD103432,2024-12-18,XpressBees,Mumbai-Chennai,West,Economy,6,7,FALSE,TRUE,FALSE,275.87,None,1
ORD103433,2024-10-20,Ekart,Lucknow-Patna,East,Economy,7,9,FALSE,TRUE,FALSE,277.17,None,2
ORD103434,2024-09-09,BlueDart,Kolkata-Delhi,North,Express,2,4,FALSE,TRUE,FALSE,1228.88,High Volume Surge,2
ORD103435,2024-06-07,XpressBees,Surat-Nagpur,West,Standard,5,5,TRUE,TRUE,TRUE,502.19,None,0
ORD103436,2024-10-07,XpressBees,Mumbai-Chennai,West,Standard,5,5,TRUE,TRUE,TRUE,574.56,None,0
ORD103437,2024-12-13,Ekart,Bhopal-Indore,Central,Express,2,3,FALSE,TRUE,FALSE,797.64,Weather Delay,1
ORD103438,2024-01-01,XpressBees,Surat-Nagpur,West,Express,2,2,TRUE,FALSE,FALSE,969.78,High Volume Surge,0
ORD103439,2024-02-08,Ekart,Chennai-Pune,South,Express,1,2,FALSE,TRUE,FALSE,849.9,None,1
ORD103440,2024-07-15,DTDC,Chennai-Pune,South,Economy,6,6,TRUE,TRUE,TRUE,259.45,None,0
ORD103441,2024-10-19,XpressBees,Chennai-Pune,South,Economy,8,8,TRUE,TRUE,TRUE,294.2,None,0
ORD103442,2024-10-20,Ekart,Mumbai-Chennai,West,Standard,3,3,TRUE,TRUE,TRUE,460.18,None,0
ORD103443,2024-04-09,XpressBees,Lucknow-Patna,East,Economy,6,9,FALSE,TRUE,FALSE,347.79,None,3
ORD103444,2024-09-17,Delhivery,Surat-Nagpur,West,Standard,4,4,TRUE,TRUE,TRUE,410.14,None,0
ORD103445,2024-08-15,DTDC,Lucknow-Patna,East,Economy,7,9,FALSE,TRUE,FALSE,410.54,Driver Shortage,2
ORD103446,2024-11-12,Delhivery,Kochi-Coimbatore,South,Express,2,3,FALSE,FALSE,FALSE,784.66,Driver Shortage,1
ORD103447,2024-10-27,XpressBees,Mumbai-Chennai,West,Economy,7,7,TRUE,TRUE,TRUE,251.72,None,0
ORD103448,2024-06-26,DTDC,Lucknow-Patna,East,Standard,4,10,FALSE,TRUE,FALSE,714.71,Vehicle Breakdown,6
ORD103449,2024-09-11,XpressBees,Bhopal-Indore,Central,Standard,5,6,FALSE,TRUE,FALSE,634.34,Address Issue,1
ORD103450,2024-10-31,Delhivery,Delhi-Mumbai,North,Standard,3,5,FALSE,TRUE,FALSE,641.66,Address Issue,2
ORD103451,2024-05-15,Ekart,Lucknow-Patna,East,Economy,7,11,FALSE,TRUE,FALSE,318.97,Driver Shortage,4
ORD103452,2024-05-09,BlueDart,Surat-Nagpur,West,Standard,4,4,TRUE,TRUE,TRUE,444.9,None,0
ORD103453,2024-05-03,BlueDart,Jaipur-Ahmedabad,North,Economy,8,8,TRUE,TRUE,TRUE,232.08,None,0
ORD103454,2024-11-24,XpressBees,Surat-Nagpur,West,Express,1,3,FALSE,TRUE,FALSE,1085.78,Vehicle Breakdown,2
ORD103455,2024-05-23,Ekart,Kochi-Coimbatore,South,Standard,3,3,TRUE,TRUE,TRUE,478.33,None,0
ORD103456,2024-04-11,BlueDart,Bhopal-Indore,Central,Standard,5,5,TRUE,TRUE,TRUE,452.89,None,0
ORD103457,2024-05-06,Ekart,Bhopal-Indore,Central,Standard,5,5,TRUE,TRUE,TRUE,459.64,None,0
ORD103458,2024-05-20,DTDC,Lucknow-Patna,East,Standard,4,9,FALSE,TRUE,FALSE,777.82,Weather Delay,5
ORD103459,2024-05-11,Ekart,Mumbai-Chennai,West,Express,2,2,TRUE,TRUE,TRUE,933.2,None,0
ORD103460,2024-08-09,Ekart,Delhi-Mumbai,North,Express,1,4,FALSE,TRUE,FALSE,1328.07,High Volume Surge,3
ORD103461,2024-08-09,Delhivery,Kolkata-Delhi,North,Standard,4,6,FALSE,TRUE,FALSE,681.02,Customs Hold,2
ORD103462,2024-10-31,Delhivery,Delhi-Mumbai,North,Express,1,3,FALSE,TRUE,FALSE,1244.08,None,2
ORD103463,2024-02-15,BlueDart,Bangalore-Hyderabad,South,Economy,8,8,TRUE,TRUE,TRUE,201.07,None,0
ORD103464,2024-07-19,Delhivery,Delhi-Mumbai,North,Economy,7,9,FALSE,TRUE,FALSE,332.89,Weather Delay,2
ORD103465,2024-08-06,DTDC,Chennai-Pune,South,Standard,5,7,FALSE,TRUE,FALSE,539.21,Weather Delay,2
ORD103466,2024-05-18,Ekart,Mumbai-Chennai,West,Standard,3,3,TRUE,TRUE,TRUE,463.98,None,0
ORD103467,2024-04-03,DTDC,Surat-Nagpur,West,Economy,6,7,FALSE,TRUE,FALSE,291.61,Driver Shortage,1
ORD103468,2024-02-13,BlueDart,Lucknow-Patna,East,Express,2,4,FALSE,TRUE,FALSE,1208.46,Customs Hold,2
ORD103469,2024-02-18,BlueDart,Bhopal-Indore,Central,Express,1,1,TRUE,TRUE,TRUE,832.85,None,0
ORD103470,2024-12-24,DTDC,Kolkata-Delhi,North,Express,1,4,FALSE,TRUE,FALSE,1673.78,Weather Delay,3
ORD103471,2024-10-23,Delhivery,Kolkata-Delhi,North,Standard,4,8,FALSE,FALSE,FALSE,709.46,Customs Hold,4
ORD103472,2024-08-06,BlueDart,Mumbai-Chennai,West,Economy,7,7,TRUE,TRUE,TRUE,199.32,None,0
ORD103473,2024-08-13,BlueDart,Chennai-Pune,South,Standard,3,4,FALSE,TRUE,FALSE,473.52,Address Issue,1
ORD103474,2024-06-28,Ekart,Bhopal-Indore,Central,Economy,6,6,TRUE,TRUE,TRUE,220.77,None,0
ORD103475,2024-05-29,Delhivery,Surat-Nagpur,West,Standard,4,4,TRUE,TRUE,TRUE,405.65,None,0
ORD103476,2024-10-10,DTDC,Chennai-Pune,South,Express,2,2,TRUE,TRUE,TRUE,1038.12,None,0
ORD103477,2024-08-07,Delhivery,Bhopal-Indore,Central,Economy,7,7,TRUE,TRUE,TRUE,239.72,None,0
ORD103478,2024-10-20,DTDC,Surat-Nagpur,West,Standard,5,7,FALSE,TRUE,FALSE,629.89,Driver Shortage,2
ORD103479,2024-07-09,DTDC,Jaipur-Ahmedabad,North,Express,1,1,TRUE,TRUE,TRUE,964.49,None,0
ORD103480,2024-11-28,BlueDart,Lucknow-Patna,East,Economy,7,9,FALSE,TRUE,FALSE,312.19,Vehicle Breakdown,2
ORD103481,2024-05-05,Delhivery,Delhi-Mumbai,North,Economy,8,12,FALSE,TRUE,FALSE,328.06,Vehicle Breakdown,4
ORD103482,2024-01-31,XpressBees,Jaipur-Ahmedabad,North,Standard,4,4,TRUE,FALSE,FALSE,558.98,Address Issue,0
ORD103483,2024-10-12,XpressBees,Bangalore-Hyderabad,South,Express,1,1,TRUE,FALSE,FALSE,1124.75,None,0
ORD103484,2024-09-29,BlueDart,Jaipur-Ahmedabad,North,Express,2,2,TRUE,TRUE,TRUE,877.93,None,0
ORD103485,2024-09-27,BlueDart,Bangalore-Hyderabad,South,Economy,7,7,TRUE,TRUE,TRUE,200.44,None,0
ORD103486,2024-09-28,BlueDart,Mumbai-Chennai,West,Economy,6,6,TRUE,TRUE,TRUE,213.25,None,0
ORD103487,2024-03-17,XpressBees,Chennai-Pune,South,Express,2,4,FALSE,TRUE,FALSE,1104.31,Driver Shortage,2
ORD103488,2024-07-10,Ekart,Chennai-Pune,South,Economy,8,8,TRUE,TRUE,TRUE,234.51,None,0
ORD103489,2024-05-20,DTDC,Mumbai-Chennai,West,Express,2,2,TRUE,TRUE,TRUE,1069.22,None,0
ORD103490,2024-09-26,DTDC,Bangalore-Hyderabad,South,Standard,3,5,FALSE,TRUE,FALSE,543.07,High Volume Surge,2
ORD103491,2024-03-04,Ekart,Mumbai-Chennai,West,Standard,5,5,TRUE,TRUE,TRUE,489.32,None,0
ORD103492,2024-06-22,XpressBees,Kochi-Coimbatore,South,Economy,8,10,FALSE,TRUE,FALSE,253.61,Driver Shortage,2
ORD103493,2024-12-01,Ekart,Delhi-Mumbai,North,Economy,8,10,FALSE,TRUE,FALSE,358,Vehicle Breakdown,2
ORD103494,2024-07-30,Ekart,Chennai-Pune,South,Standard,5,5,TRUE,FALSE,FALSE,487.57,None,0
ORD103495,2024-09-18,Ekart,Kochi-Coimbatore,South,Standard,4,4,TRUE,TRUE,TRUE,434.94,None,0
ORD103496,2024-06-17,BlueDart,Mumbai-Chennai,West,Economy,8,8,TRUE,TRUE,TRUE,217.65,None,0
ORD103497,2024-12-28,XpressBees,Chennai-Pune,South,Standard,5,7,FALSE,TRUE,FALSE,511.7,None,2
ORD103498,2024-05-07,Delhivery,Mumbai-Chennai,West,Express,2,2,TRUE,TRUE,TRUE,890.23,None,0
ORD103499,2024-07-05,DTDC,Surat-Nagpur,West,Standard,5,5,TRUE,TRUE,TRUE,600.79,None,0
ORD103500,2024-08-11,Ekart,Kochi-Coimbatore,South,Economy,7,8,FALSE,TRUE,FALSE,209.67,Weather Delay,1
ORD103501,2024-03-27,Delhivery,Lucknow-Patna,East,Express,2,5,FALSE,TRUE,FALSE,1209.6,Weather Delay,3
ORD103502,2024-09-08,XpressBees,Surat-Nagpur,West,Standard,4,6,FALSE,TRUE,FALSE,471.21,Vehicle Breakdown,2
ORD103503,2024-12-21,XpressBees,Bangalore-Hyderabad,South,Standard,4,4,TRUE,TRUE,TRUE,619.52,None,0
ORD103504,2024-06-29,Ekart,Kolkata-Delhi,North,Express,2,5,FALSE,TRUE,FALSE,1145.25,Address Issue,3
ORD103505,2024-04-14,DTDC,Jaipur-Ahmedabad,North,Standard,4,5,FALSE,TRUE,FALSE,539.37,Vehicle Breakdown,1
ORD103506,2024-10-24,XpressBees,Jaipur-Ahmedabad,North,Economy,7,8,FALSE,TRUE,FALSE,268.47,None,1
ORD103507,2024-02-15,BlueDart,Mumbai-Chennai,West,Economy,7,7,TRUE,TRUE,TRUE,201.5,None,0
ORD103508,2024-10-23,Ekart,Jaipur-Ahmedabad,North,Economy,7,7,TRUE,TRUE,TRUE,202.11,None,0
ORD103509,2024-12-08,DTDC,Surat-Nagpur,West,Express,1,3,FALSE,TRUE,FALSE,1092.11,Weather Delay,2
ORD103510,2024-04-10,BlueDart,Lucknow-Patna,East,Economy,8,11,FALSE,TRUE,FALSE,263.91,High Volume Surge,3
ORD103511,2024-03-23,BlueDart,Kochi-Coimbatore,South,Express,1,1,TRUE,TRUE,TRUE,794.45,None,0
ORD103512,2024-05-04,Ekart,Lucknow-Patna,East,Express,1,4,FALSE,TRUE,FALSE,1345.71,Customs Hold,3
ORD103513,2024-12-01,DTDC,Surat-Nagpur,West,Express,1,1,TRUE,TRUE,TRUE,1047.08,None,0
ORD103514,2024-07-30,DTDC,Mumbai-Chennai,West,Economy,8,8,TRUE,TRUE,TRUE,284.44,None,0
ORD103515,2024-09-19,XpressBees,Surat-Nagpur,West,Standard,3,5,FALSE,TRUE,FALSE,594.53,Address Issue,2
ORD103516,2024-07-30,Delhivery,Mumbai-Chennai,West,Standard,3,4,FALSE,TRUE,FALSE,448.27,None,1
ORD103517,2024-09-10,Ekart,Chennai-Pune,South,Express,2,3,FALSE,TRUE,FALSE,798,Vehicle Breakdown,1
ORD103518,2024-05-19,XpressBees,Kochi-Coimbatore,South,Standard,3,4,FALSE,TRUE,FALSE,562.01,Address Issue,1
ORD103519,2024-04-21,DTDC,Kochi-Coimbatore,South,Express,2,4,FALSE,TRUE,FALSE,1075.82,High Volume Surge,2
ORD103520,2024-06-08,DTDC,Kochi-Coimbatore,South,Economy,7,7,TRUE,TRUE,TRUE,253.31,None,0
ORD103521,2024-10-25,Delhivery,Bangalore-Hyderabad,South,Economy,7,7,TRUE,TRUE,TRUE,225.57,None,0
ORD103522,2024-10-02,DTDC,Delhi-Mumbai,North,Economy,7,12,FALSE,TRUE,FALSE,380.08,Driver Shortage,5
ORD103523,2024-11-26,Delhivery,Bangalore-Hyderabad,South,Economy,6,6,TRUE,TRUE,TRUE,226.6,None,0
ORD103524,2024-04-16,Ekart,Bangalore-Hyderabad,South,Standard,5,6,FALSE,TRUE,FALSE,486.3,None,1
ORD103525,2024-06-16,XpressBees,Kolkata-Delhi,North,Economy,8,11,FALSE,TRUE,FALSE,348.58,High Volume Surge,3
ORD103526,2024-08-18,DTDC,Surat-Nagpur,West,Express,1,2,FALSE,TRUE,FALSE,1060.5,Driver Shortage,1
ORD103527,2024-11-22,Ekart,Lucknow-Patna,East,Standard,5,7,FALSE,TRUE,FALSE,577.83,Customs Hold,2
ORD103528,2024-07-29,XpressBees,Surat-Nagpur,West,Standard,5,6,FALSE,TRUE,FALSE,502.92,Address Issue,1
ORD103529,2024-03-31,Ekart,Mumbai-Chennai,West,Standard,4,4,TRUE,TRUE,TRUE,476.97,None,0
ORD103530,2024-05-07,BlueDart,Delhi-Mumbai,North,Standard,3,5,FALSE,TRUE,FALSE,594.79,Weather Delay,2
ORD103531,2024-12-09,BlueDart,Jaipur-Ahmedabad,North,Economy,8,8,TRUE,TRUE,TRUE,221.22,None,0
ORD103532,2024-02-14,Ekart,Delhi-Mumbai,North,Standard,4,7,FALSE,TRUE,FALSE,671.96,High Volume Surge,3
ORD103533,2024-09-07,Delhivery,Chennai-Pune,South,Express,1,2,FALSE,TRUE,FALSE,834.83,Vehicle Breakdown,1
ORD103534,2024-07-24,BlueDart,Kochi-Coimbatore,South,Standard,3,3,TRUE,TRUE,TRUE,413.62,None,0
ORD103535,2024-05-31,DTDC,Delhi-Mumbai,North,Economy,6,10,FALSE,FALSE,FALSE,363.35,Driver Shortage,4
ORD103536,2024-11-11,XpressBees,Kochi-Coimbatore,South,Standard,5,7,FALSE,TRUE,FALSE,458.17,None,2
ORD103537,2024-01-04,XpressBees,Kochi-Coimbatore,South,Express,1,2,FALSE,TRUE,FALSE,1172.48,None,1
ORD103538,2024-03-12,XpressBees,Surat-Nagpur,West,Economy,8,10,FALSE,FALSE,FALSE,223.13,Vehicle Breakdown,2
ORD103539,2024-08-16,XpressBees,Mumbai-Chennai,West,Economy,8,9,FALSE,TRUE,FALSE,301.48,None,1
ORD103540,2024-07-30,Delhivery,Kolkata-Delhi,North,Express,2,3,FALSE,TRUE,FALSE,1156.92,None,1
ORD103541,2024-03-15,XpressBees,Lucknow-Patna,East,Standard,4,5,FALSE,TRUE,FALSE,685.37,Customs Hold,1
ORD103542,2024-11-18,XpressBees,Chennai-Pune,South,Standard,4,5,FALSE,TRUE,FALSE,625.32,Customs Hold,1
ORD103543,2024-07-01,BlueDart,Surat-Nagpur,West,Express,2,2,TRUE,TRUE,TRUE,766.31,None,0
ORD103544,2024-09-24,DTDC,Lucknow-Patna,East,Standard,3,7,FALSE,TRUE,FALSE,980.44,None,4
ORD103545,2024-04-27,XpressBees,Mumbai-Chennai,West,Standard,5,7,FALSE,TRUE,FALSE,566.74,High Volume Surge,2
ORD103546,2024-06-18,BlueDart,Kolkata-Delhi,North,Economy,7,9,FALSE,TRUE,FALSE,363.38,Customs Hold,2
ORD103547,2024-12-27,BlueDart,Surat-Nagpur,West,Standard,5,5,TRUE,TRUE,TRUE,482.46,None,0
ORD103548,2024-07-30,Delhivery,Bhopal-Indore,Central,Express,1,1,TRUE,TRUE,TRUE,881.18,None,0
ORD103549,2024-03-14,Ekart,Bhopal-Indore,Central,Economy,8,8,TRUE,TRUE,TRUE,223.24,None,0
ORD103550,2024-04-23,Ekart,Delhi-Mumbai,North,Express,1,3,FALSE,TRUE,FALSE,1072.4,None,2
ORD103551,2024-09-03,Ekart,Kolkata-Delhi,North,Standard,4,7,FALSE,TRUE,FALSE,675.1,None,3
ORD103552,2024-07-26,Ekart,Jaipur-Ahmedabad,North,Express,2,2,TRUE,FALSE,FALSE,904.34,Weather Delay,0
ORD103553,2024-08-24,Delhivery,Chennai-Pune,South,Standard,4,4,TRUE,TRUE,TRUE,418.21,None,0
ORD103554,2024-04-24,Ekart,Delhi-Mumbai,North,Standard,3,4,FALSE,TRUE,FALSE,696.14,Driver Shortage,1
ORD103555,2024-11-05,DTDC,Kolkata-Delhi,North,Economy,7,9,FALSE,TRUE,FALSE,340.84,None,2
ORD103556,2024-07-04,XpressBees,Mumbai-Chennai,West,Economy,6,8,FALSE,FALSE,FALSE,299.11,Driver Shortage,2
ORD103557,2024-09-06,BlueDart,Kochi-Coimbatore,South,Standard,5,5,TRUE,TRUE,TRUE,463.54,None,0
ORD103558,2024-06-02,Delhivery,Kochi-Coimbatore,South,Standard,4,5,FALSE,FALSE,FALSE,459.19,Driver Shortage,1
ORD103559,2024-07-07,XpressBees,Delhi-Mumbai,North,Standard,5,10,FALSE,TRUE,FALSE,974.24,Vehicle Breakdown,5
ORD103560,2024-04-02,BlueDart,Surat-Nagpur,West,Economy,7,8,FALSE,TRUE,FALSE,198.3,None,1
ORD103561,2024-01-14,XpressBees,Delhi-Mumbai,North,Economy,8,11,FALSE,TRUE,FALSE,403.43,Customs Hold,3
ORD103562,2024-11-06,XpressBees,Bangalore-Hyderabad,South,Economy,6,7,FALSE,TRUE,FALSE,293.48,None,1
ORD103563,2024-03-10,XpressBees,Kolkata-Delhi,North,Express,1,5,FALSE,TRUE,FALSE,1218.45,None,4
ORD103564,2024-08-26,XpressBees,Surat-Nagpur,West,Economy,6,8,FALSE,TRUE,FALSE,288.53,Customs Hold,2
ORD103565,2024-10-15,XpressBees,Surat-Nagpur,West,Express,1,3,FALSE,FALSE,FALSE,926.41,Weather Delay,2
ORD103566,2024-06-11,XpressBees,Jaipur-Ahmedabad,North,Economy,8,11,FALSE,TRUE,FALSE,242.79,None,3
ORD103567,2024-03-17,Ekart,Kochi-Coimbatore,South,Standard,5,5,TRUE,TRUE,TRUE,478.57,None,0
ORD103568,2024-08-23,Ekart,Delhi-Mumbai,North,Express,1,4,FALSE,TRUE,FALSE,1431.09,Driver Shortage,3
ORD103569,2024-09-25,DTDC,Chennai-Pune,South,Economy,8,8,TRUE,FALSE,FALSE,243.03,Address Issue,0
ORD103570,2024-09-12,XpressBees,Lucknow-Patna,East,Express,2,5,FALSE,TRUE,FALSE,1477.96,Address Issue,3
ORD103571,2024-10-23,DTDC,Surat-Nagpur,West,Express,2,4,FALSE,TRUE,FALSE,994.49,High Volume Surge,2
ORD103572,2024-07-13,XpressBees,Kochi-Coimbatore,South,Express,1,2,FALSE,TRUE,FALSE,1102.27,None,1
ORD103573,2024-10-18,XpressBees,Chennai-Pune,South,Economy,8,8,TRUE,TRUE,TRUE,267.68,None,0
ORD103574,2024-01-21,DTDC,Lucknow-Patna,East,Economy,6,8,FALSE,TRUE,FALSE,352.35,Vehicle Breakdown,2
ORD103575,2024-12-19,XpressBees,Jaipur-Ahmedabad,North,Economy,6,9,FALSE,TRUE,FALSE,269.68,None,3
ORD103576,2024-10-12,BlueDart,Bangalore-Hyderabad,South,Express,2,3,FALSE,TRUE,FALSE,850.71,None,1
ORD103577,2024-03-06,XpressBees,Bangalore-Hyderabad,South,Economy,8,10,FALSE,TRUE,FALSE,255.73,Vehicle Breakdown,2
ORD103578,2024-11-29,DTDC,Bangalore-Hyderabad,South,Express,1,3,FALSE,TRUE,FALSE,1077.91,High Volume Surge,2
ORD103579,2024-10-15,XpressBees,Chennai-Pune,South,Standard,5,7,FALSE,TRUE,FALSE,604.32,Customs Hold,2
ORD103580,2024-04-15,XpressBees,Mumbai-Chennai,West,Standard,3,3,TRUE,TRUE,TRUE,528.52,None,0
ORD103581,2024-06-29,Delhivery,Jaipur-Ahmedabad,North,Economy,8,8,TRUE,TRUE,TRUE,212.54,None,0
ORD103582,2024-11-25,DTDC,Delhi-Mumbai,North,Express,2,3,FALSE,TRUE,FALSE,1496.63,Customs Hold,1
ORD103583,2024-08-23,XpressBees,Jaipur-Ahmedabad,North,Express,2,2,TRUE,TRUE,TRUE,979.59,None,0
ORD103584,2024-02-24,DTDC,Delhi-Mumbai,North,Economy,7,10,FALSE,TRUE,FALSE,387.46,Address Issue,3
ORD103585,2024-05-22,BlueDart,Delhi-Mumbai,North,Express,2,4,FALSE,TRUE,FALSE,1196.03,None,2
ORD103586,2024-09-15,Delhivery,Kochi-Coimbatore,South,Express,1,1,TRUE,TRUE,TRUE,900.95,None,0
ORD103587,2024-07-08,DTDC,Bhopal-Indore,Central,Standard,5,7,FALSE,TRUE,FALSE,544.38,Vehicle Breakdown,2
ORD103588,2024-09-12,Ekart,Surat-Nagpur,West,Express,2,2,TRUE,TRUE,TRUE,820.24,None,0
ORD103589,2024-03-23,Delhivery,Delhi-Mumbai,North,Standard,4,7,FALSE,TRUE,FALSE,654.57,Driver Shortage,3
ORD103590,2024-06-23,Delhivery,Lucknow-Patna,East,Standard,4,6,FALSE,TRUE,FALSE,656.98,Vehicle Breakdown,2
ORD103591,2024-08-15,XpressBees,Chennai-Pune,South,Economy,8,10,FALSE,FALSE,FALSE,242.09,Weather Delay,2
ORD103592,2024-08-29,Ekart,Kolkata-Delhi,North,Express,2,5,FALSE,TRUE,FALSE,1419.91,Address Issue,3
ORD103593,2024-04-07,BlueDart,Delhi-Mumbai,North,Standard,3,4,FALSE,TRUE,FALSE,699.35,None,1
ORD103594,2024-03-28,Delhivery,Jaipur-Ahmedabad,North,Express,2,2,TRUE,TRUE,TRUE,765.08,None,0
ORD103595,2024-06-21,Ekart,Bangalore-Hyderabad,South,Economy,6,7,FALSE,TRUE,FALSE,200.96,High Volume Surge,1
ORD103596,2024-01-07,Ekart,Lucknow-Patna,East,Economy,6,9,FALSE,TRUE,FALSE,309.06,Address Issue,3
ORD103597,2024-10-09,DTDC,Bangalore-Hyderabad,South,Standard,5,5,TRUE,TRUE,TRUE,600,None,0
ORD103598,2024-12-26,XpressBees,Mumbai-Chennai,West,Economy,8,8,TRUE,TRUE,TRUE,269.65,None,0
ORD103599,2024-02-29,Delhivery,Jaipur-Ahmedabad,North,Economy,7,7,TRUE,TRUE,TRUE,233.84,None,0
ORD103600,2024-02-13,Ekart,Mumbai-Chennai,West,Express,2,2,TRUE,TRUE,TRUE,813.32,None,0
ORD103601,2024-03-02,DTDC,Kolkata-Delhi,North,Standard,5,9,FALSE,TRUE,FALSE,681.51,None,4
ORD103602,2024-11-13,BlueDart,Bangalore-Hyderabad,South,Express,2,2,TRUE,TRUE,TRUE,790.86,None,0
ORD103603,2024-07-25,Ekart,Bhopal-Indore,Central,Economy,7,8,FALSE,TRUE,FALSE,220.14,Customs Hold,1
ORD103604,2024-05-06,DTDC,Jaipur-Ahmedabad,North,Standard,5,5,TRUE,TRUE,TRUE,591.13,None,0
ORD103605,2024-04-07,XpressBees,Lucknow-Patna,East,Economy,7,11,FALSE,TRUE,FALSE,345.21,Address Issue,4
ORD103606,2024-02-01,BlueDart,Bangalore-Hyderabad,South,Economy,8,8,TRUE,TRUE,TRUE,202.33,None,0
ORD103607,2024-09-30,Ekart,Bhopal-Indore,Central,Express,1,1,TRUE,TRUE,TRUE,905.9,None,0
ORD103608,2024-03-05,Delhivery,Bangalore-Hyderabad,South,Standard,3,3,TRUE,TRUE,TRUE,492.56,None,0
ORD103609,2024-03-21,Ekart,Bangalore-Hyderabad,South,Standard,3,4,FALSE,TRUE,FALSE,412.35,None,1
ORD103610,2024-07-16,Delhivery,Delhi-Mumbai,North,Standard,3,5,FALSE,TRUE,FALSE,680.74,Customs Hold,2
ORD103611,2024-06-03,Ekart,Delhi-Mumbai,North,Express,1,5,FALSE,TRUE,FALSE,1317.41,Customs Hold,4
ORD103612,2024-05-03,DTDC,Delhi-Mumbai,North,Economy,7,9,FALSE,FALSE,FALSE,358.02,Weather Delay,2
ORD103613,2024-06-25,BlueDart,Kolkata-Delhi,North,Standard,3,5,FALSE,TRUE,FALSE,640.59,Vehicle Breakdown,2
ORD103614,2024-12-07,Delhivery,Chennai-Pune,South,Standard,4,4,TRUE,TRUE,TRUE,444.32,None,0
ORD103615,2024-04-29,DTDC,Bhopal-Indore,Central,Economy,6,8,FALSE,TRUE,FALSE,293.23,Driver Shortage,2
ORD103616,2024-09-18,DTDC,Kochi-Coimbatore,South,Standard,5,5,TRUE,TRUE,TRUE,509.48,None,0
ORD103617,2024-08-23,Delhivery,Kochi-Coimbatore,South,Standard,5,5,TRUE,TRUE,TRUE,461.39,None,0
ORD103618,2024-11-29,XpressBees,Bhopal-Indore,Central,Economy,6,7,FALSE,TRUE,FALSE,256.14,Customs Hold,1
ORD103619,2024-10-30,BlueDart,Kolkata-Delhi,North,Economy,8,11,FALSE,TRUE,FALSE,266.29,High Volume Surge,3
ORD103620,2024-01-30,BlueDart,Bangalore-Hyderabad,South,Economy,6,6,TRUE,TRUE,TRUE,229.11,None,0
ORD103621,2024-10-12,BlueDart,Jaipur-Ahmedabad,North,Standard,5,5,TRUE,TRUE,TRUE,438.75,None,0
ORD103622,2024-12-26,Ekart,Bhopal-Indore,Central,Economy,7,8,FALSE,TRUE,FALSE,213.25,Customs Hold,1
ORD103623,2024-10-09,Delhivery,Lucknow-Patna,East,Express,1,4,FALSE,TRUE,FALSE,1299.67,Address Issue,3
ORD103624,2024-06-19,Ekart,Chennai-Pune,South,Standard,5,5,TRUE,TRUE,TRUE,438.37,None,0
ORD103625,2024-06-28,BlueDart,Jaipur-Ahmedabad,North,Express,1,1,TRUE,TRUE,TRUE,869.1,None,0
ORD103626,2024-12-26,BlueDart,Chennai-Pune,South,Economy,7,7,TRUE,TRUE,TRUE,213.59,None,0
ORD103627,2024-08-07,BlueDart,Mumbai-Chennai,West,Economy,7,8,FALSE,TRUE,FALSE,202.72,None,1
ORD103628,2024-03-13,XpressBees,Kolkata-Delhi,North,Standard,5,8,FALSE,TRUE,FALSE,741.21,Vehicle Breakdown,3
ORD103629,2024-12-29,Ekart,Kolkata-Delhi,North,Express,2,6,FALSE,TRUE,FALSE,1296.8,Weather Delay,4
ORD103630,2024-10-18,Delhivery,Kolkata-Delhi,North,Express,1,2,FALSE,TRUE,FALSE,1430.5,Driver Shortage,1
ORD103631,2024-06-11,Ekart,Kolkata-Delhi,North,Standard,5,7,FALSE,TRUE,FALSE,659.57,Customs Hold,2
ORD103632,2024-02-23,XpressBees,Kochi-Coimbatore,South,Express,2,2,TRUE,FALSE,FALSE,1132.33,None,0
ORD103633,2024-01-14,DTDC,Delhi-Mumbai,North,Economy,7,8,FALSE,TRUE,FALSE,426.85,Driver Shortage,1
ORD103634,2024-12-12,Delhivery,Delhi-Mumbai,North,Economy,6,9,FALSE,TRUE,FALSE,316.51,Weather Delay,3
ORD103635,2024-01-24,BlueDart,Delhi-Mumbai,North,Express,1,4,FALSE,TRUE,FALSE,1162.72,None,3
ORD103636,2024-04-04,DTDC,Bangalore-Hyderabad,South,Standard,4,5,FALSE,TRUE,FALSE,531.51,Vehicle Breakdown,1
ORD103637,2024-03-06,Ekart,Mumbai-Chennai,West,Economy,8,9,FALSE,TRUE,FALSE,235.58,None,1
ORD103638,2024-01-23,Ekart,Delhi-Mumbai,North,Express,2,6,FALSE,TRUE,FALSE,1239.84,None,4
ORD103639,2024-04-12,Ekart,Lucknow-Patna,East,Express,1,2,FALSE,TRUE,FALSE,997.6,None,1
ORD103640,2024-06-04,Delhivery,Mumbai-Chennai,West,Standard,4,4,TRUE,TRUE,TRUE,445.97,None,0
ORD103641,2024-04-28,BlueDart,Bangalore-Hyderabad,South,Economy,7,7,TRUE,TRUE,TRUE,203.63,None,0
ORD103642,2024-12-29,Ekart,Kochi-Coimbatore,South,Standard,5,6,FALSE,TRUE,FALSE,412.66,Weather Delay,1
ORD103643,2024-08-12,DTDC,Bhopal-Indore,Central,Economy,8,11,FALSE,TRUE,FALSE,300.09,Customs Hold,3
ORD103644,2024-10-01,BlueDart,Jaipur-Ahmedabad,North,Express,2,3,FALSE,TRUE,FALSE,786.89,None,1
ORD103645,2024-01-20,DTDC,Mumbai-Chennai,West,Economy,6,9,FALSE,TRUE,FALSE,251.79,Vehicle Breakdown,3
ORD103646,2024-09-18,Ekart,Chennai-Pune,South,Express,2,2,TRUE,TRUE,TRUE,850.22,None,0
ORD103647,2024-12-02,XpressBees,Mumbai-Chennai,West,Economy,6,7,FALSE,TRUE,FALSE,255.12,High Volume Surge,1
ORD103648,2024-09-18,Ekart,Lucknow-Patna,East,Economy,8,9,FALSE,TRUE,FALSE,328.19,Address Issue,1
ORD103649,2024-06-05,DTDC,Jaipur-Ahmedabad,North,Express,1,3,FALSE,TRUE,FALSE,929.45,Address Issue,2
ORD103650,2024-07-29,Delhivery,Kochi-Coimbatore,South,Express,1,2,FALSE,TRUE,FALSE,860.8,None,1
ORD103651,2024-10-13,DTDC,Kolkata-Delhi,North,Standard,4,6,FALSE,TRUE,FALSE,809.89,Customs Hold,2
ORD103652,2024-06-21,Delhivery,Chennai-Pune,South,Express,2,2,TRUE,TRUE,TRUE,824.2,None,0
ORD103653,2024-08-27,Ekart,Kolkata-Delhi,North,Standard,4,6,FALSE,TRUE,FALSE,738.51,Customs Hold,2
ORD103654,2024-01-17,DTDC,Bhopal-Indore,Central,Economy,8,8,TRUE,TRUE,TRUE,291.7,None,0
ORD103655,2024-02-24,XpressBees,Delhi-Mumbai,North,Express,1,3,FALSE,TRUE,FALSE,1853.61,None,2
ORD103656,2024-01-12,Ekart,Surat-Nagpur,West,Economy,7,7,TRUE,TRUE,TRUE,210.3,None,0
ORD103657,2024-05-29,DTDC,Chennai-Pune,South,Standard,4,5,FALSE,TRUE,FALSE,494.66,Vehicle Breakdown,1
ORD103658,2024-08-25,XpressBees,Chennai-Pune,South,Express,2,5,FALSE,TRUE,FALSE,862.08,None,3
ORD103659,2024-12-20,BlueDart,Surat-Nagpur,West,Express,1,1,TRUE,TRUE,TRUE,897.01,None,0
ORD103660,2024-09-28,Ekart,Chennai-Pune,South,Express,1,2,FALSE,TRUE,FALSE,817.35,Customs Hold,1
ORD103661,2024-09-19,DTDC,Kochi-Coimbatore,South,Standard,5,6,FALSE,TRUE,FALSE,503.57,Vehicle Breakdown,1
ORD103662,2024-09-27,XpressBees,Mumbai-Chennai,West,Standard,5,7,FALSE,TRUE,FALSE,532.02,Address Issue,2
ORD103663,2024-05-27,BlueDart,Mumbai-Chennai,West,Economy,6,6,TRUE,TRUE,TRUE,216.74,None,0
ORD103664,2024-08-25,Delhivery,Kolkata-Delhi,North,Express,1,3,FALSE,TRUE,FALSE,1207.12,Vehicle Breakdown,2
ORD103665,2024-05-18,DTDC,Jaipur-Ahmedabad,North,Express,2,2,TRUE,TRUE,TRUE,1026.7,None,0
ORD103666,2024-04-17,Delhivery,Kolkata-Delhi,North,Standard,4,8,FALSE,TRUE,FALSE,758.4,Address Issue,4
ORD103667,2024-02-04,Delhivery,Lucknow-Patna,East,Standard,3,6,FALSE,TRUE,FALSE,575.42,None,3
ORD103668,2024-01-28,DTDC,Mumbai-Chennai,West,Express,1,2,FALSE,FALSE,FALSE,997.56,Vehicle Breakdown,1
ORD103669,2024-05-05,Ekart,Delhi-Mumbai,North,Express,1,2,FALSE,TRUE,FALSE,1250.57,Driver Shortage,1
ORD103670,2024-03-04,Delhivery,Jaipur-Ahmedabad,North,Economy,7,7,TRUE,TRUE,TRUE,216.67,None,0
ORD103671,2024-05-20,BlueDart,Lucknow-Patna,East,Economy,7,10,FALSE,TRUE,FALSE,312.6,None,3
ORD103672,2024-09-28,Ekart,Jaipur-Ahmedabad,North,Express,2,2,TRUE,TRUE,TRUE,791.22,None,0
ORD103673,2024-04-03,DTDC,Bangalore-Hyderabad,South,Standard,3,5,FALSE,TRUE,FALSE,584.96,Weather Delay,2
ORD103674,2024-11-17,Delhivery,Kolkata-Delhi,North,Express,2,5,FALSE,TRUE,FALSE,1318.44,Driver Shortage,3
ORD103675,2024-09-10,Delhivery,Jaipur-Ahmedabad,North,Economy,8,8,TRUE,TRUE,TRUE,238.75,None,0
ORD103676,2024-11-18,BlueDart,Jaipur-Ahmedabad,North,Standard,5,5,TRUE,TRUE,TRUE,484.43,None,0
ORD103677,2024-05-23,Delhivery,Surat-Nagpur,West,Standard,4,4,TRUE,TRUE,TRUE,437.23,None,0
ORD103678,2024-01-18,XpressBees,Surat-Nagpur,West,Standard,4,5,FALSE,TRUE,FALSE,508.23,Vehicle Breakdown,1
ORD103679,2024-06-01,XpressBees,Chennai-Pune,South,Standard,3,4,FALSE,FALSE,FALSE,586.98,Customs Hold,1
ORD103680,2024-06-29,XpressBees,Bhopal-Indore,Central,Express,2,3,FALSE,TRUE,FALSE,1038.57,High Volume Surge,1
ORD103681,2024-07-03,XpressBees,Chennai-Pune,South,Express,1,1,TRUE,FALSE,FALSE,976.26,None,0
ORD103682,2024-11-10,Ekart,Chennai-Pune,South,Economy,6,7,FALSE,FALSE,FALSE,231.25,None,1
ORD103683,2024-12-08,Delhivery,Kolkata-Delhi,North,Economy,8,11,FALSE,FALSE,FALSE,316.55,None,3
ORD103684,2024-12-14,XpressBees,Mumbai-Chennai,West,Standard,3,4,FALSE,TRUE,FALSE,501.38,Vehicle Breakdown,1
ORD103685,2024-10-20,Ekart,Kochi-Coimbatore,South,Express,2,2,TRUE,TRUE,TRUE,843.19,None,0
ORD103686,2024-10-18,Delhivery,Jaipur-Ahmedabad,North,Economy,6,7,FALSE,TRUE,FALSE,235.45,Address Issue,1
ORD103687,2024-03-29,Ekart,Lucknow-Patna,East,Standard,4,7,FALSE,TRUE,FALSE,627.28,Weather Delay,3
ORD103688,2024-03-14,Delhivery,Surat-Nagpur,West,Economy,6,7,FALSE,TRUE,FALSE,210.67,Driver Shortage,1
ORD103689,2024-05-23,BlueDart,Surat-Nagpur,West,Economy,6,6,TRUE,TRUE,TRUE,239,None,0
ORD103690,2024-01-16,Delhivery,Delhi-Mumbai,North,Express,1,3,FALSE,TRUE,FALSE,1110.44,Driver Shortage,2
ORD103691,2024-10-09,BlueDart,Chennai-Pune,South,Standard,5,6,FALSE,TRUE,FALSE,437.99,None,1
ORD103692,2024-11-04,Delhivery,Lucknow-Patna,East,Economy,6,7,FALSE,TRUE,FALSE,362.32,High Volume Surge,1
ORD103693,2024-07-01,BlueDart,Bangalore-Hyderabad,South,Standard,5,5,TRUE,TRUE,TRUE,435.47,None,0
ORD103694,2024-12-23,DTDC,Bangalore-Hyderabad,South,Economy,6,8,FALSE,TRUE,FALSE,259.38,Address Issue,2
ORD103695,2024-08-13,Delhivery,Chennai-Pune,South,Express,2,2,TRUE,TRUE,TRUE,787.64,None,0
ORD103696,2024-03-02,Delhivery,Bhopal-Indore,Central,Economy,7,7,TRUE,TRUE,TRUE,240.17,None,0
ORD103697,2024-05-08,BlueDart,Delhi-Mumbai,North,Express,2,4,FALSE,TRUE,FALSE,1091.47,Driver Shortage,2
ORD103698,2024-02-27,XpressBees,Bhopal-Indore,Central,Economy,8,9,FALSE,TRUE,FALSE,256.53,Vehicle Breakdown,1
ORD103699,2024-01-27,Ekart,Delhi-Mumbai,North,Express,1,4,FALSE,TRUE,FALSE,1105.91,Address Issue,3
ORD103700,2024-08-31,DTDC,Surat-Nagpur,West,Express,1,3,FALSE,TRUE,FALSE,1002.86,None,2
ORD103701,2024-07-10,Ekart,Kolkata-Delhi,North,Express,2,5,FALSE,TRUE,FALSE,1262.43,Driver Shortage,3
ORD103702,2024-03-18,BlueDart,Kochi-Coimbatore,South,Economy,6,7,FALSE,TRUE,FALSE,198.82,Customs Hold,1
ORD103703,2024-10-26,BlueDart,Bangalore-Hyderabad,South,Economy,8,9,FALSE,TRUE,FALSE,204.89,High Volume Surge,1
ORD103704,2024-03-08,Ekart,Chennai-Pune,South,Express,1,1,TRUE,TRUE,TRUE,896.31,None,0
ORD103705,2024-04-11,Delhivery,Kolkata-Delhi,North,Express,2,6,FALSE,TRUE,FALSE,1102.74,Weather Delay,4
ORD103706,2024-02-04,Delhivery,Bangalore-Hyderabad,South,Express,1,2,FALSE,TRUE,FALSE,915.62,None,1
ORD103707,2024-01-13,Ekart,Surat-Nagpur,West,Express,1,1,TRUE,TRUE,TRUE,802.58,None,0
ORD103708,2024-01-03,XpressBees,Delhi-Mumbai,North,Economy,8,13,FALSE,TRUE,FALSE,387.94,Address Issue,5
ORD103709,2024-08-12,Ekart,Kochi-Coimbatore,South,Economy,6,6,TRUE,TRUE,TRUE,211.05,None,0
ORD103710,2024-04-01,Delhivery,Bangalore-Hyderabad,South,Standard,4,4,TRUE,TRUE,TRUE,416.51,None,0
ORD103711,2024-11-29,XpressBees,Bhopal-Indore,Central,Standard,3,5,FALSE,TRUE,FALSE,505.76,Vehicle Breakdown,2
ORD103712,2024-07-24,Ekart,Bhopal-Indore,Central,Economy,7,7,TRUE,TRUE,TRUE,228.31,None,0
ORD103713,2024-11-05,BlueDart,Bangalore-Hyderabad,South,Standard,4,4,TRUE,TRUE,TRUE,488.62,None,0
ORD103714,2024-08-02,DTDC,Kolkata-Delhi,North,Standard,3,8,FALSE,TRUE,FALSE,917.66,Driver Shortage,5
ORD103715,2024-07-21,DTDC,Kochi-Coimbatore,South,Economy,8,9,FALSE,TRUE,FALSE,293.96,None,1
ORD103716,2024-04-20,XpressBees,Lucknow-Patna,East,Economy,6,9,FALSE,TRUE,FALSE,398.68,Address Issue,3
ORD103717,2024-05-16,XpressBees,Surat-Nagpur,West,Express,1,1,TRUE,TRUE,TRUE,999.71,None,0
ORD103718,2024-01-21,DTDC,Jaipur-Ahmedabad,North,Economy,6,7,FALSE,TRUE,FALSE,235.93,Address Issue,1
ORD103719,2024-08-09,DTDC,Surat-Nagpur,West,Express,2,3,FALSE,TRUE,FALSE,1050.15,Vehicle Breakdown,1
ORD103720,2024-06-24,Delhivery,Kochi-Coimbatore,South,Express,1,1,TRUE,TRUE,TRUE,800.42,None,0
ORD103721,2024-05-07,BlueDart,Surat-Nagpur,West,Express,2,3,FALSE,TRUE,FALSE,933.34,Vehicle Breakdown,1
ORD103722,2024-06-23,BlueDart,Delhi-Mumbai,North,Economy,7,9,FALSE,TRUE,FALSE,277.99,Vehicle Breakdown,2
ORD103723,2024-01-24,XpressBees,Lucknow-Patna,East,Express,1,6,FALSE,TRUE,FALSE,1436.73,High Volume Surge,5
ORD103724,2024-09-20,BlueDart,Kolkata-Delhi,North,Express,2,3,FALSE,TRUE,FALSE,1245.72,None,1
ORD103725,2024-09-12,XpressBees,Jaipur-Ahmedabad,North,Economy,8,10,FALSE,TRUE,FALSE,294.87,None,2
ORD103726,2024-01-27,XpressBees,Delhi-Mumbai,North,Express,1,5,FALSE,FALSE,FALSE,1450.22,None,4
ORD103727,2024-05-02,DTDC,Chennai-Pune,South,Express,2,3,FALSE,TRUE,FALSE,944.14,Customs Hold,1
ORD103728,2024-01-04,XpressBees,Bhopal-Indore,Central,Standard,3,3,TRUE,TRUE,TRUE,592.23,None,0
ORD103729,2024-10-03,Ekart,Jaipur-Ahmedabad,North,Standard,5,6,FALSE,TRUE,FALSE,452.12,None,1
ORD103730,2024-04-29,Ekart,Surat-Nagpur,West,Express,2,2,TRUE,TRUE,TRUE,826.46,None,0
ORD103731,2024-12-17,Ekart,Mumbai-Chennai,West,Express,2,2,TRUE,TRUE,TRUE,885.5,None,0
ORD103732,2024-10-26,Delhivery,Kochi-Coimbatore,South,Express,1,1,TRUE,TRUE,TRUE,802.2,None,0
ORD103733,2024-03-11,Delhivery,Bhopal-Indore,Central,Express,2,2,TRUE,FALSE,FALSE,883.78,None,0
ORD103734,2024-07-05,Ekart,Delhi-Mumbai,North,Economy,7,10,FALSE,TRUE,FALSE,306.29,Weather Delay,3
ORD103735,2024-04-28,BlueDart,Chennai-Pune,South,Economy,7,8,FALSE,TRUE,FALSE,211.05,High Volume Surge,1
ORD103736,2024-09-08,BlueDart,Kochi-Coimbatore,South,Express,2,2,TRUE,TRUE,TRUE,875.99,None,0
ORD103737,2024-06-29,XpressBees,Surat-Nagpur,West,Standard,4,7,FALSE,TRUE,FALSE,570.3,High Volume Surge,3
ORD103738,2024-08-11,BlueDart,Bangalore-Hyderabad,South,Economy,8,8,TRUE,TRUE,TRUE,204.15,None,0
ORD103739,2024-10-20,Ekart,Chennai-Pune,South,Standard,3,3,TRUE,TRUE,TRUE,410.58,None,0
ORD103740,2024-05-21,DTDC,Kochi-Coimbatore,South,Economy,7,9,FALSE,TRUE,FALSE,290.25,Address Issue,2
ORD103741,2024-12-20,Delhivery,Bangalore-Hyderabad,South,Express,2,2,TRUE,TRUE,TRUE,859.18,None,0
ORD103742,2024-02-01,XpressBees,Delhi-Mumbai,North,Economy,6,12,FALSE,TRUE,FALSE,383.87,None,6
ORD103743,2024-04-09,XpressBees,Lucknow-Patna,East,Express,2,5,FALSE,TRUE,FALSE,1349.97,None,3
ORD103744,2024-05-14,DTDC,Mumbai-Chennai,West,Economy,6,8,FALSE,TRUE,FALSE,222.42,High Volume Surge,2
ORD103745,2024-07-20,XpressBees,Delhi-Mumbai,North,Standard,4,9,FALSE,TRUE,FALSE,796.05,High Volume Surge,5
ORD103746,2024-05-09,Ekart,Mumbai-Chennai,West,Express,2,2,TRUE,TRUE,TRUE,842.77,None,0
ORD103747,2024-09-13,XpressBees,Jaipur-Ahmedabad,North,Economy,8,8,TRUE,FALSE,FALSE,265.7,Driver Shortage,0
ORD103748,2024-08-05,BlueDart,Surat-Nagpur,West,Economy,6,6,TRUE,TRUE,TRUE,215.49,None,0
ORD103749,2024-08-25,XpressBees,Kochi-Coimbatore,South,Express,1,3,FALSE,TRUE,FALSE,1048.27,None,2
ORD103750,2024-10-25,Delhivery,Bhopal-Indore,Central,Standard,5,6,FALSE,TRUE,FALSE,467.33,Driver Shortage,1
ORD103751,2024-12-16,XpressBees,Mumbai-Chennai,West,Express,2,3,FALSE,TRUE,FALSE,1096.94,Customs Hold,1
ORD103752,2024-10-29,Ekart,Bhopal-Indore,Central,Express,2,2,TRUE,TRUE,TRUE,847.49,None,0
ORD103753,2024-03-08,Delhivery,Surat-Nagpur,West,Standard,4,4,TRUE,TRUE,TRUE,484,None,0
ORD103754,2024-03-06,BlueDart,Surat-Nagpur,West,Economy,6,6,TRUE,TRUE,TRUE,230.61,None,0
ORD103755,2024-02-08,Delhivery,Delhi-Mumbai,North,Economy,8,10,FALSE,TRUE,FALSE,310.73,Driver Shortage,2
ORD103756,2024-06-05,BlueDart,Kochi-Coimbatore,South,Economy,7,7,TRUE,TRUE,TRUE,214.84,None,0
ORD103757,2024-11-04,XpressBees,Chennai-Pune,South,Economy,6,6,TRUE,FALSE,FALSE,252.09,Vehicle Breakdown,0
ORD103758,2024-05-21,Ekart,Kolkata-Delhi,North,Express,1,3,FALSE,TRUE,FALSE,1160.16,Weather Delay,2
ORD103759,2024-12-10,Delhivery,Delhi-Mumbai,North,Express,2,4,FALSE,TRUE,FALSE,1263.6,None,2
ORD103760,2024-06-26,Delhivery,Chennai-Pune,South,Express,1,1,TRUE,TRUE,TRUE,797.24,None,0
ORD103761,2024-11-07,XpressBees,Delhi-Mumbai,North,Standard,4,7,FALSE,TRUE,FALSE,640.22,High Volume Surge,3
ORD103762,2024-01-13,BlueDart,Surat-Nagpur,West,Express,2,2,TRUE,FALSE,FALSE,922.74,None,0
ORD103763,2024-12-12,BlueDart,Kochi-Coimbatore,South,Standard,4,4,TRUE,TRUE,TRUE,420.65,None,0
ORD103764,2024-05-11,Delhivery,Jaipur-Ahmedabad,North,Express,2,3,FALSE,TRUE,FALSE,802.5,Address Issue,1
ORD103765,2024-05-27,XpressBees,Surat-Nagpur,West,Express,2,3,FALSE,TRUE,FALSE,1060.38,Weather Delay,1
ORD103766,2024-04-21,BlueDart,Surat-Nagpur,West,Express,2,3,FALSE,TRUE,FALSE,822.73,High Volume Surge,1
ORD103767,2024-03-12,Delhivery,Kochi-Coimbatore,South,Economy,7,7,TRUE,TRUE,TRUE,200.24,None,0
ORD103768,2024-04-23,Ekart,Mumbai-Chennai,West,Express,1,1,TRUE,TRUE,TRUE,906.19,None,0
ORD103769,2024-10-16,DTDC,Kolkata-Delhi,North,Express,2,4,FALSE,TRUE,FALSE,1673.04,None,2
ORD103770,2024-12-18,Delhivery,Mumbai-Chennai,West,Economy,8,8,TRUE,TRUE,TRUE,238.43,None,0
ORD103771,2024-07-04,BlueDart,Kochi-Coimbatore,South,Express,2,2,TRUE,TRUE,TRUE,861.45,None,0
ORD103772,2024-01-18,XpressBees,Jaipur-Ahmedabad,North,Economy,6,7,FALSE,FALSE,FALSE,270.22,Vehicle Breakdown,1
ORD103773,2024-04-20,Ekart,Lucknow-Patna,East,Economy,6,7,FALSE,TRUE,FALSE,319.88,None,1
ORD103774,2024-03-16,Ekart,Lucknow-Patna,East,Standard,4,5,FALSE,TRUE,FALSE,699.98,Address Issue,1
ORD103775,2024-07-22,BlueDart,Bangalore-Hyderabad,South,Economy,6,7,FALSE,TRUE,FALSE,205.27,Customs Hold,1
ORD103776,2024-10-06,Delhivery,Bhopal-Indore,Central,Standard,3,4,FALSE,TRUE,FALSE,481.25,Customs Hold,1
ORD103777,2024-10-28,XpressBees,Jaipur-Ahmedabad,North,Express,1,3,FALSE,TRUE,FALSE,1002.68,None,2
ORD103778,2024-06-18,BlueDart,Delhi-Mumbai,North,Economy,7,8,FALSE,TRUE,FALSE,329.17,Customs Hold,1
ORD103779,2024-05-03,XpressBees,Chennai-Pune,South,Standard,5,6,FALSE,TRUE,FALSE,523.94,Weather Delay,1
ORD103780,2024-07-12,Ekart,Chennai-Pune,South,Standard,5,5,TRUE,TRUE,TRUE,469.06,None,0
ORD103781,2024-03-02,XpressBees,Jaipur-Ahmedabad,North,Economy,7,7,TRUE,TRUE,TRUE,244.51,None,0
ORD103782,2024-09-20,Ekart,Surat-Nagpur,West,Standard,3,3,TRUE,TRUE,TRUE,473.07,None,0
ORD103783,2024-07-03,BlueDart,Jaipur-Ahmedabad,North,Economy,7,8,FALSE,TRUE,FALSE,215.01,High Volume Surge,1
ORD103784,2024-04-27,XpressBees,Kochi-Coimbatore,South,Standard,4,4,TRUE,TRUE,TRUE,582.4,None,0
ORD103785,2024-03-06,XpressBees,Kolkata-Delhi,North,Economy,7,9,FALSE,TRUE,FALSE,360.5,Vehicle Breakdown,2
ORD103786,2024-11-20,BlueDart,Jaipur-Ahmedabad,North,Economy,7,7,TRUE,TRUE,TRUE,238.38,None,0
ORD103787,2024-01-24,Delhivery,Jaipur-Ahmedabad,North,Standard,5,5,TRUE,TRUE,TRUE,440.68,None,0
ORD103788,2024-01-24,BlueDart,Chennai-Pune,South,Standard,3,4,FALSE,TRUE,FALSE,410.17,Customs Hold,1
ORD103789,2024-03-03,BlueDart,Bhopal-Indore,Central,Express,2,2,TRUE,TRUE,TRUE,860.13,None,0
ORD103790,2024-02-14,DTDC,Delhi-Mumbai,North,Express,2,5,FALSE,TRUE,FALSE,1454.42,Weather Delay,3
ORD103791,2024-04-11,DTDC,Chennai-Pune,South,Standard,3,5,FALSE,FALSE,FALSE,587.55,Address Issue,2
ORD103792,2024-09-12,BlueDart,Kochi-Coimbatore,South,Economy,7,7,TRUE,TRUE,TRUE,226.88,None,0
ORD103793,2024-12-18,XpressBees,Lucknow-Patna,East,Economy,8,10,FALSE,TRUE,FALSE,396.39,Address Issue,2
ORD103794,2024-06-07,Delhivery,Bhopal-Indore,Central,Standard,5,5,TRUE,TRUE,TRUE,455.86,None,0
ORD103795,2024-08-06,DTDC,Kolkata-Delhi,North,Standard,5,8,FALSE,TRUE,FALSE,695.19,Driver Shortage,3
ORD103796,2024-06-16,DTDC,Bangalore-Hyderabad,South,Standard,3,5,FALSE,TRUE,FALSE,538.46,Vehicle Breakdown,2
ORD103797,2024-10-03,Delhivery,Surat-Nagpur,West,Standard,3,3,TRUE,TRUE,TRUE,484.38,None,0
ORD103798,2024-12-10,Delhivery,Kochi-Coimbatore,South,Standard,3,3,TRUE,TRUE,TRUE,422.32,None,0
ORD103799,2024-07-16,Ekart,Kolkata-Delhi,North,Economy,7,10,FALSE,TRUE,FALSE,265.92,High Volume Surge,3
ORD103800,2024-12-22,DTDC,Mumbai-Chennai,West,Express,2,5,FALSE,TRUE,FALSE,1048.89,High Volume Surge,3
ORD103801,2024-11-28,XpressBees,Bhopal-Indore,Central,Economy,6,7,FALSE,TRUE,FALSE,307.57,Driver Shortage,1
ORD103802,2024-12-07,Ekart,Kochi-Coimbatore,South,Express,2,2,TRUE,TRUE,TRUE,779.74,None,0
ORD103803,2024-10-05,Ekart,Chennai-Pune,South,Express,1,1,TRUE,TRUE,TRUE,857.56,None,0
ORD103804,2024-04-14,BlueDart,Delhi-Mumbai,North,Standard,5,8,FALSE,TRUE,FALSE,586.37,None,3
ORD103805,2024-02-09,XpressBees,Surat-Nagpur,West,Economy,6,8,FALSE,FALSE,FALSE,253.04,Weather Delay,2
ORD103806,2024-02-07,Delhivery,Lucknow-Patna,East,Express,2,3,FALSE,FALSE,FALSE,1162.38,Vehicle Breakdown,1
ORD103807,2024-03-26,Delhivery,Kolkata-Delhi,North,Standard,5,8,FALSE,TRUE,FALSE,562.48,Weather Delay,3
ORD103808,2024-09-04,BlueDart,Surat-Nagpur,West,Express,1,1,TRUE,TRUE,TRUE,920.57,None,0
ORD103809,2024-05-05,BlueDart,Bangalore-Hyderabad,South,Express,1,1,TRUE,TRUE,TRUE,917.59,None,0
ORD103810,2024-02-23,XpressBees,Mumbai-Chennai,West,Standard,5,7,FALSE,TRUE,FALSE,503.53,Driver Shortage,2
ORD103811,2024-03-30,BlueDart,Kochi-Coimbatore,South,Standard,4,4,TRUE,TRUE,TRUE,484.52,None,0
ORD103812,2024-09-18,Ekart,Chennai-Pune,South,Economy,6,6,TRUE,TRUE,TRUE,232.5,None,0
ORD103813,2024-08-10,BlueDart,Surat-Nagpur,West,Standard,3,3,TRUE,TRUE,TRUE,449.35,None,0
ORD103814,2024-08-19,BlueDart,Kochi-Coimbatore,South,Express,2,2,TRUE,TRUE,TRUE,882.29,None,0
ORD103815,2024-09-23,Delhivery,Delhi-Mumbai,North,Standard,3,6,FALSE,TRUE,FALSE,636.46,Driver Shortage,3
ORD103816,2024-07-10,DTDC,Delhi-Mumbai,North,Economy,6,10,FALSE,TRUE,FALSE,347.43,None,4
ORD103817,2024-06-28,Delhivery,Kochi-Coimbatore,South,Express,2,2,TRUE,TRUE,TRUE,788.6,None,0
ORD103818,2024-02-20,XpressBees,Bangalore-Hyderabad,South,Standard,3,4,FALSE,TRUE,FALSE,465.34,None,1
ORD103819,2024-02-21,XpressBees,Lucknow-Patna,East,Economy,7,11,FALSE,TRUE,FALSE,426.07,Weather Delay,4
ORD103820,2024-10-01,XpressBees,Mumbai-Chennai,West,Standard,5,5,TRUE,TRUE,TRUE,580.15,None,0
ORD103821,2024-03-27,Delhivery,Lucknow-Patna,East,Economy,6,7,FALSE,TRUE,FALSE,292.31,None,1
ORD103822,2024-11-24,XpressBees,Lucknow-Patna,East,Express,1,2,FALSE,TRUE,FALSE,1500.28,Vehicle Breakdown,1
ORD103823,2024-06-24,Ekart,Delhi-Mumbai,North,Economy,6,8,FALSE,TRUE,FALSE,338.35,None,2
ORD103824,2024-09-11,XpressBees,Delhi-Mumbai,North,Standard,4,7,FALSE,TRUE,FALSE,763.53,Vehicle Breakdown,3
ORD103825,2024-01-13,Ekart,Bhopal-Indore,Central,Standard,4,5,FALSE,FALSE,FALSE,405.62,Vehicle Breakdown,1
ORD103826,2024-02-13,XpressBees,Surat-Nagpur,West,Standard,5,6,FALSE,TRUE,FALSE,521.63,Weather Delay,1
ORD103827,2024-03-11,Delhivery,Surat-Nagpur,West,Standard,3,4,FALSE,TRUE,FALSE,493.37,None,1
ORD103828,2024-04-30,Delhivery,Bhopal-Indore,Central,Economy,6,6,TRUE,TRUE,TRUE,222.07,None,0
ORD103829,2024-04-08,BlueDart,Bangalore-Hyderabad,South,Standard,3,3,TRUE,TRUE,TRUE,410.69,None,0
ORD103830,2024-07-05,BlueDart,Chennai-Pune,South,Standard,3,4,FALSE,TRUE,FALSE,411.57,Weather Delay,1
ORD103831,2024-02-09,Delhivery,Delhi-Mumbai,North,Standard,3,5,FALSE,TRUE,FALSE,694.71,Customs Hold,2
ORD103832,2024-07-26,XpressBees,Mumbai-Chennai,West,Express,2,3,FALSE,TRUE,FALSE,1095.25,High Volume Surge,1
ORD103833,2024-12-16,BlueDart,Kolkata-Delhi,North,Express,2,4,FALSE,TRUE,FALSE,1210.69,None,2
ORD103834,2024-02-21,Delhivery,Mumbai-Chennai,West,Economy,8,8,TRUE,TRUE,TRUE,238.21,None,0
ORD103835,2024-10-26,Ekart,Chennai-Pune,South,Economy,7,8,FALSE,TRUE,FALSE,215.69,Weather Delay,1
ORD103836,2024-03-19,Delhivery,Jaipur-Ahmedabad,North,Standard,5,6,FALSE,TRUE,FALSE,413.68,None,1
ORD103837,2024-03-07,XpressBees,Mumbai-Chennai,West,Standard,4,5,FALSE,TRUE,FALSE,586.69,Weather Delay,1
ORD103838,2024-04-27,Delhivery,Bangalore-Hyderabad,South,Economy,6,6,TRUE,TRUE,TRUE,213.4,None,0
ORD103839,2024-11-12,XpressBees,Chennai-Pune,South,Economy,6,8,FALSE,TRUE,FALSE,240.29,None,2
ORD103840,2024-07-03,DTDC,Jaipur-Ahmedabad,North,Economy,8,8,TRUE,TRUE,TRUE,281.57,None,0
ORD103841,2024-12-16,XpressBees,Bhopal-Indore,Central,Express,2,2,TRUE,TRUE,TRUE,1100.66,None,0
ORD103842,2024-06-06,Delhivery,Delhi-Mumbai,North,Economy,7,8,FALSE,TRUE,FALSE,307.69,High Volume Surge,1
ORD103843,2024-12-12,Ekart,Lucknow-Patna,East,Economy,7,9,FALSE,TRUE,FALSE,305.86,Customs Hold,2
ORD103844,2024-12-04,Delhivery,Jaipur-Ahmedabad,North,Economy,6,6,TRUE,TRUE,TRUE,222.33,None,0
ORD103845,2024-06-08,XpressBees,Surat-Nagpur,West,Express,1,2,FALSE,TRUE,FALSE,1041.28,None,1
ORD103846,2024-02-17,XpressBees,Delhi-Mumbai,North,Economy,6,8,FALSE,TRUE,FALSE,350.47,Vehicle Breakdown,2
ORD103847,2024-09-27,XpressBees,Jaipur-Ahmedabad,North,Economy,6,7,FALSE,TRUE,FALSE,264.28,None,1
ORD103848,2024-07-04,XpressBees,Bhopal-Indore,Central,Express,1,1,TRUE,TRUE,TRUE,937.22,None,0
ORD103849,2024-02-23,Ekart,Mumbai-Chennai,West,Express,2,2,TRUE,TRUE,TRUE,779.29,None,0
ORD103850,2024-09-01,Ekart,Surat-Nagpur,West,Standard,5,5,TRUE,TRUE,TRUE,456.09,None,0
ORD103851,2024-07-12,Delhivery,Chennai-Pune,South,Express,2,2,TRUE,TRUE,TRUE,895.61,None,0
ORD103852,2024-12-04,DTDC,Kolkata-Delhi,North,Express,2,3,FALSE,FALSE,FALSE,1541,Address Issue,1
ORD103853,2024-09-27,Ekart,Lucknow-Patna,East,Express,2,3,FALSE,TRUE,FALSE,1091,High Volume Surge,1
ORD103854,2024-02-01,Ekart,Surat-Nagpur,West,Economy,8,8,TRUE,TRUE,TRUE,235.58,None,0
ORD103855,2024-09-27,Ekart,Surat-Nagpur,West,Express,2,2,TRUE,TRUE,TRUE,875.66,None,0
ORD103856,2024-06-15,Ekart,Kolkata-Delhi,North,Standard,5,6,FALSE,FALSE,FALSE,758.99,Address Issue,1
ORD103857,2024-11-23,BlueDart,Kolkata-Delhi,North,Express,1,2,FALSE,TRUE,FALSE,1287.83,High Volume Surge,1
ORD103858,2024-08-05,Delhivery,Lucknow-Patna,East,Standard,3,6,FALSE,TRUE,FALSE,727.29,Weather Delay,3
ORD103859,2024-02-22,DTDC,Lucknow-Patna,East,Standard,3,7,FALSE,TRUE,FALSE,826.17,High Volume Surge,4
ORD103860,2024-02-09,BlueDart,Bangalore-Hyderabad,South,Economy,7,7,TRUE,TRUE,TRUE,198.39,None,0
ORD103861,2024-04-07,XpressBees,Chennai-Pune,South,Express,2,4,FALSE,FALSE,FALSE,1048.55,None,2
ORD103862,2024-10-04,XpressBees,Mumbai-Chennai,West,Express,1,2,FALSE,TRUE,FALSE,1028.26,High Volume Surge,1
ORD103863,2024-07-09,DTDC,Lucknow-Patna,East,Express,1,2,FALSE,TRUE,FALSE,1597.15,Vehicle Breakdown,1
ORD103864,2024-02-13,XpressBees,Delhi-Mumbai,North,Economy,7,12,FALSE,TRUE,FALSE,306.12,None,5
ORD103865,2024-05-06,Ekart,Chennai-Pune,South,Express,2,3,FALSE,FALSE,FALSE,845.87,Vehicle Breakdown,1
ORD103866,2024-11-03,XpressBees,Bhopal-Indore,Central,Express,2,4,FALSE,TRUE,FALSE,1127.16,Driver Shortage,2
ORD103867,2024-03-28,XpressBees,Chennai-Pune,South,Standard,5,7,FALSE,TRUE,FALSE,561.67,High Volume Surge,2
ORD103868,2024-12-03,Delhivery,Kochi-Coimbatore,South,Express,2,2,TRUE,TRUE,TRUE,862.71,None,0
ORD103869,2024-10-27,DTDC,Kochi-Coimbatore,South,Express,2,4,FALSE,FALSE,FALSE,1012.87,None,2
ORD103870,2024-05-01,DTDC,Kolkata-Delhi,North,Standard,5,10,FALSE,TRUE,FALSE,823.74,None,5
ORD103871,2024-07-15,XpressBees,Jaipur-Ahmedabad,North,Economy,6,6,TRUE,TRUE,TRUE,276.26,None,0
ORD103872,2024-09-05,BlueDart,Lucknow-Patna,East,Economy,7,8,FALSE,TRUE,FALSE,343.33,None,1
ORD103873,2024-07-18,BlueDart,Jaipur-Ahmedabad,North,Express,1,1,TRUE,TRUE,TRUE,814.46,None,0
ORD103874,2024-03-07,Delhivery,Bangalore-Hyderabad,South,Standard,4,4,TRUE,TRUE,TRUE,452.38,None,0
ORD103875,2024-11-06,Ekart,Chennai-Pune,South,Economy,7,7,TRUE,TRUE,TRUE,241.24,None,0
ORD103876,2024-10-29,Ekart,Kolkata-Delhi,North,Standard,4,5,FALSE,TRUE,FALSE,590.48,Driver Shortage,1
ORD103877,2024-08-22,BlueDart,Jaipur-Ahmedabad,North,Standard,5,6,FALSE,TRUE,FALSE,488.39,Address Issue,1
ORD103878,2024-10-09,XpressBees,Kolkata-Delhi,North,Standard,5,10,FALSE,TRUE,FALSE,747.45,Driver Shortage,5
ORD103879,2024-03-21,XpressBees,Chennai-Pune,South,Standard,5,7,FALSE,FALSE,FALSE,520.34,None,2
ORD103880,2024-04-17,DTDC,Surat-Nagpur,West,Economy,6,8,FALSE,TRUE,FALSE,302.58,Vehicle Breakdown,2
ORD103881,2024-08-12,XpressBees,Kochi-Coimbatore,South,Standard,4,6,FALSE,FALSE,FALSE,587.54,Weather Delay,2
ORD103882,2024-10-15,BlueDart,Delhi-Mumbai,North,Economy,7,8,FALSE,TRUE,FALSE,269.79,None,1
ORD103883,2024-07-11,XpressBees,Jaipur-Ahmedabad,North,Standard,3,5,FALSE,FALSE,FALSE,604.92,Customs Hold,2
ORD103884,2024-01-31,Ekart,Kolkata-Delhi,North,Express,2,4,FALSE,TRUE,FALSE,1353.28,None,2
ORD103885,2024-02-05,Ekart,Bhopal-Indore,Central,Express,1,2,FALSE,TRUE,FALSE,799.76,Weather Delay,1
ORD103886,2024-04-06,DTDC,Bhopal-Indore,Central,Standard,5,6,FALSE,TRUE,FALSE,558.25,High Volume Surge,1
ORD103887,2024-12-12,DTDC,Kolkata-Delhi,North,Express,2,5,FALSE,TRUE,FALSE,1502.92,None,3
ORD103888,2024-01-28,BlueDart,Kolkata-Delhi,North,Economy,7,9,FALSE,TRUE,FALSE,312.45,Customs Hold,2
ORD103889,2024-10-10,BlueDart,Bangalore-Hyderabad,South,Economy,8,8,TRUE,TRUE,TRUE,218.73,None,0
ORD103890,2024-07-30,BlueDart,Bhopal-Indore,Central,Economy,6,6,TRUE,FALSE,FALSE,208.57,Driver Shortage,0
ORD103891,2024-06-18,XpressBees,Surat-Nagpur,West,Standard,4,5,FALSE,TRUE,FALSE,566.64,Address Issue,1
ORD103892,2024-12-22,BlueDart,Kochi-Coimbatore,South,Express,2,2,TRUE,TRUE,TRUE,902.01,None,0
ORD103893,2024-07-14,Delhivery,Chennai-Pune,South,Standard,5,5,TRUE,TRUE,TRUE,409.55,None,0
ORD103894,2024-10-02,Delhivery,Kochi-Coimbatore,South,Economy,7,7,TRUE,TRUE,TRUE,234.19,None,0
ORD103895,2024-04-15,Delhivery,Kochi-Coimbatore,South,Express,1,1,TRUE,TRUE,TRUE,914.39,None,0
ORD103896,2024-08-25,BlueDart,Jaipur-Ahmedabad,North,Standard,5,5,TRUE,TRUE,TRUE,475.69,None,0
ORD103897,2024-02-24,Delhivery,Delhi-Mumbai,North,Standard,4,6,FALSE,TRUE,FALSE,625.14,Driver Shortage,2
ORD103898,2024-03-21,BlueDart,Jaipur-Ahmedabad,North,Economy,7,7,TRUE,TRUE,TRUE,219.01,None,0
ORD103899,2024-10-23,XpressBees,Mumbai-Chennai,West,Standard,5,5,TRUE,TRUE,TRUE,576.37,None,0
ORD103900,2024-09-01,Delhivery,Surat-Nagpur,West,Express,1,1,TRUE,TRUE,TRUE,861.35,None,0
ORD103901,2024-07-03,Ekart,Bangalore-Hyderabad,South,Express,1,1,TRUE,TRUE,TRUE,900.59,None,0
ORD103902,2024-11-04,DTDC,Bhopal-Indore,Central,Express,2,3,FALSE,TRUE,FALSE,1035.46,High Volume Surge,1
ORD103903,2024-11-15,DTDC,Mumbai-Chennai,West,Economy,8,10,FALSE,TRUE,FALSE,236.24,Address Issue,2
ORD103904,2024-12-02,BlueDart,Kochi-Coimbatore,South,Economy,8,8,TRUE,TRUE,TRUE,233.93,None,0
ORD103905,2024-01-04,Ekart,Chennai-Pune,South,Standard,4,4,TRUE,TRUE,TRUE,479.22,None,0
ORD103906,2024-09-10,Ekart,Delhi-Mumbai,North,Express,2,3,FALSE,TRUE,FALSE,1457.09,Customs Hold,1
ORD103907,2024-09-06,Ekart,Bhopal-Indore,Central,Standard,4,5,FALSE,TRUE,FALSE,475.87,Customs Hold,1
ORD103908,2024-11-11,Ekart,Kochi-Coimbatore,South,Express,1,1,TRUE,TRUE,TRUE,924.61,None,0
ORD103909,2024-02-09,XpressBees,Kolkata-Delhi,North,Standard,3,7,FALSE,TRUE,FALSE,799.35,Driver Shortage,4
ORD103910,2024-07-30,XpressBees,Surat-Nagpur,West,Economy,6,9,FALSE,TRUE,FALSE,268.66,Weather Delay,3
ORD103911,2024-03-06,Delhivery,Mumbai-Chennai,West,Economy,7,7,TRUE,TRUE,TRUE,223.85,None,0
ORD103912,2024-09-14,XpressBees,Mumbai-Chennai,West,Standard,4,5,FALSE,TRUE,FALSE,516.11,None,1
ORD103913,2024-09-23,Delhivery,Kolkata-Delhi,North,Economy,7,9,FALSE,TRUE,FALSE,361.9,Customs Hold,2
ORD103914,2024-08-01,BlueDart,Bhopal-Indore,Central,Standard,4,5,FALSE,TRUE,FALSE,434.26,Driver Shortage,1
ORD103915,2024-05-08,XpressBees,Mumbai-Chennai,West,Standard,5,7,FALSE,TRUE,FALSE,537.24,Customs Hold,2
ORD103916,2024-04-16,BlueDart,Lucknow-Patna,East,Standard,5,7,FALSE,TRUE,FALSE,687.4,None,2
ORD103917,2024-02-08,Ekart,Kochi-Coimbatore,South,Standard,3,3,TRUE,TRUE,TRUE,486.57,None,0
ORD103918,2024-12-29,Delhivery,Bhopal-Indore,Central,Standard,4,5,FALSE,TRUE,FALSE,416.58,Driver Shortage,1
ORD103919,2024-11-06,DTDC,Lucknow-Patna,East,Standard,5,10,FALSE,TRUE,FALSE,806.34,Driver Shortage,5
ORD103920,2024-10-19,Delhivery,Lucknow-Patna,East,Express,2,3,FALSE,TRUE,FALSE,1120.57,Customs Hold,1
ORD103921,2024-01-03,Delhivery,Bangalore-Hyderabad,South,Standard,5,5,TRUE,TRUE,TRUE,416.98,None,0
ORD103922,2024-09-06,Delhivery,Mumbai-Chennai,West,Standard,4,5,FALSE,TRUE,FALSE,469.66,None,1
ORD103923,2024-12-07,Delhivery,Lucknow-Patna,East,Express,1,5,FALSE,TRUE,FALSE,1400.23,Address Issue,4
ORD103924,2024-04-06,Delhivery,Jaipur-Ahmedabad,North,Standard,3,4,FALSE,TRUE,FALSE,420.64,None,1
ORD103925,2024-11-07,XpressBees,Jaipur-Ahmedabad,North,Standard,3,5,FALSE,TRUE,FALSE,541.36,None,2
ORD103926,2024-12-29,Ekart,Bhopal-Indore,Central,Express,1,1,TRUE,TRUE,TRUE,907.48,None,0
ORD103927,2024-08-15,Delhivery,Delhi-Mumbai,North,Economy,6,8,FALSE,FALSE,FALSE,322.81,Driver Shortage,2
ORD103928,2024-10-12,XpressBees,Chennai-Pune,South,Express,2,2,TRUE,TRUE,TRUE,987.3,None,0
ORD103929,2024-12-10,Delhivery,Bhopal-Indore,Central,Express,1,1,TRUE,TRUE,TRUE,837.98,None,0
ORD103930,2024-11-28,Ekart,Kochi-Coimbatore,South,Economy,8,9,FALSE,TRUE,FALSE,227.1,Vehicle Breakdown,1
ORD103931,2024-01-16,BlueDart,Mumbai-Chennai,West,Express,1,1,TRUE,TRUE,TRUE,900.18,None,0
ORD103932,2024-05-06,XpressBees,Kolkata-Delhi,North,Standard,4,7,FALSE,TRUE,FALSE,772.43,None,3
ORD103933,2024-03-29,XpressBees,Bangalore-Hyderabad,South,Standard,5,7,FALSE,TRUE,FALSE,561.22,Weather Delay,2
ORD103934,2024-02-25,Ekart,Kochi-Coimbatore,South,Express,1,2,FALSE,TRUE,FALSE,823.66,Driver Shortage,1
ORD103935,2024-02-20,Delhivery,Kolkata-Delhi,North,Economy,7,10,FALSE,TRUE,FALSE,361.52,Customs Hold,3
ORD103936,2024-10-11,Ekart,Kochi-Coimbatore,South,Express,1,1,TRUE,TRUE,TRUE,850.23,None,0
ORD103937,2024-07-01,XpressBees,Delhi-Mumbai,North,Express,1,5,FALSE,TRUE,FALSE,1713.89,High Volume Surge,4
ORD103938,2024-10-27,DTDC,Bangalore-Hyderabad,South,Economy,6,8,FALSE,TRUE,FALSE,257.88,None,2
ORD103939,2024-06-26,XpressBees,Surat-Nagpur,West,Standard,4,5,FALSE,TRUE,FALSE,550.04,Customs Hold,1
ORD103940,2024-10-15,DTDC,Bangalore-Hyderabad,South,Express,1,4,FALSE,FALSE,FALSE,995.95,None,3
ORD103941,2024-06-12,Delhivery,Delhi-Mumbai,North,Economy,7,10,FALSE,TRUE,FALSE,316.01,Address Issue,3
ORD103942,2024-11-16,XpressBees,Surat-Nagpur,West,Standard,4,4,TRUE,TRUE,TRUE,536.39,None,0
ORD103943,2024-07-23,BlueDart,Jaipur-Ahmedabad,North,Economy,6,6,TRUE,TRUE,TRUE,224.15,None,0
ORD103944,2024-07-15,DTDC,Surat-Nagpur,West,Express,1,1,TRUE,TRUE,TRUE,1118.24,None,0
ORD103945,2024-12-09,BlueDart,Delhi-Mumbai,North,Economy,7,8,FALSE,TRUE,FALSE,281.28,Address Issue,1
ORD103946,2024-11-20,XpressBees,Kolkata-Delhi,North,Express,2,6,FALSE,FALSE,FALSE,1511.53,None,4
ORD103947,2024-08-14,DTDC,Kolkata-Delhi,North,Economy,6,7,FALSE,TRUE,FALSE,411.31,Vehicle Breakdown,1
ORD103948,2024-04-24,BlueDart,Bangalore-Hyderabad,South,Express,2,2,TRUE,TRUE,TRUE,807.54,None,0
ORD103949,2024-06-15,Ekart,Lucknow-Patna,East,Standard,4,6,FALSE,TRUE,FALSE,689.27,Driver Shortage,2
ORD103950,2024-04-13,Ekart,Surat-Nagpur,West,Express,2,3,FALSE,TRUE,FALSE,819,Customs Hold,1
ORD103951,2024-06-23,Delhivery,Kochi-Coimbatore,South,Express,2,2,TRUE,TRUE,TRUE,765.96,None,0
ORD103952,2024-09-14,XpressBees,Chennai-Pune,South,Economy,8,11,FALSE,TRUE,FALSE,260.75,High Volume Surge,3
ORD103953,2024-03-06,DTDC,Lucknow-Patna,East,Express,1,3,FALSE,TRUE,FALSE,1298.34,Customs Hold,2
ORD103954,2024-09-21,Ekart,Jaipur-Ahmedabad,North,Standard,5,5,TRUE,TRUE,TRUE,455.72,None,0
ORD103955,2024-01-21,Ekart,Delhi-Mumbai,North,Express,1,4,FALSE,TRUE,FALSE,1253.6,Weather Delay,3
ORD103956,2024-08-13,BlueDart,Delhi-Mumbai,North,Economy,8,9,FALSE,TRUE,FALSE,348.32,None,1
ORD103957,2024-10-10,Ekart,Kolkata-Delhi,North,Economy,7,9,FALSE,TRUE,FALSE,317.72,Weather Delay,2
ORD103958,2024-10-21,Ekart,Kochi-Coimbatore,South,Express,1,1,TRUE,TRUE,TRUE,819.05,None,0
ORD103959,2024-12-29,XpressBees,Lucknow-Patna,East,Express,1,2,FALSE,TRUE,FALSE,1386.86,Driver Shortage,1
ORD103960,2024-12-01,Ekart,Bangalore-Hyderabad,South,Economy,6,6,TRUE,TRUE,TRUE,237.73,None,0
ORD103961,2024-04-02,Delhivery,Delhi-Mumbai,North,Standard,5,7,FALSE,TRUE,FALSE,616.82,None,2
ORD103962,2024-10-04,DTDC,Jaipur-Ahmedabad,North,Standard,5,7,FALSE,TRUE,FALSE,543.55,None,2
ORD103963,2024-06-12,XpressBees,Surat-Nagpur,West,Standard,4,5,FALSE,TRUE,FALSE,494.39,High Volume Surge,1
ORD103964,2024-08-28,Delhivery,Mumbai-Chennai,West,Standard,3,3,TRUE,TRUE,TRUE,478.63,None,0
ORD103965,2024-04-09,Delhivery,Bhopal-Indore,Central,Economy,7,7,TRUE,TRUE,TRUE,228.79,None,0
ORD103966,2024-12-27,DTDC,Delhi-Mumbai,North,Express,1,3,FALSE,TRUE,FALSE,1461.31,Customs Hold,2
ORD103967,2024-10-09,Delhivery,Delhi-Mumbai,North,Standard,4,5,FALSE,TRUE,FALSE,629.02,Weather Delay,1
ORD103968,2024-07-31,BlueDart,Jaipur-Ahmedabad,North,Express,1,1,TRUE,TRUE,TRUE,844.88,None,0
ORD103969,2024-10-13,Ekart,Delhi-Mumbai,North,Standard,4,7,FALSE,TRUE,FALSE,729.89,Driver Shortage,3
ORD103970,2024-08-15,DTDC,Bhopal-Indore,Central,Express,1,1,TRUE,TRUE,TRUE,1124.16,None,0
ORD103971,2024-08-12,XpressBees,Jaipur-Ahmedabad,North,Standard,3,4,FALSE,TRUE,FALSE,537.07,None,1
ORD103972,2024-06-14,DTDC,Surat-Nagpur,West,Standard,3,5,FALSE,TRUE,FALSE,566.56,None,2
ORD103973,2024-12-21,XpressBees,Jaipur-Ahmedabad,North,Express,1,2,FALSE,TRUE,FALSE,1095.51,Weather Delay,1
ORD103974,2024-06-02,Ekart,Chennai-Pune,South,Express,2,2,TRUE,TRUE,TRUE,825.43,None,0
ORD103975,2024-12-28,DTDC,Chennai-Pune,South,Economy,6,7,FALSE,TRUE,FALSE,295.08,Weather Delay,1
ORD103976,2024-04-28,DTDC,Mumbai-Chennai,West,Standard,3,3,TRUE,TRUE,TRUE,575.94,None,0
ORD103977,2024-11-28,Ekart,Bhopal-Indore,Central,Express,2,3,FALSE,TRUE,FALSE,890.12,Weather Delay,1
ORD103978,2024-09-15,BlueDart,Jaipur-Ahmedabad,North,Economy,7,7,TRUE,TRUE,TRUE,221.96,None,0
ORD103979,2024-01-27,BlueDart,Kolkata-Delhi,North,Economy,6,9,FALSE,TRUE,FALSE,305.04,Customs Hold,3
ORD103980,2024-05-05,Ekart,Kolkata-Delhi,North,Economy,8,11,FALSE,TRUE,FALSE,284.19,Vehicle Breakdown,3
ORD103981,2024-08-28,DTDC,Chennai-Pune,South,Standard,3,4,FALSE,TRUE,FALSE,506.25,Address Issue,1
ORD103982,2024-03-26,Delhivery,Bhopal-Indore,Central,Standard,3,3,TRUE,TRUE,TRUE,423.23,None,0
ORD103983,2024-12-18,Delhivery,Chennai-Pune,South,Standard,3,4,FALSE,TRUE,FALSE,452.28,Vehicle Breakdown,1
ORD103984,2024-11-19,XpressBees,Bhopal-Indore,Central,Economy,7,9,FALSE,TRUE,FALSE,256.29,Vehicle Breakdown,2
ORD103985,2024-12-21,BlueDart,Surat-Nagpur,West,Express,2,2,TRUE,TRUE,TRUE,893.76,None,0
ORD103986,2024-02-16,XpressBees,Bangalore-Hyderabad,South,Economy,6,8,FALSE,TRUE,FALSE,257.93,Address Issue,2
ORD103987,2024-02-18,Delhivery,Bangalore-Hyderabad,South,Express,1,2,FALSE,TRUE,FALSE,805.91,Driver Shortage,1
ORD103988,2024-11-09,Ekart,Bhopal-Indore,Central,Standard,4,4,TRUE,TRUE,TRUE,480.9,None,0
ORD103989,2024-01-27,Ekart,Bangalore-Hyderabad,South,Economy,8,8,TRUE,TRUE,TRUE,231.7,None,0
ORD103990,2024-12-07,Ekart,Kolkata-Delhi,North,Standard,3,4,FALSE,TRUE,FALSE,564.03,Address Issue,1
ORD103991,2024-08-11,DTDC,Chennai-Pune,South,Express,2,4,FALSE,TRUE,FALSE,1014.56,Driver Shortage,2
ORD103992,2024-10-03,BlueDart,Bangalore-Hyderabad,South,Express,1,1,TRUE,TRUE,TRUE,836.03,None,0
ORD103993,2024-03-30,DTDC,Lucknow-Patna,East,Standard,4,8,FALSE,TRUE,FALSE,791.99,High Volume Surge,4
ORD103994,2024-08-27,BlueDart,Kolkata-Delhi,North,Economy,6,9,FALSE,TRUE,FALSE,335.3,None,3
ORD103995,2024-07-20,XpressBees,Kolkata-Delhi,North,Express,1,3,FALSE,FALSE,FALSE,1351.02,None,2
ORD103996,2024-12-07,DTDC,Bangalore-Hyderabad,South,Express,1,2,FALSE,TRUE,FALSE,1004.73,None,1
ORD103997,2024-05-10,Ekart,Surat-Nagpur,West,Economy,6,6,TRUE,TRUE,TRUE,241.94,None,0
ORD103998,2024-03-14,BlueDart,Kolkata-Delhi,North,Express,1,2,FALSE,TRUE,FALSE,1135.85,None,1
ORD103999,2024-09-30,Ekart,Bhopal-Indore,Central,Standard,4,4,TRUE,TRUE,TRUE,472.51,None,0
ORD104000,2024-02-23,XpressBees,Jaipur-Ahmedabad,North,Economy,7,7,TRUE,TRUE,TRUE,271.07,None,0
ORD104001,2024-04-03,DTDC,Delhi-Mumbai,North,Standard,5,7,FALSE,TRUE,FALSE,771.43,Weather Delay,2
ORD104002,2024-11-20,BlueDart,Lucknow-Patna,East,Standard,4,7,FALSE,TRUE,FALSE,659.2,High Volume Surge,3
ORD104003,2024-01-13,BlueDart,Kochi-Coimbatore,South,Economy,7,7,TRUE,TRUE,TRUE,210.21,None,0
ORD104004,2024-02-08,XpressBees,Lucknow-Patna,East,Economy,7,12,FALSE,TRUE,FALSE,436.14,None,5
ORD104005,2024-05-16,Ekart,Lucknow-Patna,East,Express,1,4,FALSE,TRUE,FALSE,1164.68,None,3
ORD104006,2024-08-25,BlueDart,Chennai-Pune,South,Standard,3,3,TRUE,TRUE,TRUE,406.38,None,0
ORD104007,2024-11-23,DTDC,Bangalore-Hyderabad,South,Economy,7,7,TRUE,TRUE,TRUE,297.57,None,0
ORD104008,2024-08-21,XpressBees,Delhi-Mumbai,North,Standard,4,6,FALSE,TRUE,FALSE,648.04,Address Issue,2
ORD104009,2024-10-09,Ekart,Kochi-Coimbatore,South,Standard,4,4,TRUE,TRUE,TRUE,487.72,None,0
ORD104010,2024-10-08,Ekart,Bangalore-Hyderabad,South,Economy,6,6,TRUE,FALSE,FALSE,232.45,Driver Shortage,0
ORD104011,2024-12-14,Ekart,Mumbai-Chennai,West,Economy,6,6,TRUE,TRUE,TRUE,235.82,None,0
ORD104012,2024-11-06,Delhivery,Jaipur-Ahmedabad,North,Express,2,3,FALSE,TRUE,FALSE,785.43,Customs Hold,1
ORD104013,2024-11-03,Delhivery,Lucknow-Patna,East,Standard,3,5,FALSE,TRUE,FALSE,641.94,None,2
ORD104014,2024-12-18,Delhivery,Mumbai-Chennai,West,Economy,7,7,TRUE,TRUE,TRUE,234.01,None,0
ORD104015,2024-05-02,Ekart,Bangalore-Hyderabad,South,Express,1,2,FALSE,TRUE,FALSE,832.56,None,1
ORD104016,2024-04-28,Delhivery,Bhopal-Indore,Central,Economy,7,7,TRUE,FALSE,FALSE,238.15,Driver Shortage,0
ORD104017,2024-09-25,XpressBees,Surat-Nagpur,West,Standard,4,4,TRUE,TRUE,TRUE,589.7,None,0
ORD104018,2024-03-06,Delhivery,Delhi-Mumbai,North,Express,1,5,FALSE,TRUE,FALSE,1258.52,Vehicle Breakdown,4
ORD104019,2024-05-19,BlueDart,Kochi-Coimbatore,South,Economy,7,7,TRUE,TRUE,TRUE,200.52,None,0
ORD104020,2024-09-06,XpressBees,Bhopal-Indore,Central,Economy,6,7,FALSE,TRUE,FALSE,228.66,None,1
ORD104021,2024-10-17,BlueDart,Bangalore-Hyderabad,South,Express,1,2,FALSE,TRUE,FALSE,808.72,Vehicle Breakdown,1
ORD104022,2024-04-12,BlueDart,Mumbai-Chennai,West,Standard,3,4,FALSE,TRUE,FALSE,481.87,None,1
ORD104023,2024-06-17,Ekart,Chennai-Pune,South,Standard,5,5,TRUE,TRUE,TRUE,452.7,None,0
ORD104024,2024-01-03,Delhivery,Surat-Nagpur,West,Standard,4,4,TRUE,TRUE,TRUE,441.44,None,0
ORD104025,2024-05-14,Delhivery,Surat-Nagpur,West,Express,2,3,FALSE,TRUE,FALSE,895.47,Customs Hold,1
ORD104026,2024-04-17,Delhivery,Mumbai-Chennai,West,Express,1,1,TRUE,TRUE,TRUE,852.85,None,0
ORD104027,2024-07-05,Delhivery,Bhopal-Indore,Central,Standard,3,3,TRUE,FALSE,FALSE,424.44,None,0
ORD104028,2024-10-14,XpressBees,Mumbai-Chennai,West,Express,1,2,FALSE,TRUE,FALSE,935.74,Customs Hold,1
ORD104029,2024-05-13,DTDC,Chennai-Pune,South,Express,1,3,FALSE,TRUE,FALSE,1007.73,Vehicle Breakdown,2
ORD104030,2024-03-21,BlueDart,Bhopal-Indore,Central,Express,2,2,TRUE,TRUE,TRUE,915.69,None,0
ORD104031,2024-11-02,DTDC,Kochi-Coimbatore,South,Express,1,1,TRUE,TRUE,TRUE,1034.43,None,0
ORD104032,2024-04-02,Delhivery,Jaipur-Ahmedabad,North,Economy,8,9,FALSE,FALSE,FALSE,226.75,Vehicle Breakdown,1
ORD104033,2024-06-04,DTDC,Kochi-Coimbatore,South,Standard,3,4,FALSE,FALSE,FALSE,549.93,Driver Shortage,1
ORD104034,2024-01-19,Ekart,Surat-Nagpur,West,Standard,5,6,FALSE,TRUE,FALSE,483.25,Customs Hold,1
ORD104035,2024-06-21,DTDC,Chennai-Pune,South,Economy,6,9,FALSE,TRUE,FALSE,235.68,Customs Hold,3
ORD104036,2024-01-11,XpressBees,Kochi-Coimbatore,South,Standard,3,6,FALSE,FALSE,FALSE,597.55,Address Issue,3
ORD104037,2024-02-26,XpressBees,Jaipur-Ahmedabad,North,Express,2,4,FALSE,TRUE,FALSE,1073.52,None,2
ORD104038,2024-03-23,Ekart,Surat-Nagpur,West,Standard,5,5,TRUE,TRUE,TRUE,407.85,None,0
ORD104039,2024-02-21,DTDC,Mumbai-Chennai,West,Economy,8,10,FALSE,TRUE,FALSE,267.69,High Volume Surge,2
ORD104040,2024-10-02,Ekart,Lucknow-Patna,East,Economy,7,8,FALSE,TRUE,FALSE,280,None,1
ORD104041,2024-12-21,XpressBees,Jaipur-Ahmedabad,North,Economy,8,10,FALSE,TRUE,FALSE,229.35,Customs Hold,2
ORD104042,2024-09-17,DTDC,Bangalore-Hyderabad,South,Express,1,3,FALSE,TRUE,FALSE,1031.06,High Volume Surge,2
ORD104043,2024-11-22,Delhivery,Jaipur-Ahmedabad,North,Standard,5,5,TRUE,TRUE,TRUE,441.39,None,0
ORD104044,2024-04-26,Ekart,Bhopal-Indore,Central,Express,2,2,TRUE,TRUE,TRUE,797.86,None,0
ORD104045,2024-09-09,Ekart,Delhi-Mumbai,North,Express,2,4,FALSE,TRUE,FALSE,1202.36,Weather Delay,2
ORD104046,2024-01-19,XpressBees,Mumbai-Chennai,West,Economy,7,8,FALSE,TRUE,FALSE,230.14,Address Issue,1
ORD104047,2024-03-03,Ekart,Surat-Nagpur,West,Standard,3,3,TRUE,TRUE,TRUE,482.53,None,0
ORD104048,2024-06-18,XpressBees,Delhi-Mumbai,North,Standard,3,8,FALSE,TRUE,FALSE,747.69,Driver Shortage,5
ORD104049,2024-09-05,Delhivery,Chennai-Pune,South,Standard,3,3,TRUE,TRUE,TRUE,457.98,None,0
ORD104050,2024-05-21,DTDC,Kochi-Coimbatore,South,Express,2,3,FALSE,TRUE,FALSE,1053.34,Address Issue,1
ORD104051,2024-02-04,Ekart,Surat-Nagpur,West,Economy,7,7,TRUE,TRUE,TRUE,219.31,None,0
ORD104052,2024-06-14,Ekart,Delhi-Mumbai,North,Express,1,3,FALSE,TRUE,FALSE,1280.63,None,2
ORD104053,2024-01-24,XpressBees,Kolkata-Delhi,North,Express,1,4,FALSE,TRUE,FALSE,1409.54,Weather Delay,3
ORD104054,2024-09-02,BlueDart,Chennai-Pune,South,Express,1,2,FALSE,TRUE,FALSE,908.94,Vehicle Breakdown,1
ORD104055,2024-04-01,XpressBees,Delhi-Mumbai,North,Express,1,6,FALSE,FALSE,FALSE,1463.36,Address Issue,5
ORD104056,2024-10-07,Delhivery,Surat-Nagpur,West,Economy,8,8,TRUE,TRUE,TRUE,207.27,None,0
ORD104057,2024-06-27,XpressBees,Mumbai-Chennai,West,Economy,7,9,FALSE,FALSE,FALSE,299.54,Vehicle Breakdown,2
ORD104058,2024-06-07,Delhivery,Chennai-Pune,South,Express,2,2,TRUE,TRUE,TRUE,819.16,None,0
ORD104059,2024-03-21,Ekart,Lucknow-Patna,East,Standard,3,6,FALSE,TRUE,FALSE,661.42,High Volume Surge,3
ORD104060,2024-12-05,Delhivery,Delhi-Mumbai,North,Standard,5,7,FALSE,TRUE,FALSE,624.7,Weather Delay,2
ORD104061,2024-03-10,XpressBees,Bangalore-Hyderabad,South,Express,1,2,FALSE,TRUE,FALSE,1076.82,None,1
ORD104062,2024-01-03,BlueDart,Bangalore-Hyderabad,South,Economy,7,8,FALSE,TRUE,FALSE,215.86,Driver Shortage,1
ORD104063,2024-11-29,Delhivery,Jaipur-Ahmedabad,North,Economy,8,8,TRUE,TRUE,TRUE,225.6,None,0
ORD104064,2024-08-10,XpressBees,Mumbai-Chennai,West,Economy,7,7,TRUE,TRUE,TRUE,272.59,None,0
ORD104065,2024-09-22,XpressBees,Mumbai-Chennai,West,Economy,8,8,TRUE,TRUE,TRUE,268.3,None,0
ORD104066,2024-10-13,Ekart,Delhi-Mumbai,North,Standard,3,4,FALSE,TRUE,FALSE,681.95,Driver Shortage,1
ORD104067,2024-06-27,Ekart,Lucknow-Patna,East,Standard,4,6,FALSE,TRUE,FALSE,568.6,None,2
ORD104068,2024-02-17,XpressBees,Jaipur-Ahmedabad,North,Express,2,2,TRUE,FALSE,FALSE,1001.28,Address Issue,0
ORD104069,2024-11-01,Delhivery,Bangalore-Hyderabad,South,Standard,5,6,FALSE,TRUE,FALSE,488.95,Customs Hold,1
ORD104070,2024-02-14,XpressBees,Bangalore-Hyderabad,South,Express,2,3,FALSE,FALSE,FALSE,1010.64,Address Issue,1
ORD104071,2024-06-20,DTDC,Surat-Nagpur,West,Standard,5,6,FALSE,TRUE,FALSE,551.8,None,1
ORD104072,2024-12-08,BlueDart,Kolkata-Delhi,North,Express,2,3,FALSE,TRUE,FALSE,1255.12,Weather Delay,1
ORD104073,2024-05-21,DTDC,Mumbai-Chennai,West,Standard,4,6,FALSE,FALSE,FALSE,569.78,None,2
ORD104074,2024-12-11,BlueDart,Lucknow-Patna,East,Standard,3,7,FALSE,TRUE,FALSE,657.16,None,4
ORD104075,2024-08-14,XpressBees,Chennai-Pune,South,Express,1,1,TRUE,TRUE,TRUE,982.55,None,0
ORD104076,2024-08-17,DTDC,Mumbai-Chennai,West,Economy,8,9,FALSE,TRUE,FALSE,286.68,Vehicle Breakdown,1
ORD104077,2024-05-07,DTDC,Chennai-Pune,South,Economy,8,10,FALSE,TRUE,FALSE,282.21,High Volume Surge,2
ORD104078,2024-03-02,BlueDart,Delhi-Mumbai,North,Economy,6,8,FALSE,TRUE,FALSE,361.4,None,2
ORD104079,2024-01-18,BlueDart,Chennai-Pune,South,Express,1,1,TRUE,TRUE,TRUE,769.28,None,0
ORD104080,2024-12-29,BlueDart,Bhopal-Indore,Central,Economy,8,8,TRUE,TRUE,TRUE,241.16,None,0
ORD104081,2024-02-24,Ekart,Kolkata-Delhi,North,Economy,8,12,FALSE,TRUE,FALSE,295,None,4
ORD104082,2024-03-23,BlueDart,Kolkata-Delhi,North,Express,2,6,FALSE,TRUE,FALSE,1306.03,Weather Delay,4
ORD104083,2024-09-25,XpressBees,Chennai-Pune,South,Standard,4,5,FALSE,TRUE,FALSE,527.27,High Volume Surge,1
ORD104084,2024-01-03,XpressBees,Kolkata-Delhi,North,Express,1,4,FALSE,TRUE,FALSE,1364.55,None,3
ORD104085,2024-08-09,Delhivery,Kochi-Coimbatore,South,Express,1,1,TRUE,TRUE,TRUE,908.38,None,0
ORD104086,2024-11-19,XpressBees,Jaipur-Ahmedabad,North,Economy,7,8,FALSE,TRUE,FALSE,258.72,High Volume Surge,1
ORD104087,2024-09-13,Delhivery,Mumbai-Chennai,West,Express,2,2,TRUE,TRUE,TRUE,816.55,None,0
ORD104088,2024-10-15,XpressBees,Kochi-Coimbatore,South,Standard,5,6,FALSE,TRUE,FALSE,487.15,Driver Shortage,1
ORD104089,2024-10-09,Delhivery,Jaipur-Ahmedabad,North,Express,1,1,TRUE,FALSE,FALSE,934.35,Driver Shortage,0
ORD104090,2024-09-07,XpressBees,Surat-Nagpur,West,Standard,3,4,FALSE,FALSE,FALSE,552.29,Address Issue,1
ORD104091,2024-06-14,Ekart,Chennai-Pune,South,Economy,7,7,TRUE,TRUE,TRUE,198.59,None,0
ORD104092,2024-04-22,Delhivery,Bhopal-Indore,Central,Economy,6,6,TRUE,TRUE,TRUE,199.59,None,0
ORD104093,2024-09-28,Ekart,Jaipur-Ahmedabad,North,Economy,7,7,TRUE,TRUE,TRUE,218.85,None,0
ORD104094,2024-07-08,DTDC,Jaipur-Ahmedabad,North,Economy,8,8,TRUE,FALSE,FALSE,262.09,Vehicle Breakdown,0
ORD104095,2024-06-23,XpressBees,Kochi-Coimbatore,South,Express,2,3,FALSE,FALSE,FALSE,952.34,Customs Hold,1
ORD104096,2024-01-17,Ekart,Kolkata-Delhi,North,Express,1,4,FALSE,TRUE,FALSE,1259.34,Driver Shortage,3
ORD104097,2024-12-13,Delhivery,Bangalore-Hyderabad,South,Economy,6,6,TRUE,TRUE,TRUE,219.87,None,0
ORD104098,2024-07-05,XpressBees,Delhi-Mumbai,North,Express,2,4,FALSE,TRUE,FALSE,1474.39,None,2
ORD104099,2024-12-24,Ekart,Kolkata-Delhi,North,Express,2,5,FALSE,TRUE,FALSE,1049.82,Driver Shortage,3
ORD104100,2024-11-23,DTDC,Mumbai-Chennai,West,Standard,5,8,FALSE,TRUE,FALSE,587.8,Customs Hold,3
ORD104101,2024-02-19,Ekart,Surat-Nagpur,West,Standard,4,4,TRUE,TRUE,TRUE,469.12,None,0
ORD104102,2024-08-27,BlueDart,Mumbai-Chennai,West,Standard,3,3,TRUE,TRUE,TRUE,427.22,None,0
ORD104103,2024-12-30,Delhivery,Bhopal-Indore,Central,Standard,3,3,TRUE,TRUE,TRUE,445.23,None,0
ORD104104,2024-03-09,DTDC,Surat-Nagpur,West,Standard,5,5,TRUE,TRUE,TRUE,537.77,None,0
ORD104105,2024-09-09,Delhivery,Jaipur-Ahmedabad,North,Economy,6,6,TRUE,TRUE,TRUE,203.64,None,0
ORD104106,2024-09-23,XpressBees,Surat-Nagpur,West,Express,2,3,FALSE,TRUE,FALSE,954.75,Driver Shortage,1
ORD104107,2024-06-07,Ekart,Bhopal-Indore,Central,Express,1,1,TRUE,TRUE,TRUE,812.94,None,0
ORD104108,2024-06-01,BlueDart,Lucknow-Patna,East,Express,2,3,FALSE,TRUE,FALSE,1270.17,High Volume Surge,1
ORD104109,2024-11-16,BlueDart,Bangalore-Hyderabad,South,Economy,8,8,TRUE,TRUE,TRUE,237.61,None,0
ORD104110,2024-05-05,DTDC,Kochi-Coimbatore,South,Express,2,4,FALSE,TRUE,FALSE,1093,Driver Shortage,2
ORD104111,2024-03-17,Delhivery,Kochi-Coimbatore,South,Economy,7,7,TRUE,TRUE,TRUE,226.11,None,0
ORD104112,2024-07-29,Ekart,Jaipur-Ahmedabad,North,Standard,3,4,FALSE,TRUE,FALSE,468.37,Address Issue,1
ORD104113,2024-06-15,XpressBees,Surat-Nagpur,West,Economy,8,9,FALSE,TRUE,FALSE,282.06,High Volume Surge,1
ORD104114,2024-12-30,Ekart,Kochi-Coimbatore,South,Economy,7,7,TRUE,TRUE,TRUE,200.84,None,0
ORD104115,2024-11-18,Ekart,Bhopal-Indore,Central,Economy,7,7,TRUE,TRUE,TRUE,225.83,None,0
ORD104116,2024-10-25,BlueDart,Delhi-Mumbai,North,Economy,7,9,FALSE,TRUE,FALSE,300.22,High Volume Surge,2
ORD104117,2024-03-19,Ekart,Lucknow-Patna,East,Standard,5,9,FALSE,TRUE,FALSE,689.51,Driver Shortage,4
ORD104118,2024-05-10,BlueDart,Bangalore-Hyderabad,South,Express,1,1,TRUE,TRUE,TRUE,781.56,None,0
ORD104119,2024-02-25,DTDC,Bangalore-Hyderabad,South,Standard,5,6,FALSE,TRUE,FALSE,505.11,Address Issue,1
ORD104120,2024-09-18,DTDC,Chennai-Pune,South,Express,2,3,FALSE,TRUE,FALSE,1173.26,None,1
ORD104121,2024-03-30,BlueDart,Delhi-Mumbai,North,Economy,7,10,FALSE,TRUE,FALSE,297.8,None,3
ORD104122,2024-06-01,Ekart,Surat-Nagpur,West,Economy,8,9,FALSE,TRUE,FALSE,228.97,None,1
ORD104123,2024-03-20,Delhivery,Bhopal-Indore,Central,Express,2,2,TRUE,TRUE,TRUE,864.68,None,0
ORD104124,2024-06-16,BlueDart,Jaipur-Ahmedabad,North,Express,1,1,TRUE,TRUE,TRUE,925.31,None,0
ORD104125,2024-06-20,XpressBees,Kolkata-Delhi,North,Standard,4,9,FALSE,TRUE,FALSE,831.06,None,5
ORD104126,2024-01-01,XpressBees,Bhopal-Indore,Central,Standard,3,3,TRUE,FALSE,FALSE,568.89,Address Issue,0
ORD104127,2024-01-19,XpressBees,Surat-Nagpur,West,Express,1,3,FALSE,TRUE,FALSE,1093.73,High Volume Surge,2
ORD104128,2024-03-18,Ekart,Surat-Nagpur,West,Standard,4,5,FALSE,TRUE,FALSE,449.78,Customs Hold,1
ORD104129,2024-01-26,XpressBees,Mumbai-Chennai,West,Express,1,2,FALSE,TRUE,FALSE,1038.45,None,1
ORD104130,2024-07-13,Delhivery,Kolkata-Delhi,North,Standard,3,5,FALSE,TRUE,FALSE,679.76,Driver Shortage,2
ORD104131,2024-02-17,Delhivery,Surat-Nagpur,West,Standard,5,5,TRUE,TRUE,TRUE,455.42,None,0
ORD104132,2024-04-03,XpressBees,Delhi-Mumbai,North,Express,1,6,FALSE,TRUE,FALSE,1590.98,Weather Delay,5
ORD104133,2024-03-31,BlueDart,Lucknow-Patna,East,Standard,5,8,FALSE,TRUE,FALSE,639.88,Customs Hold,3
ORD104134,2024-01-20,Ekart,Surat-Nagpur,West,Standard,5,5,TRUE,TRUE,TRUE,457.21,None,0
ORD104135,2024-11-29,Ekart,Kochi-Coimbatore,South,Express,2,3,FALSE,TRUE,FALSE,833.15,Weather Delay,1
ORD104136,2024-08-16,Delhivery,Lucknow-Patna,East,Standard,3,6,FALSE,TRUE,FALSE,613.45,Weather Delay,3
ORD104137,2024-11-30,XpressBees,Bhopal-Indore,Central,Economy,8,10,FALSE,TRUE,FALSE,279.01,None,2
ORD104138,2024-07-31,Delhivery,Jaipur-Ahmedabad,North,Economy,8,9,FALSE,TRUE,FALSE,241.72,High Volume Surge,1
ORD104139,2024-10-24,Delhivery,Jaipur-Ahmedabad,North,Standard,5,5,TRUE,TRUE,TRUE,458.61,None,0
ORD104140,2024-08-30,XpressBees,Bhopal-Indore,Central,Standard,4,5,FALSE,TRUE,FALSE,531.52,Weather Delay,1
ORD104141,2024-05-29,Delhivery,Mumbai-Chennai,West,Economy,8,9,FALSE,TRUE,FALSE,224.46,None,1
ORD104142,2024-04-21,Delhivery,Bhopal-Indore,Central,Standard,3,3,TRUE,TRUE,TRUE,456.65,None,0
ORD104143,2024-01-11,Delhivery,Mumbai-Chennai,West,Express,2,2,TRUE,TRUE,TRUE,809.51,None,0
ORD104144,2024-02-12,BlueDart,Bangalore-Hyderabad,South,Express,2,2,TRUE,TRUE,TRUE,849.95,None,0
ORD104145,2024-08-11,DTDC,Bangalore-Hyderabad,South,Express,2,2,TRUE,FALSE,FALSE,1096.77,Customs Hold,0
ORD104146,2024-07-04,Ekart,Jaipur-Ahmedabad,North,Economy,8,8,TRUE,TRUE,TRUE,228.48,None,0
ORD104147,2024-03-16,DTDC,Bangalore-Hyderabad,South,Standard,5,6,FALSE,TRUE,FALSE,540.71,Vehicle Breakdown,1
ORD104148,2024-08-12,Delhivery,Bhopal-Indore,Central,Economy,6,6,TRUE,TRUE,TRUE,204.32,None,0
ORD104149,2024-07-29,DTDC,Bhopal-Indore,Central,Standard,3,4,FALSE,TRUE,FALSE,593.66,Vehicle Breakdown,1
ORD104150,2024-06-13,Ekart,Bhopal-Indore,Central,Economy,7,7,TRUE,TRUE,TRUE,227.74,None,0
ORD104151,2024-01-26,XpressBees,Delhi-Mumbai,North,Economy,6,9,FALSE,TRUE,FALSE,394.11,Driver Shortage,3
ORD104152,2024-12-12,DTDC,Bhopal-Indore,Central,Express,2,4,FALSE,TRUE,FALSE,1169.15,Driver Shortage,2
ORD104153,2024-09-06,DTDC,Jaipur-Ahmedabad,North,Express,1,2,FALSE,FALSE,FALSE,1059.76,Customs Hold,1
ORD104154,2024-08-06,XpressBees,Kochi-Coimbatore,South,Standard,4,6,FALSE,FALSE,FALSE,517.32,High Volume Surge,2
ORD104155,2024-08-14,Delhivery,Lucknow-Patna,East,Standard,5,8,FALSE,TRUE,FALSE,583.02,Customs Hold,3
ORD104156,2024-08-08,DTDC,Chennai-Pune,South,Standard,3,4,FALSE,TRUE,FALSE,533.1,Driver Shortage,1
ORD104157,2024-05-05,DTDC,Bangalore-Hyderabad,South,Express,1,2,FALSE,TRUE,FALSE,957.76,Customs Hold,1
ORD104158,2024-06-12,Ekart,Chennai-Pune,South,Express,2,2,TRUE,TRUE,TRUE,814.26,None,0
ORD104159,2024-02-08,Ekart,Delhi-Mumbai,North,Standard,3,5,FALSE,TRUE,FALSE,721.55,High Volume Surge,2
ORD104160,2024-09-29,Ekart,Chennai-Pune,South,Economy,7,8,FALSE,TRUE,FALSE,240.69,High Volume Surge,1
ORD104161,2024-08-13,DTDC,Jaipur-Ahmedabad,North,Express,1,2,FALSE,TRUE,FALSE,1034.01,High Volume Surge,1
ORD104162,2024-08-19,DTDC,Bhopal-Indore,Central,Standard,5,6,FALSE,TRUE,FALSE,568.35,Address Issue,1
ORD104163,2024-11-03,Delhivery,Mumbai-Chennai,West,Express,2,2,TRUE,TRUE,TRUE,899.75,None,0
ORD104164,2024-08-12,BlueDart,Lucknow-Patna,East,Standard,3,6,FALSE,TRUE,FALSE,646.72,Vehicle Breakdown,3
ORD104165,2024-07-15,BlueDart,Bangalore-Hyderabad,South,Express,1,1,TRUE,TRUE,TRUE,840.54,None,0
ORD104166,2024-04-05,DTDC,Mumbai-Chennai,West,Express,2,3,FALSE,TRUE,FALSE,1091.18,Vehicle Breakdown,1
ORD104167,2024-05-26,BlueDart,Kochi-Coimbatore,South,Economy,6,6,TRUE,TRUE,TRUE,198.54,None,0
ORD104168,2024-10-17,BlueDart,Jaipur-Ahmedabad,North,Standard,3,4,FALSE,TRUE,FALSE,437.79,None,1
ORD104169,2024-03-09,DTDC,Mumbai-Chennai,West,Express,2,3,FALSE,TRUE,FALSE,986.53,Weather Delay,1
ORD104170,2024-06-09,DTDC,Kolkata-Delhi,North,Express,1,3,FALSE,TRUE,FALSE,1623.49,Customs Hold,2
ORD104171,2024-01-01,DTDC,Kochi-Coimbatore,South,Express,2,2,TRUE,TRUE,TRUE,936.94,None,0
ORD104172,2024-12-25,XpressBees,Bhopal-Indore,Central,Economy,7,9,FALSE,TRUE,FALSE,283.19,None,2
ORD104173,2024-11-24,Delhivery,Surat-Nagpur,West,Standard,4,4,TRUE,FALSE,FALSE,488.88,High Volume Surge,0
ORD104174,2024-09-14,Delhivery,Bhopal-Indore,Central,Standard,4,5,FALSE,FALSE,FALSE,449.96,Customs Hold,1
ORD104175,2024-01-24,Ekart,Jaipur-Ahmedabad,North,Express,1,1,TRUE,TRUE,TRUE,826.85,None,0
ORD104176,2024-01-14,Delhivery,Surat-Nagpur,West,Economy,7,7,TRUE,TRUE,TRUE,237.37,None,0
ORD104177,2024-03-16,BlueDart,Mumbai-Chennai,West,Standard,5,5,TRUE,TRUE,TRUE,467.08,None,0
ORD104178,2024-02-10,Ekart,Lucknow-Patna,East,Express,2,5,FALSE,TRUE,FALSE,1086.82,Driver Shortage,3
ORD104179,2024-08-14,XpressBees,Jaipur-Ahmedabad,North,Standard,3,4,FALSE,TRUE,FALSE,518.55,Driver Shortage,1
ORD104180,2024-10-10,Ekart,Bangalore-Hyderabad,South,Economy,7,7,TRUE,TRUE,TRUE,223.97,None,0
ORD104181,2024-12-19,BlueDart,Surat-Nagpur,West,Economy,8,8,TRUE,FALSE,FALSE,212.49,Vehicle Breakdown,0
ORD104182,2024-09-24,BlueDart,Bhopal-Indore,Central,Standard,3,4,FALSE,TRUE,FALSE,461.4,None,1
ORD104183,2024-02-03,DTDC,Kolkata-Delhi,North,Standard,3,7,FALSE,TRUE,FALSE,863.91,Vehicle Breakdown,4
ORD104184,2024-09-23,DTDC,Bangalore-Hyderabad,South,Express,2,3,FALSE,TRUE,FALSE,1137.87,None,1
ORD104185,2024-10-20,Delhivery,Jaipur-Ahmedabad,North,Standard,5,5,TRUE,TRUE,TRUE,493.07,None,0
ORD104186,2024-12-18,Ekart,Bangalore-Hyderabad,South,Express,1,2,FALSE,TRUE,FALSE,806.03,Customs Hold,1
ORD104187,2024-03-04,DTDC,Kolkata-Delhi,North,Express,2,5,FALSE,TRUE,FALSE,1415.51,High Volume Surge,3
ORD104188,2024-10-15,XpressBees,Lucknow-Patna,East,Express,1,6,FALSE,TRUE,FALSE,1549.91,Address Issue,5
ORD104189,2024-09-03,XpressBees,Jaipur-Ahmedabad,North,Express,2,3,FALSE,TRUE,FALSE,1037.61,Customs Hold,1
ORD104190,2024-09-29,Ekart,Bangalore-Hyderabad,South,Express,2,2,TRUE,TRUE,TRUE,882.04,None,0
ORD104191,2024-06-24,DTDC,Kochi-Coimbatore,South,Economy,6,6,TRUE,TRUE,TRUE,246.76,None,0
ORD104192,2024-05-26,DTDC,Surat-Nagpur,West,Standard,4,5,FALSE,FALSE,FALSE,475.86,None,1
ORD104193,2024-07-13,Ekart,Mumbai-Chennai,West,Express,2,2,TRUE,TRUE,TRUE,784.88,None,0
ORD104194,2024-11-27,DTDC,Delhi-Mumbai,North,Economy,6,10,FALSE,FALSE,FALSE,439.74,None,4
ORD104195,2024-06-08,BlueDart,Chennai-Pune,South,Economy,7,8,FALSE,TRUE,FALSE,213.68,None,1
ORD104196,2024-12-15,DTDC,Jaipur-Ahmedabad,North,Standard,3,5,FALSE,FALSE,FALSE,527.88,High Volume Surge,2
ORD104197,2024-01-21,XpressBees,Delhi-Mumbai,North,Standard,5,9,FALSE,TRUE,FALSE,898.46,High Volume Surge,4
ORD104198,2024-09-05,XpressBees,Kolkata-Delhi,North,Express,1,5,FALSE,FALSE,FALSE,1417.9,Weather Delay,4
ORD104199,2024-11-27,DTDC,Delhi-Mumbai,North,Economy,6,8,FALSE,TRUE,FALSE,443.84,None,2
ORD104200,2024-04-18,XpressBees,Kochi-Coimbatore,South,Standard,5,5,TRUE,TRUE,TRUE,533.74,None,0
ORD104201,2024-10-21,DTDC,Kochi-Coimbatore,South,Express,2,5,FALSE,TRUE,FALSE,927.76,Driver Shortage,3
ORD104202,2024-07-22,BlueDart,Lucknow-Patna,East,Economy,7,9,FALSE,TRUE,FALSE,287.86,Weather Delay,2
ORD104203,2024-02-19,DTDC,Lucknow-Patna,East,Economy,6,7,FALSE,TRUE,FALSE,349.02,None,1
ORD104204,2024-07-16,BlueDart,Jaipur-Ahmedabad,North,Express,2,2,TRUE,TRUE,TRUE,922.67,None,0
ORD104205,2024-08-03,Ekart,Bangalore-Hyderabad,South,Standard,3,3,TRUE,TRUE,TRUE,436.43,None,0
ORD104206,2024-10-26,Delhivery,Mumbai-Chennai,West,Standard,4,5,FALSE,TRUE,FALSE,474.32,None,1
ORD104207,2024-09-15,XpressBees,Jaipur-Ahmedabad,North,Economy,8,10,FALSE,TRUE,FALSE,260.87,Driver Shortage,2
ORD104208,2024-05-22,XpressBees,Kochi-Coimbatore,South,Express,2,2,TRUE,FALSE,FALSE,991.48,Weather Delay,0
ORD104209,2024-02-23,XpressBees,Bangalore-Hyderabad,South,Express,2,4,FALSE,FALSE,FALSE,912.78,None,2
ORD104210,2024-09-13,Delhivery,Jaipur-Ahmedabad,North,Standard,4,4,TRUE,TRUE,TRUE,466.4,None,0
ORD104211,2024-02-28,DTDC,Bangalore-Hyderabad,South,Standard,5,7,FALSE,TRUE,FALSE,484.52,High Volume Surge,2
ORD104212,2024-05-06,XpressBees,Kolkata-Delhi,North,Economy,6,11,FALSE,TRUE,FALSE,382.33,Customs Hold,5
ORD104213,2024-01-02,XpressBees,Kochi-Coimbatore,South,Standard,5,5,TRUE,TRUE,TRUE,587.85,None,0
ORD104214,2024-05-18,Ekart,Surat-Nagpur,West,Economy,8,8,TRUE,TRUE,TRUE,209.51,None,0
ORD104215,2024-10-12,Delhivery,Delhi-Mumbai,North,Standard,5,6,FALSE,TRUE,FALSE,601.39,Weather Delay,1
ORD104216,2024-02-07,Delhivery,Kolkata-Delhi,North,Standard,5,6,FALSE,TRUE,FALSE,572.81,Address Issue,1
ORD104217,2024-11-22,DTDC,Delhi-Mumbai,North,Economy,7,9,FALSE,TRUE,FALSE,390.18,High Volume Surge,2
ORD104218,2024-12-05,DTDC,Delhi-Mumbai,North,Standard,5,8,FALSE,TRUE,FALSE,687.32,Driver Shortage,3
ORD104219,2024-05-06,DTDC,Bangalore-Hyderabad,South,Express,2,4,FALSE,TRUE,FALSE,958.97,None,2
ORD104220,2024-09-16,Delhivery,Kolkata-Delhi,North,Standard,3,6,FALSE,TRUE,FALSE,616.17,Address Issue,3
ORD104221,2024-08-16,BlueDart,Bhopal-Indore,Central,Economy,8,8,TRUE,TRUE,TRUE,221.65,None,0
ORD104222,2024-11-06,Ekart,Surat-Nagpur,West,Economy,8,8,TRUE,TRUE,TRUE,210.74,None,0
ORD104223,2024-07-25,Delhivery,Kochi-Coimbatore,South,Express,1,2,FALSE,TRUE,FALSE,873.33,Driver Shortage,1
ORD104224,2024-04-05,DTDC,Lucknow-Patna,East,Standard,5,8,FALSE,TRUE,FALSE,885.8,None,3
ORD104225,2024-01-22,Delhivery,Delhi-Mumbai,North,Express,2,3,FALSE,TRUE,FALSE,1252.13,Address Issue,1
ORD104226,2024-01-09,DTDC,Kolkata-Delhi,North,Economy,8,9,FALSE,FALSE,FALSE,432.58,High Volume Surge,1
ORD104227,2024-04-23,XpressBees,Mumbai-Chennai,West,Standard,4,6,FALSE,TRUE,FALSE,537.13,High Volume Surge,2
ORD104228,2024-05-03,DTDC,Bhopal-Indore,Central,Economy,8,10,FALSE,TRUE,FALSE,237.99,Driver Shortage,2
ORD104229,2024-01-12,XpressBees,Kochi-Coimbatore,South,Economy,6,8,FALSE,TRUE,FALSE,297.6,Weather Delay,2
ORD104230,2024-03-30,XpressBees,Lucknow-Patna,East,Express,2,4,FALSE,TRUE,FALSE,1211.98,Driver Shortage,2
ORD104231,2024-06-21,Ekart,Bangalore-Hyderabad,South,Standard,5,5,TRUE,TRUE,TRUE,488.13,None,0
ORD104232,2024-02-03,DTDC,Mumbai-Chennai,West,Economy,6,7,FALSE,TRUE,FALSE,267.18,Vehicle Breakdown,1
ORD104233,2024-11-10,DTDC,Delhi-Mumbai,North,Standard,3,6,FALSE,TRUE,FALSE,871.32,Driver Shortage,3
ORD104234,2024-09-28,BlueDart,Bhopal-Indore,Central,Express,2,2,TRUE,TRUE,TRUE,927.52,None,0
ORD104235,2024-05-28,XpressBees,Lucknow-Patna,East,Standard,3,7,FALSE,TRUE,FALSE,885.03,Weather Delay,4
ORD104236,2024-03-20,XpressBees,Delhi-Mumbai,North,Express,2,4,FALSE,FALSE,FALSE,1211.44,High Volume Surge,2
ORD104237,2024-05-25,BlueDart,Delhi-Mumbai,North,Standard,5,9,FALSE,TRUE,FALSE,690.03,Driver Shortage,4
ORD104238,2024-03-28,Ekart,Surat-Nagpur,West,Economy,7,8,FALSE,TRUE,FALSE,229.52,High Volume Surge,1
ORD104239,2024-03-30,Delhivery,Mumbai-Chennai,West,Express,2,2,TRUE,TRUE,TRUE,916.26,None,0
ORD104240,2024-02-27,DTDC,Bangalore-Hyderabad,South,Express,1,2,FALSE,TRUE,FALSE,1016.95,None,1
ORD104241,2024-11-24,DTDC,Chennai-Pune,South,Economy,8,8,TRUE,TRUE,TRUE,269.16,None,0
ORD104242,2024-10-20,DTDC,Mumbai-Chennai,West,Economy,7,8,FALSE,TRUE,FALSE,238.53,Driver Shortage,1
ORD104243,2024-06-28,Ekart,Bangalore-Hyderabad,South,Standard,3,4,FALSE,TRUE,FALSE,458.88,Customs Hold,1
ORD104244,2024-05-04,Ekart,Jaipur-Ahmedabad,North,Economy,6,6,TRUE,TRUE,TRUE,212.79,None,0
ORD104245,2024-04-06,XpressBees,Bhopal-Indore,Central,Standard,3,4,FALSE,TRUE,FALSE,595.87,None,1
ORD104246,2024-05-24,XpressBees,Mumbai-Chennai,West,Express,1,3,FALSE,TRUE,FALSE,1169.88,Weather Delay,2
ORD104247,2024-07-26,Delhivery,Kolkata-Delhi,North,Express,1,4,FALSE,TRUE,FALSE,1082.33,None,3
ORD104248,2024-03-30,BlueDart,Delhi-Mumbai,North,Economy,8,9,FALSE,TRUE,FALSE,311.45,None,1
ORD104249,2024-04-28,BlueDart,Lucknow-Patna,East,Economy,8,9,FALSE,TRUE,FALSE,310.29,Vehicle Breakdown,1
ORD104250,2024-12-19,XpressBees,Mumbai-Chennai,West,Express,2,2,TRUE,TRUE,TRUE,931.71,None,0
ORD104251,2024-05-08,BlueDart,Surat-Nagpur,West,Economy,8,8,TRUE,TRUE,TRUE,238.53,None,0
ORD104252,2024-07-30,Ekart,Delhi-Mumbai,North,Express,2,3,FALSE,TRUE,FALSE,1158.85,Address Issue,1
ORD104253,2024-07-05,Delhivery,Surat-Nagpur,West,Economy,7,7,TRUE,TRUE,TRUE,241.9,None,0
ORD104254,2024-11-29,Ekart,Kochi-Coimbatore,South,Express,2,3,FALSE,TRUE,FALSE,795.96,None,1
ORD104255,2024-01-12,Delhivery,Delhi-Mumbai,North,Economy,6,10,FALSE,TRUE,FALSE,286.42,Customs Hold,4
ORD104256,2024-08-15,Ekart,Bangalore-Hyderabad,South,Economy,6,6,TRUE,TRUE,TRUE,217.61,None,0
ORD104257,2024-06-21,BlueDart,Chennai-Pune,South,Economy,7,7,TRUE,TRUE,TRUE,201.76,None,0
ORD104258,2024-06-10,Delhivery,Kolkata-Delhi,North,Express,2,6,FALSE,TRUE,FALSE,1238.93,Weather Delay,4
ORD104259,2024-02-24,XpressBees,Bhopal-Indore,Central,Economy,8,10,FALSE,TRUE,FALSE,293.9,None,2
ORD104260,2024-03-21,BlueDart,Jaipur-Ahmedabad,North,Express,1,1,TRUE,TRUE,TRUE,809.73,None,0
ORD104261,2024-02-08,DTDC,Chennai-Pune,South,Standard,4,6,FALSE,TRUE,FALSE,519.03,None,2
ORD104262,2024-12-01,Ekart,Surat-Nagpur,West,Express,1,2,FALSE,TRUE,FALSE,819.6,Address Issue,1
ORD104263,2024-02-15,DTDC,Delhi-Mumbai,North,Standard,4,7,FALSE,TRUE,FALSE,918.93,Customs Hold,3
ORD104264,2024-02-23,BlueDart,Surat-Nagpur,West,Standard,3,3,TRUE,TRUE,TRUE,408.31,None,0
ORD104265,2024-06-11,XpressBees,Bangalore-Hyderabad,South,Express,1,1,TRUE,TRUE,TRUE,891.98,None,0
ORD104266,2024-06-11,DTDC,Surat-Nagpur,West,Standard,4,5,FALSE,FALSE,FALSE,457.05,Driver Shortage,1
ORD104267,2024-10-10,Delhivery,Chennai-Pune,South,Standard,5,5,TRUE,TRUE,TRUE,483.58,None,0
ORD104268,2024-06-04,Ekart,Bangalore-Hyderabad,South,Express,1,2,FALSE,TRUE,FALSE,799.98,Vehicle Breakdown,1
ORD104269,2024-08-11,BlueDart,Mumbai-Chennai,West,Standard,4,4,TRUE,TRUE,TRUE,464.3,None,0
ORD104270,2024-11-25,Ekart,Bangalore-Hyderabad,South,Economy,6,6,TRUE,TRUE,TRUE,235.09,None,0
ORD104271,2024-06-27,Ekart,Lucknow-Patna,East,Express,1,3,FALSE,TRUE,FALSE,1067.41,High Volume Surge,2
ORD104272,2024-07-19,Ekart,Mumbai-Chennai,West,Economy,6,6,TRUE,TRUE,TRUE,228.34,None,0
ORD104273,2024-04-29,Delhivery,Jaipur-Ahmedabad,North,Express,2,2,TRUE,TRUE,TRUE,820.21,None,0
ORD104274,2024-02-19,XpressBees,Mumbai-Chennai,West,Standard,5,6,FALSE,TRUE,FALSE,581.57,None,1
ORD104275,2024-09-11,XpressBees,Kolkata-Delhi,North,Economy,6,9,FALSE,TRUE,FALSE,432.64,Weather Delay,3
ORD104276,2024-07-11,DTDC,Bhopal-Indore,Central,Economy,6,9,FALSE,TRUE,FALSE,277.24,Driver Shortage,3
ORD104277,2024-11-23,BlueDart,Delhi-Mumbai,North,Economy,8,9,FALSE,TRUE,FALSE,320.13,Address Issue,1
ORD104278,2024-11-30,XpressBees,Chennai-Pune,South,Standard,4,4,TRUE,TRUE,TRUE,565.1,None,0
ORD104279,2024-05-03,XpressBees,Kochi-Coimbatore,South,Express,2,5,FALSE,FALSE,FALSE,1048.44,Address Issue,3
ORD104280,2024-09-22,XpressBees,Mumbai-Chennai,West,Standard,3,4,FALSE,TRUE,FALSE,464.76,Weather Delay,1
ORD104281,2024-01-11,DTDC,Jaipur-Ahmedabad,North,Standard,5,8,FALSE,TRUE,FALSE,508.54,None,3
ORD104282,2024-05-16,Ekart,Jaipur-Ahmedabad,North,Express,2,3,FALSE,TRUE,FALSE,791.04,None,1
ORD104283,2024-11-06,Delhivery,Surat-Nagpur,West,Standard,4,4,TRUE,TRUE,TRUE,423.49,None,0
ORD104284,2024-01-19,Delhivery,Kochi-Coimbatore,South,Standard,3,4,FALSE,TRUE,FALSE,413.54,Address Issue,1
ORD104285,2024-09-14,Delhivery,Lucknow-Patna,East,Economy,7,10,FALSE,TRUE,FALSE,336.3,Customs Hold,3
ORD104286,2024-03-23,BlueDart,Kolkata-Delhi,North,Express,1,4,FALSE,TRUE,FALSE,1279.3,Vehicle Breakdown,3
ORD104287,2024-09-22,Delhivery,Kolkata-Delhi,North,Express,1,4,FALSE,TRUE,FALSE,1026.47,Vehicle Breakdown,3
ORD104288,2024-03-30,XpressBees,Jaipur-Ahmedabad,North,Express,2,3,FALSE,TRUE,FALSE,1045.42,None,1
ORD104289,2024-05-10,XpressBees,Surat-Nagpur,West,Express,1,1,TRUE,TRUE,TRUE,972.59,None,0
ORD104290,2024-10-31,BlueDart,Bangalore-Hyderabad,South,Economy,7,7,TRUE,FALSE,FALSE,209.12,None,0
ORD104291,2024-06-17,XpressBees,Kolkata-Delhi,North,Standard,3,8,FALSE,FALSE,FALSE,763.07,Driver Shortage,5
ORD104292,2024-01-02,Delhivery,Kochi-Coimbatore,South,Economy,7,7,TRUE,TRUE,TRUE,237.77,None,0
ORD104293,2024-07-21,Ekart,Kochi-Coimbatore,South,Standard,5,6,FALSE,TRUE,FALSE,477.07,Vehicle Breakdown,1
ORD104294,2024-11-16,Delhivery,Chennai-Pune,South,Standard,3,4,FALSE,TRUE,FALSE,445.84,None,1
ORD104295,2024-05-02,XpressBees,Mumbai-Chennai,West,Economy,6,6,TRUE,FALSE,FALSE,235.72,Weather Delay,0
ORD104296,2024-05-13,BlueDart,Kolkata-Delhi,North,Express,1,3,FALSE,TRUE,FALSE,1393.6,None,2
ORD104297,2024-10-12,DTDC,Lucknow-Patna,East,Standard,5,9,FALSE,TRUE,FALSE,704.34,Weather Delay,4
ORD104298,2024-06-04,Delhivery,Surat-Nagpur,West,Economy,7,8,FALSE,TRUE,FALSE,231.8,High Volume Surge,1
ORD104299,2024-04-25,DTDC,Kolkata-Delhi,North,Express,1,3,FALSE,TRUE,FALSE,1459.25,None,2
ORD104300,2024-11-01,XpressBees,Mumbai-Chennai,West,Economy,8,8,TRUE,TRUE,TRUE,220.26,None,0
ORD104301,2024-05-06,XpressBees,Kolkata-Delhi,North,Express,2,5,FALSE,FALSE,FALSE,1406.22,High Volume Surge,3
ORD104302,2024-04-28,BlueDart,Bhopal-Indore,Central,Express,2,2,TRUE,TRUE,TRUE,839.4,None,0
ORD104303,2024-10-21,BlueDart,Bhopal-Indore,Central,Express,1,1,TRUE,TRUE,TRUE,879.09,None,0
ORD104304,2024-06-13,XpressBees,Chennai-Pune,South,Express,2,3,FALSE,TRUE,FALSE,1007.37,Weather Delay,1
ORD104305,2024-03-04,Ekart,Kolkata-Delhi,North,Standard,5,8,FALSE,TRUE,FALSE,716.16,None,3
ORD104306,2024-09-21,BlueDart,Bhopal-Indore,Central,Economy,8,8,TRUE,TRUE,TRUE,230.83,None,0
ORD104307,2024-09-20,BlueDart,Jaipur-Ahmedabad,North,Express,2,3,FALSE,TRUE,FALSE,930.8,Address Issue,1
ORD104308,2024-05-30,Ekart,Surat-Nagpur,West,Express,2,2,TRUE,TRUE,TRUE,837.45,None,0
ORD104309,2024-07-29,Ekart,Mumbai-Chennai,West,Express,1,1,TRUE,TRUE,TRUE,767.74,None,0
ORD104310,2024-02-23,XpressBees,Lucknow-Patna,East,Express,2,3,FALSE,FALSE,FALSE,1434.65,None,1
ORD104311,2024-02-28,Ekart,Kochi-Coimbatore,South,Standard,5,5,TRUE,FALSE,FALSE,427.04,None,0
ORD104312,2024-09-05,Ekart,Kolkata-Delhi,North,Economy,6,8,FALSE,TRUE,FALSE,289.14,Vehicle Breakdown,2
ORD104313,2024-01-27,Delhivery,Kochi-Coimbatore,South,Express,2,2,TRUE,TRUE,TRUE,863.72,None,0
ORD104314,2024-12-20,Ekart,Delhi-Mumbai,North,Standard,5,6,FALSE,TRUE,FALSE,678.77,Customs Hold,1
ORD104315,2024-07-03,Delhivery,Chennai-Pune,South,Standard,4,4,TRUE,TRUE,TRUE,426.95,None,0
ORD104316,2024-06-20,BlueDart,Jaipur-Ahmedabad,North,Standard,4,4,TRUE,TRUE,TRUE,459.53,None,0
ORD104317,2024-06-25,XpressBees,Kolkata-Delhi,North,Standard,5,8,FALSE,FALSE,FALSE,788.98,High Volume Surge,3
ORD104318,2024-10-02,DTDC,Surat-Nagpur,West,Economy,8,8,TRUE,TRUE,TRUE,274.7,None,0
ORD104319,2024-12-22,DTDC,Mumbai-Chennai,West,Economy,7,9,FALSE,TRUE,FALSE,284.74,Driver Shortage,2
ORD104320,2024-06-10,BlueDart,Bhopal-Indore,Central,Economy,7,7,TRUE,TRUE,TRUE,206.16,None,0
ORD104321,2024-12-19,BlueDart,Chennai-Pune,South,Economy,7,7,TRUE,TRUE,TRUE,238.53,None,0
ORD104322,2024-11-01,XpressBees,Jaipur-Ahmedabad,North,Standard,4,4,TRUE,FALSE,FALSE,577.01,High Volume Surge,0
ORD104323,2024-10-02,BlueDart,Kolkata-Delhi,North,Express,1,2,FALSE,TRUE,FALSE,1208.96,Driver Shortage,1
ORD104324,2024-01-03,XpressBees,Delhi-Mumbai,North,Economy,7,10,FALSE,TRUE,FALSE,384.64,Address Issue,3
ORD104325,2024-08-24,BlueDart,Delhi-Mumbai,North,Express,2,3,FALSE,TRUE,FALSE,1294.68,None,1
ORD104326,2024-03-13,DTDC,Lucknow-Patna,East,Express,2,8,FALSE,TRUE,FALSE,1451.8,High Volume Surge,6
ORD104327,2024-08-28,XpressBees,Chennai-Pune,South,Standard,3,5,FALSE,TRUE,FALSE,471.57,None,2
ORD104328,2024-12-07,Ekart,Kochi-Coimbatore,South,Economy,6,6,TRUE,TRUE,TRUE,202.93,None,0
ORD104329,2024-06-06,XpressBees,Mumbai-Chennai,West,Standard,3,5,FALSE,FALSE,FALSE,541.1,Weather Delay,2
ORD104330,2024-09-04,BlueDart,Kolkata-Delhi,North,Standard,3,5,FALSE,TRUE,FALSE,636.01,Customs Hold,2
ORD104331,2024-08-29,Delhivery,Lucknow-Patna,East,Express,1,4,FALSE,TRUE,FALSE,1087.04,Customs Hold,3
ORD104332,2024-05-24,Delhivery,Delhi-Mumbai,North,Standard,4,6,FALSE,TRUE,FALSE,593.59,Customs Hold,2
ORD104333,2024-02-15,DTDC,Jaipur-Ahmedabad,North,Economy,6,7,FALSE,FALSE,FALSE,256.47,Weather Delay,1
ORD104334,2024-06-15,XpressBees,Kolkata-Delhi,North,Economy,6,10,FALSE,TRUE,FALSE,441.61,Customs Hold,4
ORD104335,2024-10-21,BlueDart,Kochi-Coimbatore,South,Economy,7,7,TRUE,TRUE,TRUE,238.02,None,0
ORD104336,2024-04-30,BlueDart,Chennai-Pune,South,Express,2,3,FALSE,TRUE,FALSE,894.33,Customs Hold,1
ORD104337,2024-09-14,Delhivery,Kochi-Coimbatore,South,Economy,8,8,TRUE,TRUE,TRUE,235.09,None,0
ORD104338,2024-10-19,DTDC,Surat-Nagpur,West,Express,2,3,FALSE,TRUE,FALSE,1107.33,Address Issue,1
ORD104339,2024-03-16,Delhivery,Surat-Nagpur,West,Standard,5,5,TRUE,TRUE,TRUE,429.68,None,0
ORD104340,2024-06-05,BlueDart,Jaipur-Ahmedabad,North,Economy,6,7,FALSE,TRUE,FALSE,203.58,Customs Hold,1
ORD104341,2024-04-07,XpressBees,Surat-Nagpur,West,Standard,4,6,FALSE,TRUE,FALSE,510.65,None,2
ORD104342,2024-11-08,Delhivery,Jaipur-Ahmedabad,North,Standard,4,4,TRUE,TRUE,TRUE,464.2,None,0
ORD104343,2024-06-12,BlueDart,Kolkata-Delhi,North,Standard,4,8,FALSE,TRUE,FALSE,703.65,Customs Hold,4
ORD104344,2024-11-29,BlueDart,Kochi-Coimbatore,South,Express,2,3,FALSE,TRUE,FALSE,801.13,High Volume Surge,1
ORD104345,2024-08-27,XpressBees,Lucknow-Patna,East,Express,2,6,FALSE,TRUE,FALSE,1659.48,Customs Hold,4
ORD104346,2024-11-23,Delhivery,Delhi-Mumbai,North,Standard,5,6,FALSE,TRUE,FALSE,680.08,None,1
ORD104347,2024-10-08,DTDC,Kochi-Coimbatore,South,Economy,7,8,FALSE,FALSE,FALSE,265.87,Address Issue,1
ORD104348,2024-07-18,Ekart,Chennai-Pune,South,Standard,5,5,TRUE,TRUE,TRUE,463.9,None,0
ORD104349,2024-06-23,Delhivery,Lucknow-Patna,East,Express,2,5,FALSE,TRUE,FALSE,1195.32,High Volume Surge,3
ORD104350,2024-08-31,BlueDart,Kolkata-Delhi,North,Economy,7,9,FALSE,TRUE,FALSE,318.8,Vehicle Breakdown,2
ORD104351,2024-11-26,DTDC,Lucknow-Patna,East,Standard,5,11,FALSE,FALSE,FALSE,791.57,Vehicle Breakdown,6
ORD104352,2024-03-29,XpressBees,Lucknow-Patna,East,Express,1,4,FALSE,TRUE,FALSE,1425.08,High Volume Surge,3
ORD104353,2024-07-22,Ekart,Kochi-Coimbatore,South,Express,2,2,TRUE,TRUE,TRUE,846.93,None,0
ORD104354,2024-09-08,XpressBees,Mumbai-Chennai,West,Standard,3,5,FALSE,TRUE,FALSE,539.77,None,2
ORD104355,2024-06-19,XpressBees,Mumbai-Chennai,West,Standard,5,5,TRUE,TRUE,TRUE,571.72,None,0
ORD104356,2024-09-02,XpressBees,Delhi-Mumbai,North,Express,2,5,FALSE,FALSE,FALSE,1322.63,Weather Delay,3
ORD104357,2024-06-06,DTDC,Kochi-Coimbatore,South,Express,1,2,FALSE,TRUE,FALSE,856.62,None,1
ORD104358,2024-03-30,BlueDart,Kochi-Coimbatore,South,Express,1,2,FALSE,TRUE,FALSE,795.23,High Volume Surge,1
ORD104359,2024-11-09,DTDC,Chennai-Pune,South,Standard,3,5,FALSE,FALSE,FALSE,537.31,High Volume Surge,2
ORD104360,2024-05-14,BlueDart,Mumbai-Chennai,West,Economy,8,8,TRUE,TRUE,TRUE,211.22,None,0
ORD104361,2024-07-01,Delhivery,Delhi-Mumbai,North,Express,1,4,FALSE,TRUE,FALSE,1468.55,None,3
ORD104362,2024-01-31,Ekart,Kochi-Coimbatore,South,Express,1,1,TRUE,FALSE,FALSE,797.06,None,0
ORD104363,2024-04-06,DTDC,Jaipur-Ahmedabad,North,Standard,4,7,FALSE,TRUE,FALSE,488.52,Address Issue,3
ORD104364,2024-05-26,Delhivery,Bhopal-Indore,Central,Economy,7,7,TRUE,TRUE,TRUE,227.74,None,0
ORD104365,2024-01-28,DTDC,Bangalore-Hyderabad,South,Economy,7,8,FALSE,TRUE,FALSE,252.91,Address Issue,1
ORD104366,2024-02-08,BlueDart,Kolkata-Delhi,North,Economy,6,9,FALSE,TRUE,FALSE,303.27,Vehicle Breakdown,3
ORD104367,2024-12-01,Delhivery,Lucknow-Patna,East,Standard,3,5,FALSE,TRUE,FALSE,657.39,None,2
ORD104368,2024-09-18,DTDC,Chennai-Pune,South,Express,2,3,FALSE,TRUE,FALSE,1112.64,Vehicle Breakdown,1
ORD104369,2024-09-16,DTDC,Bhopal-Indore,Central,Standard,5,5,TRUE,TRUE,TRUE,575.38,None,0
ORD104370,2024-03-25,XpressBees,Surat-Nagpur,West,Standard,4,7,FALSE,TRUE,FALSE,481.87,Driver Shortage,3
ORD104371,2024-12-06,XpressBees,Kochi-Coimbatore,South,Economy,7,8,FALSE,TRUE,FALSE,266.79,Weather Delay,1
ORD104372,2024-02-22,BlueDart,Bhopal-Indore,Central,Express,1,1,TRUE,FALSE,FALSE,778.17,Customs Hold,0
ORD104373,2024-01-29,BlueDart,Kochi-Coimbatore,South,Express,2,2,TRUE,TRUE,TRUE,807.24,None,0
ORD104374,2024-10-25,XpressBees,Bangalore-Hyderabad,South,Standard,4,6,FALSE,TRUE,FALSE,562.48,Weather Delay,2
ORD104375,2024-08-14,Ekart,Kolkata-Delhi,North,Express,1,4,FALSE,FALSE,FALSE,1093.94,Customs Hold,3
ORD104376,2024-10-17,BlueDart,Kolkata-Delhi,North,Express,2,3,FALSE,TRUE,FALSE,1412.97,Address Issue,1
ORD104377,2024-12-24,BlueDart,Kolkata-Delhi,North,Standard,4,6,FALSE,TRUE,FALSE,648.85,Driver Shortage,2
ORD104378,2024-11-20,Delhivery,Surat-Nagpur,West,Standard,3,3,TRUE,TRUE,TRUE,448.3,None,0
ORD104379,2024-11-11,BlueDart,Delhi-Mumbai,North,Express,1,4,FALSE,TRUE,FALSE,1108.03,High Volume Surge,3
ORD104380,2024-09-25,Delhivery,Bangalore-Hyderabad,South,Economy,8,8,TRUE,FALSE,FALSE,198,None,0
ORD104381,2024-05-18,Ekart,Lucknow-Patna,East,Standard,5,9,FALSE,TRUE,FALSE,641.37,Weather Delay,4
ORD104382,2024-01-17,Ekart,Kolkata-Delhi,North,Economy,8,9,FALSE,TRUE,FALSE,310.75,Weather Delay,1
ORD104383,2024-12-28,Ekart,Chennai-Pune,South,Express,1,1,TRUE,TRUE,TRUE,921.86,None,0
ORD104384,2024-12-25,DTDC,Mumbai-Chennai,West,Standard,5,8,FALSE,FALSE,FALSE,579.67,Vehicle Breakdown,3
ORD104385,2024-07-11,XpressBees,Chennai-Pune,South,Standard,5,7,FALSE,FALSE,FALSE,567.76,Address Issue,2
ORD104386,2024-06-07,Ekart,Bangalore-Hyderabad,South,Standard,4,4,TRUE,TRUE,TRUE,420.22,None,0
ORD104387,2024-09-08,Ekart,Lucknow-Patna,East,Express,2,5,FALSE,TRUE,FALSE,1259.75,None,3
ORD104388,2024-10-14,Ekart,Jaipur-Ahmedabad,North,Express,1,2,FALSE,TRUE,FALSE,783.59,None,1
ORD104389,2024-02-08,BlueDart,Bhopal-Indore,Central,Standard,3,3,TRUE,TRUE,TRUE,406.9,None,0
ORD104390,2024-01-24,XpressBees,Kochi-Coimbatore,South,Economy,7,9,FALSE,FALSE,FALSE,249.09,Address Issue,2
ORD104391,2024-05-22,Ekart,Chennai-Pune,South,Economy,7,7,TRUE,TRUE,TRUE,237.87,None,0
ORD104392,2024-06-26,DTDC,Bangalore-Hyderabad,South,Standard,3,6,FALSE,TRUE,FALSE,554.94,None,3
ORD104393,2024-09-18,BlueDart,Delhi-Mumbai,North,Standard,3,5,FALSE,TRUE,FALSE,738.43,Customs Hold,2
ORD104394,2024-03-17,DTDC,Chennai-Pune,South,Standard,3,4,FALSE,TRUE,FALSE,538.74,Address Issue,1
ORD104395,2024-07-03,XpressBees,Delhi-Mumbai,North,Standard,5,9,FALSE,TRUE,FALSE,770.56,None,4
ORD104396,2024-08-23,XpressBees,Kochi-Coimbatore,South,Express,1,4,FALSE,TRUE,FALSE,1099.17,Weather Delay,3
ORD104397,2024-06-27,Ekart,Mumbai-Chennai,West,Express,1,2,FALSE,TRUE,FALSE,778.66,Customs Hold,1
ORD104398,2024-08-11,DTDC,Mumbai-Chennai,West,Express,1,3,FALSE,TRUE,FALSE,923.72,Customs Hold,2
ORD104399,2024-03-22,DTDC,Mumbai-Chennai,West,Economy,7,9,FALSE,TRUE,FALSE,260.45,High Volume Surge,2
ORD104400,2024-07-04,DTDC,Bangalore-Hyderabad,South,Express,2,4,FALSE,TRUE,FALSE,962.13,Weather Delay,2
ORD104401,2024-12-18,XpressBees,Bangalore-Hyderabad,South,Express,2,5,FALSE,TRUE,FALSE,1056.24,Address Issue,3
ORD104402,2024-10-29,DTDC,Delhi-Mumbai,North,Economy,8,9,FALSE,TRUE,FALSE,358.39,Customs Hold,1
ORD104403,2024-09-29,DTDC,Bhopal-Indore,Central,Express,1,1,TRUE,TRUE,TRUE,929.38,None,0
ORD104404,2024-03-27,XpressBees,Kolkata-Delhi,North,Express,1,6,FALSE,FALSE,FALSE,1603.65,Driver Shortage,5
ORD104405,2024-03-04,XpressBees,Delhi-Mumbai,North,Economy,6,8,FALSE,TRUE,FALSE,457.61,Address Issue,2
ORD104406,2024-04-08,XpressBees,Lucknow-Patna,East,Standard,3,8,FALSE,TRUE,FALSE,923.65,Customs Hold,5
ORD104407,2024-03-16,BlueDart,Lucknow-Patna,East,Express,2,4,FALSE,TRUE,FALSE,1070.92,None,2
ORD104408,2024-01-11,Ekart,Bangalore-Hyderabad,South,Standard,4,4,TRUE,TRUE,TRUE,494.48,None,0
ORD104409,2024-10-01,DTDC,Lucknow-Patna,East,Standard,3,8,FALSE,TRUE,FALSE,956.32,Weather Delay,5
ORD104410,2024-05-03,Ekart,Kolkata-Delhi,North,Express,1,2,FALSE,TRUE,FALSE,1138.08,None,1
ORD104411,2024-06-09,Delhivery,Kochi-Coimbatore,South,Express,1,1,TRUE,TRUE,TRUE,803.27,None,0
ORD104412,2024-08-28,BlueDart,Lucknow-Patna,East,Economy,8,12,FALSE,TRUE,FALSE,315.39,Vehicle Breakdown,4
ORD104413,2024-10-10,DTDC,Jaipur-Ahmedabad,North,Express,2,4,FALSE,TRUE,FALSE,1131.01,Driver Shortage,2
ORD104414,2024-05-14,BlueDart,Kolkata-Delhi,North,Standard,4,5,FALSE,TRUE,FALSE,593.97,Customs Hold,1
ORD104415,2024-01-26,BlueDart,Jaipur-Ahmedabad,North,Express,1,1,TRUE,TRUE,TRUE,872.2,None,0
ORD104416,2024-05-24,DTDC,Mumbai-Chennai,West,Economy,7,8,FALSE,TRUE,FALSE,253.35,High Volume Surge,1
ORD104417,2024-06-10,XpressBees,Bangalore-Hyderabad,South,Standard,3,4,FALSE,TRUE,FALSE,570.81,Address Issue,1
ORD104418,2024-02-29,Delhivery,Kolkata-Delhi,North,Express,2,5,FALSE,TRUE,FALSE,1153.8,Weather Delay,3
ORD104419,2024-01-07,Ekart,Kolkata-Delhi,North,Express,2,4,FALSE,TRUE,FALSE,1219.09,Address Issue,2
ORD104420,2024-02-17,BlueDart,Jaipur-Ahmedabad,North,Express,1,1,TRUE,TRUE,TRUE,769.17,None,0
ORD104421,2024-01-22,BlueDart,Chennai-Pune,South,Express,1,1,TRUE,TRUE,TRUE,872.43,None,0
ORD104422,2024-03-19,Ekart,Chennai-Pune,South,Express,2,3,FALSE,TRUE,FALSE,920.41,None,1
ORD104423,2024-08-26,XpressBees,Surat-Nagpur,West,Economy,8,9,FALSE,TRUE,FALSE,286.03,High Volume Surge,1
ORD104424,2024-01-25,Delhivery,Kochi-Coimbatore,South,Express,1,1,TRUE,TRUE,TRUE,799.62,None,0
ORD104425,2024-04-14,BlueDart,Lucknow-Patna,East,Standard,4,6,FALSE,TRUE,FALSE,598.99,Weather Delay,2
ORD104426,2024-02-05,Delhivery,Surat-Nagpur,West,Economy,7,7,TRUE,TRUE,TRUE,211.77,None,0
ORD104427,2024-04-16,Delhivery,Kochi-Coimbatore,South,Standard,4,4,TRUE,TRUE,TRUE,443.76,None,0
ORD104428,2024-05-23,Ekart,Lucknow-Patna,East,Economy,8,9,FALSE,TRUE,FALSE,377.86,High Volume Surge,1
ORD104429,2024-12-25,XpressBees,Jaipur-Ahmedabad,North,Economy,6,7,FALSE,TRUE,FALSE,294.03,Customs Hold,1
ORD104430,2024-03-06,BlueDart,Kolkata-Delhi,North,Economy,7,11,FALSE,TRUE,FALSE,319.99,Weather Delay,4
ORD104431,2024-12-04,BlueDart,Kolkata-Delhi,North,Standard,3,4,FALSE,TRUE,FALSE,681.77,Weather Delay,1
ORD104432,2024-01-03,XpressBees,Kochi-Coimbatore,South,Express,1,2,FALSE,TRUE,FALSE,983.14,None,1
ORD104433,2024-01-22,Ekart,Delhi-Mumbai,North,Express,2,5,FALSE,TRUE,FALSE,1300.5,Customs Hold,3
ORD104434,2024-04-09,XpressBees,Bangalore-Hyderabad,South,Standard,4,7,FALSE,TRUE,FALSE,513.58,Customs Hold,3
ORD104435,2024-01-23,BlueDart,Bhopal-Indore,Central,Economy,8,8,TRUE,TRUE,TRUE,236.85,None,0
ORD104436,2024-09-25,XpressBees,Kochi-Coimbatore,South,Express,1,3,FALSE,TRUE,FALSE,1046.7,Weather Delay,2
ORD104437,2024-09-15,Delhivery,Lucknow-Patna,East,Express,1,5,FALSE,TRUE,FALSE,1214.58,Vehicle Breakdown,4
ORD104438,2024-12-14,XpressBees,Mumbai-Chennai,West,Economy,8,9,FALSE,FALSE,FALSE,298.12,High Volume Surge,1
ORD104439,2024-07-08,BlueDart,Bhopal-Indore,Central,Express,2,2,TRUE,TRUE,TRUE,912.15,None,0
ORD104440,2024-08-18,DTDC,Bangalore-Hyderabad,South,Economy,7,8,FALSE,TRUE,FALSE,245.25,None,1
ORD104441,2024-08-21,Delhivery,Kochi-Coimbatore,South,Express,2,2,TRUE,TRUE,TRUE,868.64,None,0
ORD104442,2024-01-03,XpressBees,Kochi-Coimbatore,South,Express,1,1,TRUE,TRUE,TRUE,976.99,None,0
ORD104443,2024-05-19,DTDC,Kochi-Coimbatore,South,Standard,5,6,FALSE,TRUE,FALSE,589.7,None,1
ORD104444,2024-08-22,Delhivery,Bhopal-Indore,Central,Express,2,3,FALSE,TRUE,FALSE,819.11,Driver Shortage,1
ORD104445,2024-07-31,XpressBees,Bangalore-Hyderabad,South,Express,1,1,TRUE,FALSE,FALSE,1145.75,Customs Hold,0
ORD104446,2024-09-12,BlueDart,Chennai-Pune,South,Standard,5,6,FALSE,TRUE,FALSE,432.33,High Volume Surge,1
ORD104447,2024-12-27,BlueDart,Bhopal-Indore,Central,Economy,6,7,FALSE,TRUE,FALSE,238.58,Address Issue,1
ORD104448,2024-11-21,XpressBees,Kolkata-Delhi,North,Express,1,6,FALSE,FALSE,FALSE,1602.7,High Volume Surge,5
ORD104449,2024-09-01,Delhivery,Mumbai-Chennai,West,Economy,8,9,FALSE,TRUE,FALSE,201.42,Weather Delay,1
ORD104450,2024-10-05,XpressBees,Jaipur-Ahmedabad,North,Express,2,3,FALSE,TRUE,FALSE,918.47,None,1
ORD104451,2024-09-23,XpressBees,Bangalore-Hyderabad,South,Express,1,3,FALSE,TRUE,FALSE,963.27,Customs Hold,2
ORD104452,2024-03-12,XpressBees,Chennai-Pune,South,Standard,3,3,TRUE,TRUE,TRUE,570.56,None,0
ORD104453,2024-06-02,DTDC,Mumbai-Chennai,West,Economy,8,9,FALSE,TRUE,FALSE,237.82,Driver Shortage,1
ORD104454,2024-11-06,Ekart,Bangalore-Hyderabad,South,Standard,5,6,FALSE,TRUE,FALSE,420.71,None,1
ORD104455,2024-02-23,XpressBees,Delhi-Mumbai,North,Express,1,6,FALSE,TRUE,FALSE,1266.04,Address Issue,5
ORD104456,2024-12-07,DTDC,Kolkata-Delhi,North,Express,2,6,FALSE,TRUE,FALSE,1645.37,High Volume Surge,4
ORD104457,2024-08-03,DTDC,Kochi-Coimbatore,South,Standard,3,3,TRUE,TRUE,TRUE,533.21,None,0
ORD104458,2024-11-24,DTDC,Bangalore-Hyderabad,South,Standard,4,4,TRUE,TRUE,TRUE,530.84,None,0
ORD104459,2024-12-27,BlueDart,Bhopal-Indore,Central,Economy,7,7,TRUE,TRUE,TRUE,238.75,None,0
ORD104460,2024-02-09,DTDC,Chennai-Pune,South,Express,2,3,FALSE,TRUE,FALSE,1026.58,None,1
ORD104461,2024-02-12,XpressBees,Bangalore-Hyderabad,South,Standard,4,5,FALSE,TRUE,FALSE,511.06,High Volume Surge,1
ORD104462,2024-05-07,BlueDart,Delhi-Mumbai,North,Economy,6,9,FALSE,TRUE,FALSE,354.57,Address Issue,3
ORD104463,2024-11-29,BlueDart,Delhi-Mumbai,North,Express,2,5,FALSE,TRUE,FALSE,1191.77,Address Issue,3
ORD104464,2024-12-06,BlueDart,Bangalore-Hyderabad,South,Economy,7,7,TRUE,TRUE,TRUE,203.74,None,0
ORD104465,2024-07-22,DTDC,Bhopal-Indore,Central,Economy,7,9,FALSE,FALSE,FALSE,259.39,None,2
ORD104466,2024-03-01,XpressBees,Jaipur-Ahmedabad,North,Economy,6,7,FALSE,FALSE,FALSE,274.33,Weather Delay,1
ORD104467,2024-01-12,BlueDart,Surat-Nagpur,West,Express,2,2,TRUE,TRUE,TRUE,825.79,None,0
ORD104468,2024-12-09,Ekart,Lucknow-Patna,East,Express,1,4,FALSE,TRUE,FALSE,1126.14,Address Issue,3
ORD104469,2024-12-10,Ekart,Lucknow-Patna,East,Express,2,5,FALSE,TRUE,FALSE,1113.59,Customs Hold,3
ORD104470,2024-10-20,BlueDart,Chennai-Pune,South,Express,2,2,TRUE,TRUE,TRUE,828.58,None,0
ORD104471,2024-06-11,Delhivery,Jaipur-Ahmedabad,North,Economy,8,9,FALSE,TRUE,FALSE,224.38,Customs Hold,1
ORD104472,2024-03-24,Delhivery,Kochi-Coimbatore,South,Express,2,2,TRUE,TRUE,TRUE,914.87,None,0
ORD104473,2024-04-28,Delhivery,Bhopal-Indore,Central,Express,1,1,TRUE,TRUE,TRUE,925.04,None,0
ORD104474,2024-04-26,Delhivery,Delhi-Mumbai,North,Economy,6,10,FALSE,TRUE,FALSE,313.16,None,4
ORD104475,2024-05-24,DTDC,Bangalore-Hyderabad,South,Economy,7,9,FALSE,TRUE,FALSE,307.3,Driver Shortage,2
ORD104476,2024-03-17,Ekart,Delhi-Mumbai,North,Standard,4,5,FALSE,TRUE,FALSE,718.4,Customs Hold,1
ORD104477,2024-08-18,Delhivery,Bhopal-Indore,Central,Economy,7,7,TRUE,TRUE,TRUE,198.45,None,0
ORD104478,2024-09-17,BlueDart,Mumbai-Chennai,West,Express,2,2,TRUE,TRUE,TRUE,794.54,None,0
ORD104479,2024-07-01,DTDC,Bangalore-Hyderabad,South,Economy,6,7,FALSE,TRUE,FALSE,229.37,None,1
ORD104480,2024-04-02,Ekart,Bhopal-Indore,Central,Economy,7,7,TRUE,TRUE,TRUE,236.13,None,0
ORD104481,2024-02-15,DTDC,Chennai-Pune,South,Economy,6,6,TRUE,TRUE,TRUE,266.49,None,0
ORD104482,2024-02-29,DTDC,Jaipur-Ahmedabad,North,Economy,7,7,TRUE,TRUE,TRUE,251.2,None,0
ORD104483,2024-08-27,Delhivery,Bangalore-Hyderabad,South,Standard,3,3,TRUE,TRUE,TRUE,469.5,None,0
ORD104484,2024-08-18,DTDC,Delhi-Mumbai,North,Express,2,5,FALSE,TRUE,FALSE,1399.67,None,3
ORD104485,2024-12-19,Ekart,Bhopal-Indore,Central,Standard,5,5,TRUE,TRUE,TRUE,423.83,None,0
ORD104486,2024-04-03,Delhivery,Mumbai-Chennai,West,Economy,6,6,TRUE,TRUE,TRUE,232.94,None,0
ORD104487,2024-04-21,Ekart,Lucknow-Patna,East,Economy,6,7,FALSE,TRUE,FALSE,303.07,High Volume Surge,1
ORD104488,2024-11-26,XpressBees,Surat-Nagpur,West,Express,2,2,TRUE,TRUE,TRUE,1035.07,None,0
ORD104489,2024-03-07,XpressBees,Delhi-Mumbai,North,Express,2,5,FALSE,TRUE,FALSE,1366.1,Vehicle Breakdown,3
ORD104490,2024-09-19,Ekart,Lucknow-Patna,East,Standard,3,5,FALSE,TRUE,FALSE,620.37,None,2
ORD104491,2024-04-07,Delhivery,Kochi-Coimbatore,South,Standard,5,6,FALSE,TRUE,FALSE,434.59,Driver Shortage,1
ORD104492,2024-02-25,DTDC,Kochi-Coimbatore,South,Economy,7,8,FALSE,TRUE,FALSE,247.74,Address Issue,1
ORD104493,2024-03-16,DTDC,Kochi-Coimbatore,South,Economy,6,8,FALSE,TRUE,FALSE,277.36,Customs Hold,2
ORD104494,2024-10-22,BlueDart,Kochi-Coimbatore,South,Express,2,2,TRUE,TRUE,TRUE,867.56,None,0
ORD104495,2024-02-20,Delhivery,Jaipur-Ahmedabad,North,Standard,4,5,FALSE,TRUE,FALSE,453.91,Customs Hold,1
ORD104496,2024-11-27,Ekart,Jaipur-Ahmedabad,North,Economy,6,6,TRUE,TRUE,TRUE,201.11,None,0
ORD104497,2024-11-11,DTDC,Surat-Nagpur,West,Express,1,3,FALSE,TRUE,FALSE,1037.31,Weather Delay,2
ORD104498,2024-09-12,BlueDart,Lucknow-Patna,East,Standard,4,6,FALSE,TRUE,FALSE,735.2,Vehicle Breakdown,2
ORD104499,2024-01-29,XpressBees,Bhopal-Indore,Central,Standard,5,7,FALSE,TRUE,FALSE,588.33,Customs Hold,2
ORD104500,2024-02-18,Ekart,Delhi-Mumbai,North,Express,1,3,FALSE,TRUE,FALSE,1366.46,Vehicle Breakdown,2
ORD104501,2024-10-11,BlueDart,Kochi-Coimbatore,South,Standard,3,4,FALSE,TRUE,FALSE,439.48,Vehicle Breakdown,1
ORD104502,2024-07-21,DTDC,Surat-Nagpur,West,Economy,6,9,FALSE,TRUE,FALSE,272.64,None,3
ORD104503,2024-04-15,DTDC,Bhopal-Indore,Central,Standard,4,4,TRUE,FALSE,FALSE,535.71,None,0
ORD104504,2024-05-08,XpressBees,Bhopal-Indore,Central,Express,1,2,FALSE,TRUE,FALSE,889.78,Address Issue,1
ORD104505,2024-11-29,Ekart,Kochi-Coimbatore,South,Express,2,2,TRUE,TRUE,TRUE,880.35,None,0
ORD104506,2024-09-09,Delhivery,Lucknow-Patna,East,Economy,7,10,FALSE,TRUE,FALSE,290.7,Vehicle Breakdown,3
ORD104507,2024-06-18,BlueDart,Surat-Nagpur,West,Standard,4,4,TRUE,TRUE,TRUE,442.26,None,0
ORD104508,2024-11-30,XpressBees,Delhi-Mumbai,North,Express,2,5,FALSE,TRUE,FALSE,1292.93,None,3
ORD104509,2024-08-07,XpressBees,Bhopal-Indore,Central,Standard,3,4,FALSE,TRUE,FALSE,482.07,Customs Hold,1
ORD104510,2024-05-18,DTDC,Mumbai-Chennai,West,Standard,4,7,FALSE,TRUE,FALSE,619.77,Weather Delay,3
ORD104511,2024-07-08,Ekart,Kolkata-Delhi,North,Express,1,2,FALSE,TRUE,FALSE,1188.74,Customs Hold,1
ORD104512,2024-01-02,XpressBees,Lucknow-Patna,East,Standard,5,7,FALSE,TRUE,FALSE,770.77,None,2
ORD104513,2024-04-05,DTDC,Lucknow-Patna,East,Standard,5,8,FALSE,TRUE,FALSE,802.65,Driver Shortage,3
ORD104514,2024-07-11,Ekart,Mumbai-Chennai,West,Economy,7,7,TRUE,TRUE,TRUE,234.87,None,0
ORD104515,2024-05-31,Delhivery,Jaipur-Ahmedabad,North,Standard,3,3,TRUE,TRUE,TRUE,474.84,None,0
ORD104516,2024-10-21,DTDC,Bangalore-Hyderabad,South,Economy,6,7,FALSE,TRUE,FALSE,259.05,None,1
ORD104517,2024-04-22,BlueDart,Lucknow-Patna,East,Standard,3,5,FALSE,TRUE,FALSE,579.75,Weather Delay,2
ORD104518,2024-11-07,XpressBees,Lucknow-Patna,East,Express,2,5,FALSE,FALSE,FALSE,1593.21,Customs Hold,3
ORD104519,2024-08-24,Delhivery,Lucknow-Patna,East,Express,2,5,FALSE,FALSE,FALSE,1311.9,None,3
ORD104520,2024-09-19,DTDC,Chennai-Pune,South,Standard,3,3,TRUE,TRUE,TRUE,546.19,None,0
ORD104521,2024-04-20,DTDC,Surat-Nagpur,West,Economy,7,10,FALSE,TRUE,FALSE,267.23,Address Issue,3
ORD104522,2024-05-09,Ekart,Surat-Nagpur,West,Economy,7,8,FALSE,TRUE,FALSE,216.96,None,1
ORD104523,2024-10-18,Delhivery,Bhopal-Indore,Central,Economy,6,6,TRUE,TRUE,TRUE,239.58,None,0
ORD104524,2024-04-09,BlueDart,Surat-Nagpur,West,Standard,4,5,FALSE,TRUE,FALSE,458.14,Weather Delay,1
ORD104525,2024-01-10,XpressBees,Kolkata-Delhi,North,Standard,3,8,FALSE,FALSE,FALSE,782.98,Address Issue,5
ORD104526,2024-11-07,Delhivery,Bhopal-Indore,Central,Economy,6,6,TRUE,TRUE,TRUE,215.85,None,0
ORD104527,2024-11-23,Delhivery,Mumbai-Chennai,West,Standard,3,4,FALSE,TRUE,FALSE,410.03,None,1
ORD104528,2024-04-30,Delhivery,Bangalore-Hyderabad,South,Economy,6,6,TRUE,TRUE,TRUE,215.97,None,0
ORD104529,2024-05-03,DTDC,Surat-Nagpur,West,Express,1,1,TRUE,TRUE,TRUE,935.18,None,0
ORD104530,2024-10-06,DTDC,Lucknow-Patna,East,Express,1,4,FALSE,TRUE,FALSE,1422.82,Driver Shortage,3
ORD104531,2024-10-16,Ekart,Mumbai-Chennai,West,Express,1,1,TRUE,TRUE,TRUE,849.07,None,0
ORD104532,2024-11-01,BlueDart,Mumbai-Chennai,West,Economy,8,8,TRUE,TRUE,TRUE,235.04,None,0
ORD104533,2024-06-06,BlueDart,Delhi-Mumbai,North,Economy,8,10,FALSE,TRUE,FALSE,342.11,Address Issue,2
ORD104534,2024-11-07,XpressBees,Mumbai-Chennai,West,Economy,7,10,FALSE,FALSE,FALSE,261.23,None,3
ORD104535,2024-06-25,Delhivery,Chennai-Pune,South,Express,2,3,FALSE,TRUE,FALSE,929.74,High Volume Surge,1
ORD104536,2024-09-05,Delhivery,Bhopal-Indore,Central,Standard,5,5,TRUE,TRUE,TRUE,463.28,None,0
ORD104537,2024-04-28,Ekart,Kochi-Coimbatore,South,Economy,7,7,TRUE,TRUE,TRUE,198.3,None,0
ORD104538,2024-12-17,Delhivery,Delhi-Mumbai,North,Express,2,4,FALSE,TRUE,FALSE,1207.56,Vehicle Breakdown,2
ORD104539,2024-09-16,DTDC,Chennai-Pune,South,Standard,5,7,FALSE,TRUE,FALSE,594.17,Address Issue,2
ORD104540,2024-05-14,Delhivery,Kolkata-Delhi,North,Standard,3,6,FALSE,TRUE,FALSE,646.99,Vehicle Breakdown,3
ORD104541,2024-06-05,Delhivery,Kochi-Coimbatore,South,Express,2,3,FALSE,TRUE,FALSE,845.49,High Volume Surge,1
ORD104542,2024-05-11,XpressBees,Bangalore-Hyderabad,South,Economy,6,6,TRUE,TRUE,TRUE,263.46,None,0
ORD104543,2024-06-22,Delhivery,Bhopal-Indore,Central,Express,1,1,TRUE,TRUE,TRUE,818.27,None,0
ORD104544,2024-07-04,XpressBees,Surat-Nagpur,West,Economy,7,7,TRUE,TRUE,TRUE,252.56,None,0
ORD104545,2024-09-10,Delhivery,Jaipur-Ahmedabad,North,Express,1,2,FALSE,TRUE,FALSE,850.72,None,1
ORD104546,2024-05-08,BlueDart,Kolkata-Delhi,North,Standard,4,5,FALSE,TRUE,FALSE,677.27,None,1
ORD104547,2024-10-21,BlueDart,Bangalore-Hyderabad,South,Economy,6,6,TRUE,TRUE,TRUE,219.23,None,0
ORD104548,2024-12-29,Ekart,Lucknow-Patna,East,Standard,3,6,FALSE,TRUE,FALSE,686.89,None,3
ORD104549,2024-09-22,Ekart,Chennai-Pune,South,Standard,5,5,TRUE,TRUE,TRUE,432.43,None,0
ORD104550,2024-04-02,DTDC,Bangalore-Hyderabad,South,Standard,3,4,FALSE,TRUE,FALSE,535.87,Driver Shortage,1
ORD104551,2024-11-23,Delhivery,Kochi-Coimbatore,South,Economy,8,9,FALSE,FALSE,FALSE,216.82,Driver Shortage,1
ORD104552,2024-12-12,DTDC,Jaipur-Ahmedabad,North,Standard,5,6,FALSE,FALSE,FALSE,485.64,None,1
ORD104553,2024-02-13,XpressBees,Bangalore-Hyderabad,South,Express,1,3,FALSE,TRUE,FALSE,1075.94,None,2
ORD104554,2024-06-02,Delhivery,Jaipur-Ahmedabad,North,Express,2,2,TRUE,TRUE,TRUE,801.55,None,0
ORD104555,2024-10-05,Ekart,Mumbai-Chennai,West,Standard,4,4,TRUE,TRUE,TRUE,481.61,None,0
ORD104556,2024-08-29,XpressBees,Bhopal-Indore,Central,Express,2,2,TRUE,TRUE,TRUE,1122.27,None,0
ORD104557,2024-03-17,DTDC,Delhi-Mumbai,North,Express,2,5,FALSE,TRUE,FALSE,1431.44,None,3
ORD104558,2024-05-27,DTDC,Kolkata-Delhi,North,Standard,4,8,FALSE,TRUE,FALSE,865.96,None,4
ORD104559,2024-12-02,BlueDart,Jaipur-Ahmedabad,North,Express,2,3,FALSE,TRUE,FALSE,793.74,None,1
ORD104560,2024-04-17,Ekart,Kolkata-Delhi,North,Standard,4,7,FALSE,TRUE,FALSE,610.68,Weather Delay,3
ORD104561,2024-04-13,BlueDart,Bhopal-Indore,Central,Standard,3,4,FALSE,FALSE,FALSE,470.6,Driver Shortage,1
ORD104562,2024-09-22,DTDC,Kochi-Coimbatore,South,Standard,4,4,TRUE,TRUE,TRUE,557.47,None,0
ORD104563,2024-12-21,DTDC,Bangalore-Hyderabad,South,Express,1,2,FALSE,TRUE,FALSE,1069.95,None,1
ORD104564,2024-11-20,XpressBees,Bangalore-Hyderabad,South,Economy,7,10,FALSE,TRUE,FALSE,224.81,Vehicle Breakdown,3
ORD104565,2024-06-02,Ekart,Delhi-Mumbai,North,Standard,5,8,FALSE,TRUE,FALSE,569.23,High Volume Surge,3
ORD104566,2024-10-25,Delhivery,Mumbai-Chennai,West,Express,2,2,TRUE,TRUE,TRUE,857.87,None,0
ORD104567,2024-12-26,DTDC,Delhi-Mumbai,North,Economy,8,10,FALSE,FALSE,FALSE,393.51,Vehicle Breakdown,2
ORD104568,2024-05-19,BlueDart,Lucknow-Patna,East,Express,2,5,FALSE,TRUE,FALSE,1203.98,Address Issue,3
ORD104569,2024-04-24,XpressBees,Kolkata-Delhi,North,Express,1,3,FALSE,TRUE,FALSE,1541.72,High Volume Surge,2
ORD104570,2024-10-18,DTDC,Mumbai-Chennai,West,Express,1,2,FALSE,TRUE,FALSE,934.39,Customs Hold,1
ORD104571,2024-10-11,Ekart,Surat-Nagpur,West,Standard,5,5,TRUE,TRUE,TRUE,454.98,None,0
ORD104572,2024-02-23,BlueDart,Delhi-Mumbai,North,Economy,8,10,FALSE,TRUE,FALSE,339.39,Vehicle Breakdown,2
ORD104573,2024-12-17,Delhivery,Mumbai-Chennai,West,Standard,4,5,FALSE,TRUE,FALSE,405.66,None,1
ORD104574,2024-09-09,BlueDart,Kolkata-Delhi,North,Express,1,3,FALSE,TRUE,FALSE,1246.88,Vehicle Breakdown,2
ORD104575,2024-07-31,DTDC,Jaipur-Ahmedabad,North,Economy,8,8,TRUE,TRUE,TRUE,250.96,None,0
ORD104576,2024-10-17,BlueDart,Kolkata-Delhi,North,Standard,3,5,FALSE,TRUE,FALSE,694.93,None,2
ORD104577,2024-02-05,BlueDart,Mumbai-Chennai,West,Economy,7,7,TRUE,TRUE,TRUE,199.87,None,0
ORD104578,2024-11-29,DTDC,Surat-Nagpur,West,Economy,6,7,FALSE,TRUE,FALSE,261.67,None,1
ORD104579,2024-11-01,BlueDart,Delhi-Mumbai,North,Express,2,3,FALSE,FALSE,FALSE,1346.03,Weather Delay,1
ORD104580,2024-01-19,BlueDart,Chennai-Pune,South,Express,2,3,FALSE,TRUE,FALSE,779,Customs Hold,1
ORD104581,2024-10-19,XpressBees,Surat-Nagpur,West,Express,2,2,TRUE,TRUE,TRUE,894.25,None,0
ORD104582,2024-06-28,BlueDart,Bhopal-Indore,Central,Standard,5,5,TRUE,TRUE,TRUE,484.87,None,0
ORD104583,2024-01-19,Delhivery,Kolkata-Delhi,North,Express,2,3,FALSE,TRUE,FALSE,1265.85,Weather Delay,1
ORD104584,2024-06-22,DTDC,Chennai-Pune,South,Standard,4,5,FALSE,TRUE,FALSE,558.36,None,1
ORD104585,2024-01-29,Delhivery,Mumbai-Chennai,West,Express,1,1,TRUE,TRUE,TRUE,840.33,None,0
ORD104586,2024-10-17,Delhivery,Kochi-Coimbatore,South,Standard,3,4,FALSE,TRUE,FALSE,462.4,None,1
ORD104587,2024-05-22,XpressBees,Lucknow-Patna,East,Standard,3,6,FALSE,TRUE,FALSE,787.43,Customs Hold,3
ORD104588,2024-02-22,Delhivery,Kolkata-Delhi,North,Economy,6,9,FALSE,TRUE,FALSE,259.22,Address Issue,3
ORD104589,2024-03-03,Delhivery,Lucknow-Patna,East,Economy,7,9,FALSE,FALSE,FALSE,328.45,None,2
ORD104590,2024-07-08,XpressBees,Chennai-Pune,South,Standard,3,3,TRUE,TRUE,TRUE,609.76,None,0
ORD104591,2024-09-14,DTDC,Jaipur-Ahmedabad,North,Economy,8,10,FALSE,TRUE,FALSE,282.53,None,2
ORD104592,2024-11-05,DTDC,Mumbai-Chennai,West,Express,1,1,TRUE,FALSE,FALSE,968.45,High Volume Surge,0
ORD104593,2024-03-23,XpressBees,Delhi-Mumbai,North,Economy,6,10,FALSE,TRUE,FALSE,344.46,High Volume Surge,4
ORD104594,2024-11-17,XpressBees,Lucknow-Patna,East,Standard,5,7,FALSE,TRUE,FALSE,894.26,High Volume Surge,2
ORD104595,2024-10-12,Delhivery,Chennai-Pune,South,Economy,8,9,FALSE,TRUE,FALSE,221.67,Driver Shortage,1
ORD104596,2024-10-11,Delhivery,Surat-Nagpur,West,Express,1,1,TRUE,TRUE,TRUE,929.87,None,0
ORD104597,2024-07-11,BlueDart,Surat-Nagpur,West,Express,1,2,FALSE,TRUE,FALSE,822.69,None,1
ORD104598,2024-08-28,BlueDart,Chennai-Pune,South,Standard,4,4,TRUE,TRUE,TRUE,468.96,None,0
ORD104599,2024-01-27,DTDC,Mumbai-Chennai,West,Standard,4,5,FALSE,FALSE,FALSE,530.09,High Volume Surge,1
ORD104600,2024-05-10,Delhivery,Delhi-Mumbai,North,Economy,8,10,FALSE,TRUE,FALSE,307.28,Customs Hold,2
ORD104601,2024-10-16,XpressBees,Bangalore-Hyderabad,South,Economy,6,8,FALSE,TRUE,FALSE,244.77,Weather Delay,2
ORD104602,2024-12-29,Delhivery,Bhopal-Indore,Central,Standard,4,4,TRUE,TRUE,TRUE,415.48,None,0
ORD104603,2024-08-07,Ekart,Lucknow-Patna,East,Standard,3,4,FALSE,TRUE,FALSE,594.4,None,1
ORD104604,2024-05-10,Delhivery,Delhi-Mumbai,North,Express,2,3,FALSE,TRUE,FALSE,1381.55,None,1
ORD104605,2024-09-08,XpressBees,Mumbai-Chennai,West,Standard,3,3,TRUE,TRUE,TRUE,571.02,None,0
ORD104606,2024-08-17,Ekart,Jaipur-Ahmedabad,North,Economy,6,6,TRUE,TRUE,TRUE,241.01,None,0
ORD104607,2024-08-16,BlueDart,Kochi-Coimbatore,South,Standard,5,5,TRUE,TRUE,TRUE,454.83,None,0
ORD104608,2024-03-24,DTDC,Kolkata-Delhi,North,Express,1,7,FALSE,TRUE,FALSE,1599.19,High Volume Surge,6
ORD104609,2024-05-25,XpressBees,Kochi-Coimbatore,South,Economy,8,10,FALSE,TRUE,FALSE,226.23,Customs Hold,2
ORD104610,2024-01-25,Ekart,Lucknow-Patna,East,Economy,7,10,FALSE,TRUE,FALSE,313.31,None,3
ORD104611,2024-06-05,Ekart,Bhopal-Indore,Central,Standard,3,3,TRUE,TRUE,TRUE,494.89,None,0
ORD104612,2024-03-14,DTDC,Kolkata-Delhi,North,Economy,8,11,FALSE,TRUE,FALSE,390.82,Weather Delay,3
ORD104613,2024-03-19,Ekart,Bhopal-Indore,Central,Economy,7,7,TRUE,TRUE,TRUE,221.26,None,0
ORD104614,2024-10-04,Ekart,Jaipur-Ahmedabad,North,Express,1,1,TRUE,TRUE,TRUE,922.33,None,0
ORD104615,2024-06-27,Ekart,Lucknow-Patna,East,Economy,6,9,FALSE,TRUE,FALSE,346.05,None,3
ORD104616,2024-12-09,DTDC,Bangalore-Hyderabad,South,Express,1,2,FALSE,FALSE,FALSE,952,None,1
ORD104617,2024-07-24,Delhivery,Bhopal-Indore,Central,Express,1,1,TRUE,FALSE,FALSE,890.4,Customs Hold,0
ORD104618,2024-01-09,Delhivery,Kochi-Coimbatore,South,Economy,8,8,TRUE,TRUE,TRUE,226.45,None,0
ORD104619,2024-06-27,BlueDart,Jaipur-Ahmedabad,North,Standard,3,4,FALSE,FALSE,FALSE,436.86,Address Issue,1
ORD104620,2024-08-20,BlueDart,Chennai-Pune,South,Standard,5,5,TRUE,TRUE,TRUE,427.25,None,0
ORD104621,2024-11-15,XpressBees,Lucknow-Patna,East,Express,2,3,FALSE,TRUE,FALSE,1470.08,Customs Hold,1
ORD104622,2024-09-07,DTDC,Bangalore-Hyderabad,South,Standard,3,6,FALSE,TRUE,FALSE,527.94,Vehicle Breakdown,3
ORD104623,2024-12-15,Delhivery,Delhi-Mumbai,North,Economy,8,11,FALSE,TRUE,FALSE,339.04,Address Issue,3
ORD104624,2024-07-22,Ekart,Mumbai-Chennai,West,Express,1,1,TRUE,TRUE,TRUE,916.77,None,0
ORD104625,2024-08-08,Delhivery,Bhopal-Indore,Central,Express,2,3,FALSE,TRUE,FALSE,858.04,Driver Shortage,1
ORD104626,2024-05-01,Ekart,Delhi-Mumbai,North,Economy,8,9,FALSE,TRUE,FALSE,296.84,None,1
ORD104627,2024-05-14,Delhivery,Lucknow-Patna,East,Standard,4,7,FALSE,TRUE,FALSE,600.25,High Volume Surge,3
ORD104628,2024-03-04,Ekart,Kolkata-Delhi,North,Express,1,4,FALSE,TRUE,FALSE,1375.63,None,3
ORD104629,2024-04-14,BlueDart,Mumbai-Chennai,West,Economy,7,8,FALSE,TRUE,FALSE,237.46,None,1
ORD104630,2024-06-27,XpressBees,Chennai-Pune,South,Economy,7,7,TRUE,TRUE,TRUE,277.96,None,0
ORD104631,2024-07-25,Ekart,Lucknow-Patna,East,Standard,3,4,FALSE,TRUE,FALSE,631.44,None,1
ORD104632,2024-02-23,XpressBees,Kolkata-Delhi,North,Economy,8,9,FALSE,TRUE,FALSE,339.32,High Volume Surge,1
ORD104633,2024-12-16,Ekart,Lucknow-Patna,East,Standard,3,6,FALSE,TRUE,FALSE,659.37,None,3
ORD104634,2024-04-04,BlueDart,Kochi-Coimbatore,South,Economy,6,6,TRUE,TRUE,TRUE,215.69,None,0
ORD104635,2024-08-22,DTDC,Bhopal-Indore,Central,Express,2,3,FALSE,TRUE,FALSE,954.6,High Volume Surge,1
ORD104636,2024-04-13,XpressBees,Kolkata-Delhi,North,Express,1,5,FALSE,TRUE,FALSE,1522.96,High Volume Surge,4
ORD104637,2024-11-24,BlueDart,Bhopal-Indore,Central,Standard,4,4,TRUE,TRUE,TRUE,405.3,None,0
ORD104638,2024-09-07,Delhivery,Bhopal-Indore,Central,Standard,5,5,TRUE,TRUE,TRUE,441.17,None,0
ORD104639,2024-04-29,Ekart,Lucknow-Patna,East,Economy,6,10,FALSE,TRUE,FALSE,325.41,Vehicle Breakdown,4
ORD104640,2024-02-08,Delhivery,Surat-Nagpur,West,Economy,6,7,FALSE,TRUE,FALSE,232.36,None,1
ORD104641,2024-01-18,Ekart,Jaipur-Ahmedabad,North,Express,1,1,TRUE,TRUE,TRUE,855.94,None,0
ORD104642,2024-09-14,BlueDart,Bangalore-Hyderabad,South,Express,2,3,FALSE,TRUE,FALSE,773.73,None,1
ORD104643,2024-01-08,BlueDart,Chennai-Pune,South,Economy,7,8,FALSE,TRUE,FALSE,204.8,High Volume Surge,1
ORD104644,2024-06-22,Delhivery,Surat-Nagpur,West,Standard,5,5,TRUE,TRUE,TRUE,411.39,None,0
ORD104645,2024-11-08,Delhivery,Delhi-Mumbai,North,Economy,6,9,FALSE,TRUE,FALSE,298.1,None,3
ORD104646,2024-08-17,DTDC,Kolkata-Delhi,North,Economy,8,12,FALSE,TRUE,FALSE,476.22,Vehicle Breakdown,4
ORD104647,2024-08-03,BlueDart,Bhopal-Indore,Central,Standard,4,4,TRUE,TRUE,TRUE,433.5,None,0
ORD104648,2024-12-13,DTDC,Kochi-Coimbatore,South,Economy,6,6,TRUE,FALSE,FALSE,239.42,Weather Delay,0
ORD104649,2024-12-21,Ekart,Mumbai-Chennai,West,Standard,5,5,TRUE,TRUE,TRUE,409.68,None,0
ORD104650,2024-03-18,XpressBees,Lucknow-Patna,East,Economy,6,9,FALSE,TRUE,FALSE,335.33,None,3
ORD104651,2024-10-14,BlueDart,Bhopal-Indore,Central,Standard,4,5,FALSE,TRUE,FALSE,493.61,Weather Delay,1
ORD104652,2024-08-05,XpressBees,Kolkata-Delhi,North,Express,2,6,FALSE,TRUE,FALSE,1365.99,High Volume Surge,4
ORD104653,2024-11-28,XpressBees,Mumbai-Chennai,West,Express,1,3,FALSE,TRUE,FALSE,923.53,High Volume Surge,2
ORD104654,2024-07-03,BlueDart,Jaipur-Ahmedabad,North,Economy,6,7,FALSE,TRUE,FALSE,235.83,None,1
ORD104655,2024-07-31,Ekart,Surat-Nagpur,West,Express,2,2,TRUE,TRUE,TRUE,927.87,None,0
ORD104656,2024-04-23,Delhivery,Lucknow-Patna,East,Economy,6,8,FALSE,TRUE,FALSE,312.69,None,2
ORD104657,2024-09-15,XpressBees,Jaipur-Ahmedabad,North,Standard,4,7,FALSE,TRUE,FALSE,489.41,Address Issue,3
ORD104658,2024-01-20,XpressBees,Kolkata-Delhi,North,Express,1,4,FALSE,TRUE,FALSE,1488.88,Customs Hold,3
ORD104659,2024-11-23,Delhivery,Chennai-Pune,South,Standard,4,4,TRUE,FALSE,FALSE,436.63,Customs Hold,0
ORD104660,2024-07-22,Delhivery,Delhi-Mumbai,North,Express,2,5,FALSE,TRUE,FALSE,1329.23,Weather Delay,3
ORD104661,2024-04-24,BlueDart,Mumbai-Chennai,West,Express,2,3,FALSE,TRUE,FALSE,792.51,None,1
ORD104662,2024-01-05,BlueDart,Bhopal-Indore,Central,Standard,3,4,FALSE,TRUE,FALSE,461.26,High Volume Surge,1
ORD104663,2024-10-30,XpressBees,Bhopal-Indore,Central,Standard,4,4,TRUE,TRUE,TRUE,519.9,None,0
ORD104664,2024-02-10,BlueDart,Surat-Nagpur,West,Standard,5,5,TRUE,TRUE,TRUE,423.6,None,0
ORD104665,2024-01-22,Delhivery,Kolkata-Delhi,North,Economy,7,8,FALSE,TRUE,FALSE,344.39,None,1
ORD104666,2024-02-06,XpressBees,Mumbai-Chennai,West,Standard,4,5,FALSE,TRUE,FALSE,509.38,High Volume Surge,1
ORD104667,2024-05-25,XpressBees,Delhi-Mumbai,North,Economy,8,11,FALSE,FALSE,FALSE,445.56,Driver Shortage,3
ORD104668,2024-07-13,BlueDart,Mumbai-Chennai,West,Economy,7,7,TRUE,TRUE,TRUE,230.84,None,0
ORD104669,2024-12-20,XpressBees,Mumbai-Chennai,West,Economy,6,8,FALSE,TRUE,FALSE,239.52,None,2
ORD104670,2024-10-29,Ekart,Bangalore-Hyderabad,South,Standard,5,5,TRUE,TRUE,TRUE,446.67,None,0
ORD104671,2024-11-13,DTDC,Mumbai-Chennai,West,Express,2,2,TRUE,TRUE,TRUE,1156.25,None,0
ORD104672,2024-07-15,Ekart,Surat-Nagpur,West,Standard,4,4,TRUE,TRUE,TRUE,475.68,None,0
ORD104673,2024-03-21,Delhivery,Bhopal-Indore,Central,Standard,3,4,FALSE,FALSE,FALSE,422.49,High Volume Surge,1
ORD104674,2024-12-16,DTDC,Chennai-Pune,South,Economy,8,10,FALSE,TRUE,FALSE,254.18,Driver Shortage,2
ORD104675,2024-06-05,DTDC,Mumbai-Chennai,West,Standard,4,6,FALSE,TRUE,FALSE,470.97,Vehicle Breakdown,2
ORD104676,2024-05-03,XpressBees,Bhopal-Indore,Central,Standard,4,4,TRUE,TRUE,TRUE,573.37,None,0
ORD104677,2024-05-30,DTDC,Surat-Nagpur,West,Express,1,1,TRUE,TRUE,TRUE,1076.08,None,0
ORD104678,2024-11-08,BlueDart,Kolkata-Delhi,North,Economy,6,7,FALSE,TRUE,FALSE,330.02,High Volume Surge,1
ORD104679,2024-10-12,BlueDart,Kochi-Coimbatore,South,Express,2,2,TRUE,TRUE,TRUE,830.85,None,0
ORD104680,2024-04-11,Delhivery,Surat-Nagpur,West,Express,1,2,FALSE,TRUE,FALSE,925,High Volume Surge,1
ORD104681,2024-05-25,BlueDart,Surat-Nagpur,West,Economy,8,8,TRUE,TRUE,TRUE,232.65,None,0
ORD104682,2024-10-23,Delhivery,Mumbai-Chennai,West,Standard,4,5,FALSE,TRUE,FALSE,439.17,Address Issue,1
ORD104683,2024-08-19,Delhivery,Kolkata-Delhi,North,Economy,6,9,FALSE,TRUE,FALSE,322.55,Address Issue,3
ORD104684,2024-03-24,BlueDart,Kochi-Coimbatore,South,Express,1,1,TRUE,TRUE,TRUE,878.9,None,0
ORD104685,2024-07-25,DTDC,Bhopal-Indore,Central,Economy,7,8,FALSE,TRUE,FALSE,254.56,Customs Hold,1
ORD104686,2024-09-16,Ekart,Kochi-Coimbatore,South,Express,1,2,FALSE,TRUE,FALSE,810.82,Customs Hold,1
ORD104687,2024-03-03,DTDC,Kochi-Coimbatore,South,Standard,5,6,FALSE,TRUE,FALSE,558.48,Address Issue,1
ORD104688,2024-05-26,Delhivery,Bhopal-Indore,Central,Standard,5,5,TRUE,TRUE,TRUE,485.92,None,0
ORD104689,2024-08-22,BlueDart,Kochi-Coimbatore,South,Economy,7,7,TRUE,TRUE,TRUE,210.27,None,0
ORD104690,2024-11-28,XpressBees,Delhi-Mumbai,North,Express,2,5,FALSE,TRUE,FALSE,1323.94,Customs Hold,3
ORD104691,2024-07-14,DTDC,Bangalore-Hyderabad,South,Standard,4,5,FALSE,TRUE,FALSE,514.57,Address Issue,1
ORD104692,2024-12-12,Delhivery,Delhi-Mumbai,North,Standard,5,6,FALSE,TRUE,FALSE,698.51,Weather Delay,1
ORD104693,2024-10-21,DTDC,Delhi-Mumbai,North,Economy,8,13,FALSE,TRUE,FALSE,345.71,None,5
ORD104694,2024-08-19,Delhivery,Kochi-Coimbatore,South,Economy,8,8,TRUE,TRUE,TRUE,215.32,None,0
ORD104695,2024-09-22,XpressBees,Kochi-Coimbatore,South,Economy,7,10,FALSE,TRUE,FALSE,269.79,Weather Delay,3
ORD104696,2024-04-25,Delhivery,Lucknow-Patna,East,Standard,4,8,FALSE,TRUE,FALSE,687.43,Vehicle Breakdown,4
ORD104697,2024-03-07,XpressBees,Bhopal-Indore,Central,Express,1,1,TRUE,TRUE,TRUE,1016.64,None,0
ORD104698,2024-09-06,DTDC,Chennai-Pune,South,Economy,7,8,FALSE,TRUE,FALSE,252.76,High Volume Surge,1
ORD104699,2024-10-15,BlueDart,Surat-Nagpur,West,Standard,3,4,FALSE,TRUE,FALSE,491.74,Address Issue,1
ORD104700,2024-01-25,Ekart,Jaipur-Ahmedabad,North,Express,1,1,TRUE,TRUE,TRUE,829.65,None,0
ORD104701,2024-03-24,BlueDart,Bhopal-Indore,Central,Express,1,1,TRUE,TRUE,TRUE,921.04,None,0
ORD104702,2024-06-13,BlueDart,Bhopal-Indore,Central,Express,1,1,TRUE,TRUE,TRUE,910.94,None,0
ORD104703,2024-03-27,Ekart,Delhi-Mumbai,North,Economy,7,10,FALSE,TRUE,FALSE,295.46,None,3
ORD104704,2024-08-21,Delhivery,Kolkata-Delhi,North,Express,2,3,FALSE,FALSE,FALSE,1280.84,Driver Shortage,1
ORD104705,2024-03-30,DTDC,Jaipur-Ahmedabad,North,Economy,7,9,FALSE,TRUE,FALSE,289.97,None,2
ORD104706,2024-06-08,XpressBees,Surat-Nagpur,West,Economy,8,10,FALSE,TRUE,FALSE,268.53,High Volume Surge,2
ORD104707,2024-07-12,BlueDart,Bangalore-Hyderabad,South,Express,2,2,TRUE,TRUE,TRUE,841.12,None,0
ORD104708,2024-09-30,XpressBees,Mumbai-Chennai,West,Economy,8,8,TRUE,FALSE,FALSE,237.61,None,0
ORD104709,2024-03-12,BlueDart,Chennai-Pune,South,Economy,8,9,FALSE,TRUE,FALSE,227.41,Address Issue,1
ORD104710,2024-04-22,Ekart,Kolkata-Delhi,North,Economy,7,9,FALSE,TRUE,FALSE,310.37,Weather Delay,2
ORD104711,2024-02-08,Ekart,Bhopal-Indore,Central,Economy,7,8,FALSE,TRUE,FALSE,217.17,Weather Delay,1
ORD104712,2024-11-23,DTDC,Kochi-Coimbatore,South,Economy,6,8,FALSE,TRUE,FALSE,289.71,Address Issue,2
ORD104713,2024-11-27,Delhivery,Chennai-Pune,South,Standard,5,6,FALSE,TRUE,FALSE,493.69,Customs Hold,1
ORD104714,2024-01-23,XpressBees,Delhi-Mumbai,North,Economy,8,9,FALSE,TRUE,FALSE,337.17,Address Issue,1
ORD104715,2024-12-08,Ekart,Surat-Nagpur,West,Economy,6,6,TRUE,FALSE,FALSE,228.75,Vehicle Breakdown,0
ORD104716,2024-06-28,BlueDart,Chennai-Pune,South,Standard,5,5,TRUE,TRUE,TRUE,442.59,None,0
ORD104717,2024-02-25,Delhivery,Mumbai-Chennai,West,Express,2,2,TRUE,TRUE,TRUE,874.6,None,0
ORD104718,2024-03-01,DTDC,Mumbai-Chennai,West,Economy,7,10,FALSE,TRUE,FALSE,252.36,Vehicle Breakdown,3
ORD104719,2024-10-07,DTDC,Jaipur-Ahmedabad,North,Standard,4,5,FALSE,TRUE,FALSE,521.23,Vehicle Breakdown,1
ORD104720,2024-10-21,Ekart,Delhi-Mumbai,North,Standard,5,6,FALSE,TRUE,FALSE,657.18,Weather Delay,1
ORD104721,2024-10-24,BlueDart,Jaipur-Ahmedabad,North,Standard,5,6,FALSE,TRUE,FALSE,484.25,Vehicle Breakdown,1
ORD104722,2024-06-18,BlueDart,Delhi-Mumbai,North,Express,2,5,FALSE,TRUE,FALSE,1206.91,Weather Delay,3
ORD104723,2024-07-09,Ekart,Jaipur-Ahmedabad,North,Economy,7,8,FALSE,TRUE,FALSE,237.08,Customs Hold,1
ORD104724,2024-04-16,Ekart,Lucknow-Patna,East,Economy,7,10,FALSE,TRUE,FALSE,345.88,Address Issue,3
ORD104725,2024-09-17,BlueDart,Mumbai-Chennai,West,Economy,8,8,TRUE,TRUE,TRUE,221.74,None,0
ORD104726,2024-06-23,XpressBees,Jaipur-Ahmedabad,North,Economy,7,9,FALSE,TRUE,FALSE,284.15,High Volume Surge,2
ORD104727,2024-01-07,Delhivery,Surat-Nagpur,West,Economy,8,8,TRUE,TRUE,TRUE,220.81,None,0
ORD104728,2024-11-21,DTDC,Mumbai-Chennai,West,Economy,8,9,FALSE,TRUE,FALSE,282.19,Customs Hold,1
ORD104729,2024-02-20,XpressBees,Delhi-Mumbai,North,Standard,4,6,FALSE,TRUE,FALSE,819.11,Customs Hold,2
ORD104730,2024-03-08,DTDC,Bhopal-Indore,Central,Standard,4,7,FALSE,TRUE,FALSE,507.78,Driver Shortage,3
ORD104731,2024-10-24,XpressBees,Delhi-Mumbai,North,Standard,5,6,FALSE,TRUE,FALSE,974.88,Vehicle Breakdown,1
ORD104732,2024-05-17,XpressBees,Delhi-Mumbai,North,Standard,5,9,FALSE,TRUE,FALSE,704.25,None,4
ORD104733,2024-01-30,XpressBees,Delhi-Mumbai,North,Express,1,5,FALSE,TRUE,FALSE,1430.28,None,4
ORD104734,2024-11-22,XpressBees,Kolkata-Delhi,North,Standard,3,8,FALSE,TRUE,FALSE,889.71,Weather Delay,5
ORD104735,2024-07-06,XpressBees,Lucknow-Patna,East,Economy,7,10,FALSE,TRUE,FALSE,374.7,Customs Hold,3
ORD104736,2024-04-08,BlueDart,Bangalore-Hyderabad,South,Economy,6,6,TRUE,TRUE,TRUE,237.65,None,0
ORD104737,2024-09-09,BlueDart,Delhi-Mumbai,North,Express,2,3,FALSE,TRUE,FALSE,1305.64,Weather Delay,1
ORD104738,2024-07-12,BlueDart,Chennai-Pune,South,Economy,7,8,FALSE,TRUE,FALSE,209.78,High Volume Surge,1
ORD104739,2024-05-09,Ekart,Delhi-Mumbai,North,Express,1,3,FALSE,TRUE,FALSE,1240.57,Driver Shortage,2
ORD104740,2024-08-20,XpressBees,Chennai-Pune,South,Express,1,2,FALSE,TRUE,FALSE,936.77,Customs Hold,1
ORD104741,2024-11-07,DTDC,Bhopal-Indore,Central,Economy,6,6,TRUE,FALSE,FALSE,225.43,None,0
ORD104742,2024-08-26,DTDC,Delhi-Mumbai,North,Economy,7,11,FALSE,TRUE,FALSE,410.63,Address Issue,4
ORD104743,2024-04-25,Ekart,Lucknow-Patna,East,Economy,8,11,FALSE,TRUE,FALSE,285.47,None,3
ORD104744,2024-10-25,XpressBees,Lucknow-Patna,East,Economy,7,12,FALSE,TRUE,FALSE,480.17,None,5
ORD104745,2024-01-23,DTDC,Kochi-Coimbatore,South,Economy,8,9,FALSE,TRUE,FALSE,284.53,Vehicle Breakdown,1
ORD104746,2024-01-13,BlueDart,Bhopal-Indore,Central,Standard,4,4,TRUE,TRUE,TRUE,483.93,None,0
ORD104747,2024-06-27,DTDC,Chennai-Pune,South,Economy,6,7,FALSE,TRUE,FALSE,225.34,Customs Hold,1
ORD104748,2024-08-10,Ekart,Jaipur-Ahmedabad,North,Standard,4,4,TRUE,TRUE,TRUE,474.82,None,0
ORD104749,2024-03-13,BlueDart,Chennai-Pune,South,Standard,3,3,TRUE,TRUE,TRUE,414.37,None,0
ORD104750,2024-12-16,BlueDart,Kolkata-Delhi,North,Express,2,5,FALSE,TRUE,FALSE,1224.35,Vehicle Breakdown,3
ORD104751,2024-10-01,BlueDart,Kolkata-Delhi,North,Economy,6,9,FALSE,TRUE,FALSE,372.22,Weather Delay,3
ORD104752,2024-12-25,XpressBees,Bhopal-Indore,Central,Economy,6,6,TRUE,TRUE,TRUE,253.67,None,0
ORD104753,2024-07-26,BlueDart,Kolkata-Delhi,North,Standard,4,8,FALSE,TRUE,FALSE,553.95,Driver Shortage,4
ORD104754,2024-03-06,BlueDart,Bhopal-Indore,Central,Express,1,2,FALSE,TRUE,FALSE,918.05,Address Issue,1
ORD104755,2024-01-07,Ekart,Mumbai-Chennai,West,Express,2,3,FALSE,TRUE,FALSE,876.09,None,1
ORD104756,2024-06-06,BlueDart,Surat-Nagpur,West,Standard,5,6,FALSE,TRUE,FALSE,443.98,Driver Shortage,1
ORD104757,2024-08-06,Ekart,Mumbai-Chennai,West,Standard,3,3,TRUE,TRUE,TRUE,480.59,None,0
ORD104758,2024-10-02,DTDC,Bhopal-Indore,Central,Standard,3,6,FALSE,TRUE,FALSE,478.19,Customs Hold,3
ORD104759,2024-11-16,DTDC,Kochi-Coimbatore,South,Economy,8,10,FALSE,TRUE,FALSE,268.32,Customs Hold,2
ORD104760,2024-01-09,BlueDart,Lucknow-Patna,East,Express,1,4,FALSE,TRUE,FALSE,1172.03,None,3
ORD104761,2024-02-09,Ekart,Kochi-Coimbatore,South,Economy,8,8,TRUE,TRUE,TRUE,233.02,None,0
ORD104762,2024-04-24,BlueDart,Jaipur-Ahmedabad,North,Economy,8,9,FALSE,TRUE,FALSE,225.77,None,1
ORD104763,2024-11-07,Ekart,Delhi-Mumbai,North,Standard,4,5,FALSE,TRUE,FALSE,667.43,Driver Shortage,1
ORD104764,2024-12-15,Delhivery,Jaipur-Ahmedabad,North,Express,2,2,TRUE,TRUE,TRUE,922.09,None,0
ORD104765,2024-07-28,BlueDart,Kochi-Coimbatore,South,Standard,3,3,TRUE,TRUE,TRUE,467.6,None,0
ORD104766,2024-04-12,BlueDart,Lucknow-Patna,East,Economy,6,7,FALSE,TRUE,FALSE,292.82,None,1
ORD104767,2024-09-24,DTDC,Chennai-Pune,South,Express,2,2,TRUE,TRUE,TRUE,1039.24,None,0
ORD104768,2024-02-18,XpressBees,Surat-Nagpur,West,Economy,8,8,TRUE,TRUE,TRUE,265.24,None,0
ORD104769,2024-11-23,XpressBees,Lucknow-Patna,East,Standard,3,7,FALSE,TRUE,FALSE,723.26,High Volume Surge,4
ORD104770,2024-06-20,Delhivery,Kolkata-Delhi,North,Standard,5,6,FALSE,TRUE,FALSE,614.06,High Volume Surge,1
ORD104771,2024-03-12,XpressBees,Mumbai-Chennai,West,Economy,6,8,FALSE,TRUE,FALSE,258.68,None,2
ORD104772,2024-10-13,XpressBees,Surat-Nagpur,West,Express,1,1,TRUE,TRUE,TRUE,983.77,None,0
ORD104773,2024-05-13,XpressBees,Surat-Nagpur,West,Standard,3,4,FALSE,TRUE,FALSE,498.57,Address Issue,1
ORD104774,2024-06-18,XpressBees,Surat-Nagpur,West,Standard,5,5,TRUE,TRUE,TRUE,559.74,None,0
ORD104775,2024-11-18,XpressBees,Mumbai-Chennai,West,Economy,6,7,FALSE,TRUE,FALSE,249.06,Vehicle Breakdown,1
ORD104776,2024-01-12,Ekart,Bhopal-Indore,Central,Standard,4,5,FALSE,FALSE,FALSE,461.36,Driver Shortage,1
ORD104777,2024-04-25,XpressBees,Jaipur-Ahmedabad,North,Standard,5,6,FALSE,TRUE,FALSE,536.45,Weather Delay,1
ORD104778,2024-06-28,Delhivery,Bhopal-Indore,Central,Express,1,2,FALSE,TRUE,FALSE,849.22,Vehicle Breakdown,1
ORD104779,2024-05-26,Ekart,Kochi-Coimbatore,South,Economy,6,6,TRUE,TRUE,TRUE,213.94,None,0
ORD104780,2024-09-06,DTDC,Bhopal-Indore,Central,Express,2,2,TRUE,TRUE,TRUE,1031.27,None,0
ORD104781,2024-11-30,Ekart,Lucknow-Patna,East,Standard,4,5,FALSE,TRUE,FALSE,682.62,None,1
ORD104782,2024-02-10,Ekart,Mumbai-Chennai,West,Economy,7,7,TRUE,TRUE,TRUE,227.06,None,0
ORD104783,2024-12-29,DTDC,Bangalore-Hyderabad,South,Economy,8,8,TRUE,TRUE,TRUE,278.98,None,0
ORD104784,2024-06-13,BlueDart,Delhi-Mumbai,North,Express,2,4,FALSE,TRUE,FALSE,1215.35,None,2
ORD104785,2024-09-26,DTDC,Lucknow-Patna,East,Standard,3,6,FALSE,TRUE,FALSE,807.27,None,3
ORD104786,2024-06-15,Delhivery,Delhi-Mumbai,North,Express,1,2,FALSE,TRUE,FALSE,1077.2,Customs Hold,1
ORD104787,2024-03-05,Ekart,Bhopal-Indore,Central,Express,1,1,TRUE,TRUE,TRUE,807.81,None,0
ORD104788,2024-07-30,Ekart,Lucknow-Patna,East,Economy,7,8,FALSE,TRUE,FALSE,324.55,Vehicle Breakdown,1
ORD104789,2024-01-04,BlueDart,Delhi-Mumbai,North,Economy,6,8,FALSE,TRUE,FALSE,295.44,Weather Delay,2
ORD104790,2024-11-18,BlueDart,Kolkata-Delhi,North,Express,2,4,FALSE,TRUE,FALSE,1218.71,Customs Hold,2
ORD104791,2024-10-04,Delhivery,Bangalore-Hyderabad,South,Express,1,1,TRUE,TRUE,TRUE,775.44,None,0
ORD104792,2024-11-27,XpressBees,Mumbai-Chennai,West,Economy,8,8,TRUE,TRUE,TRUE,271.35,None,0
ORD104793,2024-01-31,Delhivery,Lucknow-Patna,East,Express,2,4,FALSE,TRUE,FALSE,1237.28,High Volume Surge,2
ORD104794,2024-12-21,BlueDart,Surat-Nagpur,West,Economy,6,7,FALSE,TRUE,FALSE,225.26,None,1
ORD104795,2024-05-01,Ekart,Kochi-Coimbatore,South,Express,2,2,TRUE,TRUE,TRUE,895.71,None,0
ORD104796,2024-11-08,DTDC,Chennai-Pune,South,Express,2,3,FALSE,TRUE,FALSE,946.22,Weather Delay,1
ORD104797,2024-08-21,Delhivery,Bangalore-Hyderabad,South,Express,2,2,TRUE,TRUE,TRUE,850.71,None,0
ORD104798,2024-08-10,DTDC,Bangalore-Hyderabad,South,Economy,6,8,FALSE,TRUE,FALSE,287.59,None,2
ORD104799,2024-05-19,DTDC,Mumbai-Chennai,West,Express,2,4,FALSE,TRUE,FALSE,963.72,Weather Delay,2
ORD104800,2024-01-22,DTDC,Kochi-Coimbatore,South,Economy,6,8,FALSE,FALSE,FALSE,253.55,Driver Shortage,2
ORD104801,2024-02-06,XpressBees,Bangalore-Hyderabad,South,Economy,8,10,FALSE,TRUE,FALSE,303.03,None,2
ORD104802,2024-05-18,DTDC,Bhopal-Indore,Central,Express,2,4,FALSE,TRUE,FALSE,995.51,Customs Hold,2
ORD104803,2024-09-21,Ekart,Kochi-Coimbatore,South,Express,1,1,TRUE,TRUE,TRUE,858.95,None,0
ORD104804,2024-01-12,Ekart,Lucknow-Patna,East,Economy,8,10,FALSE,TRUE,FALSE,374.21,Driver Shortage,2
ORD104805,2024-08-16,XpressBees,Jaipur-Ahmedabad,North,Express,1,4,FALSE,TRUE,FALSE,1021.76,Address Issue,3
ORD104806,2024-12-23,Delhivery,Jaipur-Ahmedabad,North,Economy,8,8,TRUE,TRUE,TRUE,241.76,None,0
ORD104807,2024-12-21,XpressBees,Jaipur-Ahmedabad,North,Economy,6,8,FALSE,TRUE,FALSE,242.26,None,2
ORD104808,2024-11-13,BlueDart,Bhopal-Indore,Central,Express,1,2,FALSE,TRUE,FALSE,811.44,None,1
ORD104809,2024-01-21,XpressBees,Chennai-Pune,South,Economy,6,6,TRUE,TRUE,TRUE,260.89,None,0
ORD104810,2024-05-27,XpressBees,Lucknow-Patna,East,Express,2,7,FALSE,FALSE,FALSE,1687.15,Vehicle Breakdown,5
ORD104811,2024-06-19,XpressBees,Bhopal-Indore,Central,Standard,4,6,FALSE,TRUE,FALSE,524.49,Vehicle Breakdown,2
ORD104812,2024-12-11,Delhivery,Surat-Nagpur,West,Economy,8,8,TRUE,TRUE,TRUE,202.16,None,0
ORD104813,2024-01-08,BlueDart,Delhi-Mumbai,North,Economy,8,10,FALSE,TRUE,FALSE,324.44,High Volume Surge,2
ORD104814,2024-10-15,Delhivery,Chennai-Pune,South,Express,1,1,TRUE,TRUE,TRUE,818.73,None,0
ORD104815,2024-10-11,Ekart,Surat-Nagpur,West,Standard,3,3,TRUE,TRUE,TRUE,479.35,None,0
ORD104816,2024-06-14,DTDC,Bangalore-Hyderabad,South,Standard,4,6,FALSE,TRUE,FALSE,489.07,High Volume Surge,2
ORD104817,2024-08-30,DTDC,Lucknow-Patna,East,Standard,3,8,FALSE,TRUE,FALSE,798.64,High Volume Surge,5
ORD104818,2024-07-26,Delhivery,Mumbai-Chennai,West,Express,1,1,TRUE,TRUE,TRUE,824.9,None,0
ORD104819,2024-03-10,Ekart,Chennai-Pune,South,Express,1,1,TRUE,TRUE,TRUE,851.65,None,0
ORD104820,2024-03-01,Ekart,Kochi-Coimbatore,South,Economy,8,8,TRUE,TRUE,TRUE,198.27,None,0
ORD104821,2024-11-04,Ekart,Chennai-Pune,South,Express,2,3,FALSE,TRUE,FALSE,798.29,None,1
ORD104822,2024-12-01,BlueDart,Jaipur-Ahmedabad,North,Express,1,2,FALSE,TRUE,FALSE,798.63,Address Issue,1
ORD104823,2024-02-22,Ekart,Kochi-Coimbatore,South,Standard,5,5,TRUE,TRUE,TRUE,456.74,None,0
ORD104824,2024-02-14,Delhivery,Kolkata-Delhi,North,Economy,6,8,FALSE,TRUE,FALSE,349.23,Driver Shortage,2
ORD104825,2024-01-27,DTDC,Mumbai-Chennai,West,Express,1,4,FALSE,TRUE,FALSE,1024.34,Customs Hold,3
ORD104826,2024-07-31,DTDC,Chennai-Pune,South,Economy,6,8,FALSE,TRUE,FALSE,287.15,None,2
ORD104827,2024-09-02,Ekart,Kochi-Coimbatore,South,Standard,4,4,TRUE,TRUE,TRUE,432.52,None,0
ORD104828,2024-07-15,DTDC,Lucknow-Patna,East,Economy,8,12,FALSE,FALSE,FALSE,397.38,Customs Hold,4
ORD104829,2024-11-12,Ekart,Chennai-Pune,South,Economy,8,8,TRUE,TRUE,TRUE,206.32,None,0
ORD104830,2024-06-13,Ekart,Lucknow-Patna,East,Express,1,5,FALSE,TRUE,FALSE,1328.94,None,4
ORD104831,2024-11-17,BlueDart,Kolkata-Delhi,North,Express,2,3,FALSE,TRUE,FALSE,1267.66,None,1
ORD104832,2024-08-14,Ekart,Bhopal-Indore,Central,Standard,5,5,TRUE,TRUE,TRUE,492.17,None,0
ORD104833,2024-02-25,DTDC,Lucknow-Patna,East,Standard,4,7,FALSE,TRUE,FALSE,663.52,Vehicle Breakdown,3
ORD104834,2024-05-13,Delhivery,Bhopal-Indore,Central,Standard,5,5,TRUE,TRUE,TRUE,471.29,None,0
ORD104835,2024-04-02,DTDC,Jaipur-Ahmedabad,North,Economy,6,6,TRUE,TRUE,TRUE,248.28,None,0
ORD104836,2024-04-01,Ekart,Chennai-Pune,South,Standard,4,4,TRUE,TRUE,TRUE,473.93,None,0
ORD104837,2024-03-05,Ekart,Surat-Nagpur,West,Express,2,2,TRUE,TRUE,TRUE,813.11,None,0
ORD104838,2024-03-07,XpressBees,Bhopal-Indore,Central,Express,1,2,FALSE,TRUE,FALSE,905.57,Weather Delay,1
ORD104839,2024-07-17,BlueDart,Bhopal-Indore,Central,Express,2,2,TRUE,TRUE,TRUE,910.04,None,0
ORD104840,2024-07-11,Ekart,Kolkata-Delhi,North,Standard,3,4,FALSE,TRUE,FALSE,602.78,Driver Shortage,1
ORD104841,2024-09-10,Delhivery,Kolkata-Delhi,North,Economy,7,9,FALSE,TRUE,FALSE,292.57,Driver Shortage,2
ORD104842,2024-04-26,Delhivery,Delhi-Mumbai,North,Standard,3,4,FALSE,TRUE,FALSE,670.75,Driver Shortage,1
ORD104843,2024-07-06,BlueDart,Jaipur-Ahmedabad,North,Standard,3,3,TRUE,TRUE,TRUE,488.07,None,0
ORD104844,2024-05-05,Ekart,Delhi-Mumbai,North,Economy,8,11,FALSE,TRUE,FALSE,270.52,Vehicle Breakdown,3
ORD104845,2024-06-12,Ekart,Jaipur-Ahmedabad,North,Economy,7,7,TRUE,TRUE,TRUE,209.28,None,0
ORD104846,2024-11-09,Delhivery,Jaipur-Ahmedabad,North,Express,2,2,TRUE,TRUE,TRUE,933.88,None,0
ORD104847,2024-09-16,BlueDart,Delhi-Mumbai,North,Standard,4,7,FALSE,TRUE,FALSE,652.34,None,3
ORD104848,2024-07-02,BlueDart,Surat-Nagpur,West,Standard,4,4,TRUE,TRUE,TRUE,437.94,None,0
ORD104849,2024-10-15,Delhivery,Lucknow-Patna,East,Economy,7,10,FALSE,TRUE,FALSE,281.98,None,3
ORD104850,2024-04-16,Ekart,Surat-Nagpur,West,Economy,7,7,TRUE,FALSE,FALSE,213.19,Driver Shortage,0
ORD104851,2024-07-08,DTDC,Kolkata-Delhi,North,Express,2,7,FALSE,TRUE,FALSE,1401.83,Customs Hold,5
ORD104852,2024-11-09,BlueDart,Delhi-Mumbai,North,Standard,4,5,FALSE,TRUE,FALSE,676.87,High Volume Surge,1
ORD104853,2024-04-03,XpressBees,Delhi-Mumbai,North,Standard,5,10,FALSE,TRUE,FALSE,795.14,None,5
ORD104854,2024-08-07,Ekart,Delhi-Mumbai,North,Express,1,3,FALSE,TRUE,FALSE,1032.76,None,2
ORD104855,2024-03-16,XpressBees,Kochi-Coimbatore,South,Express,1,2,FALSE,TRUE,FALSE,980.91,Address Issue,1
ORD104856,2024-05-18,Delhivery,Delhi-Mumbai,North,Economy,7,8,FALSE,TRUE,FALSE,303.5,Weather Delay,1
ORD104857,2024-05-02,Delhivery,Delhi-Mumbai,North,Economy,7,9,FALSE,TRUE,FALSE,308.98,None,2
ORD104858,2024-03-28,Delhivery,Delhi-Mumbai,North,Express,1,4,FALSE,FALSE,FALSE,1045.89,High Volume Surge,3
ORD104859,2024-09-07,Delhivery,Bhopal-Indore,Central,Standard,5,5,TRUE,TRUE,TRUE,462.66,None,0
ORD104860,2024-06-14,BlueDart,Kochi-Coimbatore,South,Economy,6,6,TRUE,TRUE,TRUE,205.12,None,0
ORD104861,2024-09-06,BlueDart,Lucknow-Patna,East,Economy,7,9,FALSE,TRUE,FALSE,358.57,None,2
ORD104862,2024-11-24,Ekart,Lucknow-Patna,East,Express,2,4,FALSE,TRUE,FALSE,1072.12,Weather Delay,2
ORD104863,2024-09-05,BlueDart,Surat-Nagpur,West,Economy,6,7,FALSE,TRUE,FALSE,238.92,Vehicle Breakdown,1
ORD104864,2024-08-07,BlueDart,Kolkata-Delhi,North,Economy,7,10,FALSE,TRUE,FALSE,271.22,Vehicle Breakdown,3
ORD104865,2024-12-19,DTDC,Bangalore-Hyderabad,South,Express,2,4,FALSE,TRUE,FALSE,1016.14,Vehicle Breakdown,2
ORD104866,2024-03-22,Delhivery,Chennai-Pune,South,Economy,6,6,TRUE,TRUE,TRUE,205.31,None,0
ORD104867,2024-04-10,Delhivery,Bangalore-Hyderabad,South,Express,1,1,TRUE,TRUE,TRUE,898.68,None,0
ORD104868,2024-07-16,Ekart,Bhopal-Indore,Central,Express,1,1,TRUE,TRUE,TRUE,934.05,None,0
ORD104869,2024-05-22,XpressBees,Bangalore-Hyderabad,South,Economy,6,8,FALSE,TRUE,FALSE,252.56,Weather Delay,2
ORD104870,2024-03-20,BlueDart,Chennai-Pune,South,Express,2,2,TRUE,TRUE,TRUE,796.54,None,0
ORD104871,2024-10-17,Ekart,Chennai-Pune,South,Standard,4,4,TRUE,TRUE,TRUE,479.17,None,0
ORD104872,2024-11-25,DTDC,Kolkata-Delhi,North,Economy,6,11,FALSE,FALSE,FALSE,387.52,Vehicle Breakdown,5
ORD104873,2024-04-29,Ekart,Surat-Nagpur,West,Express,2,2,TRUE,TRUE,TRUE,858.98,None,0
ORD104874,2024-05-04,DTDC,Kolkata-Delhi,North,Standard,5,10,FALSE,TRUE,FALSE,828.31,None,5
ORD104875,2024-03-07,DTDC,Delhi-Mumbai,North,Economy,8,12,FALSE,TRUE,FALSE,407.58,Customs Hold,4
ORD104876,2024-10-12,Delhivery,Kolkata-Delhi,North,Economy,8,11,FALSE,FALSE,FALSE,321.6,Weather Delay,3
ORD104877,2024-10-07,DTDC,Lucknow-Patna,East,Standard,5,9,FALSE,TRUE,FALSE,796.43,Address Issue,4
ORD104878,2024-08-22,Ekart,Kolkata-Delhi,North,Economy,7,9,FALSE,TRUE,FALSE,341.7,Vehicle Breakdown,2
ORD104879,2024-02-26,Delhivery,Delhi-Mumbai,North,Standard,3,6,FALSE,TRUE,FALSE,698.48,Weather Delay,3
ORD104880,2024-08-03,Ekart,Delhi-Mumbai,North,Standard,5,7,FALSE,TRUE,FALSE,665.87,Customs Hold,2
ORD104881,2024-10-18,BlueDart,Bhopal-Indore,Central,Economy,8,8,TRUE,TRUE,TRUE,230.51,None,0
ORD104882,2024-04-11,Ekart,Lucknow-Patna,East,Standard,3,4,FALSE,TRUE,FALSE,663.39,Address Issue,1
ORD104883,2024-03-12,BlueDart,Bangalore-Hyderabad,South,Standard,4,4,TRUE,TRUE,TRUE,470.93,None,0
ORD104884,2024-09-01,BlueDart,Lucknow-Patna,East,Standard,3,5,FALSE,TRUE,FALSE,755.52,Vehicle Breakdown,2
ORD104885,2024-02-03,Ekart,Mumbai-Chennai,West,Express,2,2,TRUE,TRUE,TRUE,772.31,None,0
ORD104886,2024-04-05,XpressBees,Jaipur-Ahmedabad,North,Economy,6,8,FALSE,TRUE,FALSE,273.72,Weather Delay,2
ORD104887,2024-10-08,Ekart,Bangalore-Hyderabad,South,Express,2,2,TRUE,TRUE,TRUE,812.89,None,0
ORD104888,2024-01-19,BlueDart,Surat-Nagpur,West,Standard,4,5,FALSE,TRUE,FALSE,419.7,Vehicle Breakdown,1
ORD104889,2024-01-19,BlueDart,Surat-Nagpur,West,Standard,5,5,TRUE,TRUE,TRUE,470.86,None,0
ORD104890,2024-06-01,Delhivery,Mumbai-Chennai,West,Standard,4,4,TRUE,TRUE,TRUE,459.54,None,0
ORD104891,2024-01-14,BlueDart,Bangalore-Hyderabad,South,Express,2,2,TRUE,TRUE,TRUE,875.99,None,0
ORD104892,2024-02-01,Ekart,Chennai-Pune,South,Economy,6,6,TRUE,TRUE,TRUE,232.29,None,0
ORD104893,2024-10-18,Delhivery,Surat-Nagpur,West,Economy,6,6,TRUE,TRUE,TRUE,233.45,None,0
ORD104894,2024-05-15,BlueDart,Bangalore-Hyderabad,South,Standard,5,5,TRUE,FALSE,FALSE,491.19,None,0
ORD104895,2024-02-08,Delhivery,Mumbai-Chennai,West,Express,1,2,FALSE,FALSE,FALSE,909.06,Vehicle Breakdown,1
ORD104896,2024-07-31,Ekart,Delhi-Mumbai,North,Standard,3,4,FALSE,TRUE,FALSE,649.69,Customs Hold,1
ORD104897,2024-06-28,XpressBees,Delhi-Mumbai,North,Standard,4,7,FALSE,FALSE,FALSE,700.77,High Volume Surge,3
ORD104898,2024-04-27,Ekart,Mumbai-Chennai,West,Economy,6,7,FALSE,TRUE,FALSE,228.15,None,1
ORD104899,2024-02-19,XpressBees,Bhopal-Indore,Central,Express,1,2,FALSE,FALSE,FALSE,1074.94,Customs Hold,1
ORD104900,2024-02-23,Delhivery,Chennai-Pune,South,Standard,5,5,TRUE,TRUE,TRUE,408.22,None,0
ORD104901,2024-09-11,Ekart,Lucknow-Patna,East,Express,2,6,FALSE,TRUE,FALSE,1118.49,Weather Delay,4
ORD104902,2024-03-31,XpressBees,Kolkata-Delhi,North,Express,1,3,FALSE,FALSE,FALSE,1714.94,Driver Shortage,2
ORD104903,2024-10-30,BlueDart,Chennai-Pune,South,Economy,8,9,FALSE,TRUE,FALSE,199.52,Driver Shortage,1
ORD104904,2024-12-01,Ekart,Bangalore-Hyderabad,South,Express,1,2,FALSE,FALSE,FALSE,879.27,High Volume Surge,1
ORD104905,2024-10-31,DTDC,Kochi-Coimbatore,South,Express,1,3,FALSE,TRUE,FALSE,1006.12,None,2
ORD104906,2024-12-24,DTDC,Kochi-Coimbatore,South,Express,1,4,FALSE,TRUE,FALSE,1009.38,None,3
ORD104907,2024-05-15,DTDC,Bangalore-Hyderabad,South,Economy,7,8,FALSE,TRUE,FALSE,289.66,Address Issue,1
ORD104908,2024-12-29,Ekart,Kolkata-Delhi,North,Economy,7,8,FALSE,TRUE,FALSE,283.41,None,1
ORD104909,2024-03-10,DTDC,Lucknow-Patna,East,Standard,4,8,FALSE,TRUE,FALSE,692.3,Driver Shortage,4
ORD104910,2024-09-11,Delhivery,Surat-Nagpur,West,Standard,3,3,TRUE,TRUE,TRUE,449.34,None,0
ORD104911,2024-05-08,DTDC,Kochi-Coimbatore,South,Express,2,4,FALSE,TRUE,FALSE,843.84,Vehicle Breakdown,2
ORD104912,2024-06-30,DTDC,Delhi-Mumbai,North,Economy,6,10,FALSE,TRUE,FALSE,411.15,None,4
ORD104913,2024-11-25,DTDC,Surat-Nagpur,West,Express,1,3,FALSE,TRUE,FALSE,1045.02,Customs Hold,2
ORD104914,2024-02-29,BlueDart,Bangalore-Hyderabad,South,Express,2,2,TRUE,TRUE,TRUE,929.42,None,0
ORD104915,2024-01-11,XpressBees,Bangalore-Hyderabad,South,Economy,7,8,FALSE,TRUE,FALSE,240.31,None,1
ORD104916,2024-12-01,Ekart,Bhopal-Indore,Central,Express,1,1,TRUE,TRUE,TRUE,795.69,None,0
ORD104917,2024-10-25,XpressBees,Surat-Nagpur,West,Standard,3,4,FALSE,TRUE,FALSE,573.89,None,1
ORD104918,2024-06-23,Ekart,Kochi-Coimbatore,South,Express,2,3,FALSE,TRUE,FALSE,874.27,Weather Delay,1
ORD104919,2024-01-25,BlueDart,Jaipur-Ahmedabad,North,Economy,8,8,TRUE,TRUE,TRUE,212.95,None,0
ORD104920,2024-07-03,BlueDart,Kochi-Coimbatore,South,Economy,6,6,TRUE,TRUE,TRUE,225.36,None,0
ORD104921,2024-02-04,DTDC,Delhi-Mumbai,North,Economy,6,10,FALSE,TRUE,FALSE,347.05,None,4
ORD104922,2024-12-23,Ekart,Bangalore-Hyderabad,South,Express,2,2,TRUE,TRUE,TRUE,828.21,None,0
ORD104923,2024-06-07,DTDC,Bangalore-Hyderabad,South,Economy,8,10,FALSE,TRUE,FALSE,227.24,Weather Delay,2
ORD104924,2024-08-14,DTDC,Kochi-Coimbatore,South,Express,2,3,FALSE,TRUE,FALSE,1041.14,None,1
ORD104925,2024-01-21,DTDC,Chennai-Pune,South,Economy,6,7,FALSE,TRUE,FALSE,232.18,Driver Shortage,1
ORD104926,2024-08-16,Delhivery,Chennai-Pune,South,Standard,4,4,TRUE,TRUE,TRUE,414.47,None,0
ORD104927,2024-10-13,Delhivery,Jaipur-Ahmedabad,North,Express,2,2,TRUE,TRUE,TRUE,807.12,None,0
ORD104928,2024-08-29,BlueDart,Lucknow-Patna,East,Express,1,3,FALSE,TRUE,FALSE,1232.15,Customs Hold,2
ORD104929,2024-09-09,Delhivery,Jaipur-Ahmedabad,North,Standard,3,3,TRUE,TRUE,TRUE,464.53,None,0
ORD104930,2024-10-06,Delhivery,Chennai-Pune,South,Economy,6,7,FALSE,FALSE,FALSE,202.6,None,1
ORD104931,2024-01-03,BlueDart,Delhi-Mumbai,North,Express,2,5,FALSE,TRUE,FALSE,1077.56,None,3
ORD104932,2024-11-01,Delhivery,Bhopal-Indore,Central,Express,2,2,TRUE,TRUE,TRUE,833.85,None,0
ORD104933,2024-06-30,BlueDart,Kochi-Coimbatore,South,Economy,7,7,TRUE,TRUE,TRUE,220.89,None,0
ORD104934,2024-05-23,XpressBees,Mumbai-Chennai,West,Standard,3,5,FALSE,TRUE,FALSE,510.75,Weather Delay,2
ORD104935,2024-08-26,DTDC,Kolkata-Delhi,North,Standard,5,11,FALSE,TRUE,FALSE,731.92,None,6
ORD104936,2024-01-20,Delhivery,Surat-Nagpur,West,Standard,3,3,TRUE,TRUE,TRUE,475.25,None,0
ORD104937,2024-12-28,XpressBees,Bangalore-Hyderabad,South,Express,1,3,FALSE,TRUE,FALSE,1049.52,Weather Delay,2
ORD104938,2024-12-08,DTDC,Bhopal-Indore,Central,Standard,4,7,FALSE,TRUE,FALSE,587.93,Vehicle Breakdown,3
ORD104939,2024-10-11,XpressBees,Kochi-Coimbatore,South,Standard,4,4,TRUE,TRUE,TRUE,515.06,None,0
ORD104940,2024-04-28,XpressBees,Surat-Nagpur,West,Express,2,3,FALSE,TRUE,FALSE,998.53,Customs Hold,1
ORD104941,2024-07-19,BlueDart,Lucknow-Patna,East,Economy,6,9,FALSE,TRUE,FALSE,315.02,Customs Hold,3
ORD104942,2024-10-30,BlueDart,Kolkata-Delhi,North,Economy,8,9,FALSE,TRUE,FALSE,292.25,None,1
ORD104943,2024-06-11,XpressBees,Bangalore-Hyderabad,South,Economy,7,7,TRUE,TRUE,TRUE,282.56,None,0
ORD104944,2024-07-28,Delhivery,Mumbai-Chennai,West,Express,2,3,FALSE,TRUE,FALSE,765.77,High Volume Surge,1
ORD104945,2024-06-07,BlueDart,Delhi-Mumbai,North,Express,2,4,FALSE,TRUE,FALSE,1264.04,None,2
ORD104946,2024-06-17,Ekart,Bangalore-Hyderabad,South,Standard,4,4,TRUE,TRUE,TRUE,424.67,None,0
ORD104947,2024-01-10,BlueDart,Chennai-Pune,South,Economy,8,8,TRUE,TRUE,TRUE,225.54,None,0
ORD104948,2024-03-02,DTDC,Kolkata-Delhi,North,Economy,7,10,FALSE,TRUE,FALSE,392.13,High Volume Surge,3
ORD104949,2024-04-25,Ekart,Chennai-Pune,South,Economy,8,9,FALSE,TRUE,FALSE,204.05,Address Issue,1
ORD104950,2024-08-26,DTDC,Bangalore-Hyderabad,South,Economy,6,6,TRUE,TRUE,TRUE,249.83,None,0
ORD104951,2024-09-21,BlueDart,Kochi-Coimbatore,South,Economy,6,6,TRUE,TRUE,TRUE,228.63,None,0
ORD104952,2024-04-01,BlueDart,Lucknow-Patna,East,Express,2,3,FALSE,TRUE,FALSE,1281.59,Weather Delay,1
ORD104953,2024-02-25,DTDC,Kochi-Coimbatore,South,Express,2,3,FALSE,TRUE,FALSE,959.93,High Volume Surge,1
ORD104954,2024-01-24,XpressBees,Chennai-Pune,South,Economy,7,7,TRUE,FALSE,FALSE,266.7,Vehicle Breakdown,0
ORD104955,2024-06-13,DTDC,Kolkata-Delhi,North,Standard,5,8,FALSE,TRUE,FALSE,738.88,None,3
ORD104956,2024-07-18,Ekart,Kolkata-Delhi,North,Standard,5,9,FALSE,TRUE,FALSE,658.59,Vehicle Breakdown,4
ORD104957,2024-08-10,Ekart,Mumbai-Chennai,West,Express,2,3,FALSE,TRUE,FALSE,934.17,Weather Delay,1
ORD104958,2024-03-21,Delhivery,Kolkata-Delhi,North,Economy,7,10,FALSE,TRUE,FALSE,328.87,Driver Shortage,3
ORD104959,2024-12-22,Delhivery,Chennai-Pune,South,Standard,4,4,TRUE,TRUE,TRUE,452.47,None,0
ORD104960,2024-07-19,Ekart,Surat-Nagpur,West,Economy,7,8,FALSE,TRUE,FALSE,231.55,None,1
ORD104961,2024-10-28,BlueDart,Delhi-Mumbai,North,Standard,5,7,FALSE,TRUE,FALSE,676.27,None,2
ORD104962,2024-11-03,Ekart,Bangalore-Hyderabad,South,Standard,5,5,TRUE,TRUE,TRUE,465.92,None,0
ORD104963,2024-06-01,Delhivery,Lucknow-Patna,East,Standard,5,7,FALSE,TRUE,FALSE,606.16,None,2
ORD104964,2024-12-03,BlueDart,Surat-Nagpur,West,Standard,4,4,TRUE,TRUE,TRUE,445.65,None,0
ORD104965,2024-04-02,Delhivery,Delhi-Mumbai,North,Economy,8,10,FALSE,TRUE,FALSE,348.46,Address Issue,2
ORD104966,2024-06-23,Delhivery,Kochi-Coimbatore,South,Economy,7,8,FALSE,TRUE,FALSE,205.86,Address Issue,1
ORD104967,2024-07-02,BlueDart,Chennai-Pune,South,Express,2,2,TRUE,TRUE,TRUE,826.41,None,0
ORD104968,2024-12-17,Delhivery,Jaipur-Ahmedabad,North,Standard,5,5,TRUE,TRUE,TRUE,420.26,None,0
ORD104969,2024-11-08,DTDC,Delhi-Mumbai,North,Standard,4,6,FALSE,TRUE,FALSE,769.5,Vehicle Breakdown,2
ORD104970,2024-05-19,BlueDart,Delhi-Mumbai,North,Economy,8,12,FALSE,TRUE,FALSE,338.7,Weather Delay,4
ORD104971,2024-11-28,DTDC,Kolkata-Delhi,North,Economy,7,11,FALSE,FALSE,FALSE,432.63,None,4
ORD104972,2024-03-31,Delhivery,Chennai-Pune,South,Express,1,2,FALSE,TRUE,FALSE,805.81,Address Issue,1
ORD104973,2024-09-25,BlueDart,Chennai-Pune,South,Express,2,2,TRUE,TRUE,TRUE,837.13,None,0
ORD104974,2024-12-02,DTDC,Lucknow-Patna,East,Economy,8,13,FALSE,TRUE,FALSE,388.55,None,5
ORD104975,2024-10-01,XpressBees,Bangalore-Hyderabad,South,Express,2,4,FALSE,FALSE,FALSE,1004.58,None,2
ORD104976,2024-08-30,Ekart,Mumbai-Chennai,West,Standard,3,4,FALSE,TRUE,FALSE,471.65,None,1
ORD104977,2024-02-08,Delhivery,Mumbai-Chennai,West,Economy,8,9,FALSE,TRUE,FALSE,210.84,Vehicle Breakdown,1
ORD104978,2024-12-11,BlueDart,Kochi-Coimbatore,South,Standard,4,5,FALSE,TRUE,FALSE,469.65,Address Issue,1
ORD104979,2024-06-08,DTDC,Lucknow-Patna,East,Economy,8,14,FALSE,TRUE,FALSE,412.15,Vehicle Breakdown,6
ORD104980,2024-10-09,DTDC,Surat-Nagpur,West,Economy,8,8,TRUE,TRUE,TRUE,284.5,None,0
ORD104981,2024-08-21,XpressBees,Lucknow-Patna,East,Express,2,5,FALSE,FALSE,FALSE,1406.05,Address Issue,3
ORD104982,2024-11-01,Ekart,Bhopal-Indore,Central,Economy,6,6,TRUE,TRUE,TRUE,241.85,None,0
ORD104983,2024-08-14,BlueDart,Bhopal-Indore,Central,Express,1,1,TRUE,TRUE,TRUE,802.86,None,0
ORD104984,2024-06-10,Ekart,Kolkata-Delhi,North,Standard,4,5,FALSE,TRUE,FALSE,738.71,Address Issue,1
ORD104985,2024-08-15,Delhivery,Bhopal-Indore,Central,Express,1,1,TRUE,TRUE,TRUE,821.65,None,0
ORD104986,2024-04-17,DTDC,Mumbai-Chennai,West,Express,2,3,FALSE,TRUE,FALSE,1145.44,Weather Delay,1
ORD104987,2024-06-14,XpressBees,Mumbai-Chennai,West,Standard,4,4,TRUE,TRUE,TRUE,536.12,None,0
ORD104988,2024-12-23,Delhivery,Delhi-Mumbai,North,Standard,3,4,FALSE,TRUE,FALSE,549.23,Address Issue,1
ORD104989,2024-12-25,XpressBees,Lucknow-Patna,East,Standard,5,7,FALSE,TRUE,FALSE,855.95,None,2
ORD104990,2024-01-22,BlueDart,Surat-Nagpur,West,Standard,4,4,TRUE,TRUE,TRUE,422.66,None,0
ORD104991,2024-04-08,Ekart,Mumbai-Chennai,West,Express,2,2,TRUE,TRUE,TRUE,901.78,None,0
ORD104992,2024-06-08,XpressBees,Lucknow-Patna,East,Economy,8,13,FALSE,TRUE,FALSE,398.67,Driver Shortage,5
ORD104993,2024-04-08,DTDC,Chennai-Pune,South,Economy,6,7,FALSE,TRUE,FALSE,232.11,Customs Hold,1
ORD104994,2024-10-24,Delhivery,Kochi-Coimbatore,South,Economy,6,7,FALSE,TRUE,FALSE,232.51,None,1
ORD104995,2024-03-30,Delhivery,Chennai-Pune,South,Economy,8,8,TRUE,TRUE,TRUE,201.94,None,0
ORD104996,2024-10-21,XpressBees,Chennai-Pune,South,Standard,3,5,FALSE,FALSE,FALSE,547.35,Weather Delay,2
ORD104997,2024-01-10,Delhivery,Kochi-Coimbatore,South,Economy,7,7,TRUE,TRUE,TRUE,202.15,None,0
ORD104998,2024-11-14,DTDC,Kolkata-Delhi,North,Express,1,6,FALSE,FALSE,FALSE,1823.57,Address Issue,5
ORD104999,2024-02-01,Ekart,Jaipur-Ahmedabad,North,Standard,4,4,TRUE,TRUE,TRUE,493.89,None,0
